time,latitude,longitude,altitude,vn,ve,vd,roll,pitch,yaw
38977.265,33.606983,73.100075,503.200,-0.001,-0.001,-0.002,0.803,-0.287,-0.003
38977.272,33.606983,73.100075,503.200,-0.001,-0.003,-0.005,0.802,-0.288,-0.004
38977.278,33.606983,73.100075,503.200,-0.002,-0.005,-0.008,0.802,-0.288,-0.003
38977.285,33.606983,73.100075,503.200,-0.003,-0.007,-0.012,0.802,-0.287,-0.003
38977.292,33.606983,73.100075,503.200,-0.003,-0.009,-0.015,0.802,-0.288,-0.003
38977.299,33.606983,73.100075,503.200,-0.004,-0.011,-0.018,0.802,-0.288,-0.004
38977.305,33.606983,73.100075,503.200,-0.005,-0.013,-0.021,0.802,-0.289,-0.004
38977.312,33.606983,73.100075,503.201,-0.006,-0.015,-0.025,0.802,-0.287,-0.004
38977.319,33.606983,73.100075,503.201,-0.007,-0.017,-0.028,0.802,-0.287,-0.003
38977.326,33.606983,73.100075,503.201,-0.007,-0.019,-0.032,0.802,-0.287,-0.003
38977.332,33.606983,73.100075,503.201,-0.008,-0.021,-0.035,0.801,-0.287,-0.002
38977.339,33.606983,73.100075,503.201,-0.009,-0.023,-0.038,0.801,-0.287,-0.002
38977.346,33.606983,73.100075,503.202,-0.009,-0.025,-0.041,0.801,-0.287,-0.002
38977.353,33.606983,73.100075,503.202,-0.010,-0.027,-0.044,0.801,-0.288,-0.003
38977.360,33.606983,73.100075,503.202,-0.011,-0.029,-0.048,0.801,-0.287,-0.002
38977.366,33.606983,73.100075,503.203,-0.012,-0.031,-0.051,0.801,-0.287,-0.001
38977.373,33.606983,73.100075,503.203,-0.012,-0.033,-0.054,0.801,-0.287,-0.001
38977.380,33.606983,73.100075,503.203,-0.013,-0.035,-0.058,0.800,-0.286,-0.001
38977.387,33.606983,73.100075,503.204,-0.014,-0.037,-0.061,0.800,-0.287,-0.001
38977.393,33.606983,73.100075,503.204,-0.014,-0.039,-0.064,0.800,-0.287,-0.002
38977.401,33.606983,73.100075,503.205,-0.015,-0.041,-0.067,0.800,-0.287,-0.002
38977.407,33.606983,73.100075,503.205,-0.016,-0.043,-0.071,0.801,-0.287,-0.001
38977.414,33.606983,73.100075,503.206,-0.016,-0.045,-0.074,0.800,-0.287,-0.001
38977.421,33.606983,73.100075,503.206,-0.017,-0.047,-0.077,0.800,-0.287,-0.001
38977.428,33.606983,73.100075,503.207,-0.018,-0.049,-0.080,0.800,-0.287,-0.001
38977.435,33.606983,73.100075,503.207,-0.019,-0.051,-0.083,0.800,-0.287,-0.001
38977.441,33.606983,73.100075,503.208,-0.020,-0.053,-0.087,0.800,-0.287,-0.001
38977.448,33.606983,73.100075,503.208,-0.020,-0.055,-0.090,0.800,-0.287,-0.002
38977.455,33.606983,73.100075,503.209,-0.021,-0.057,-0.093,0.800,-0.288,-0.001
38977.462,33.606983,73.100075,503.210,-0.022,-0.059,-0.096,0.800,-0.288,-0.002
38977.469,33.606983,73.100075,503.210,-0.022,-0.061,-0.100,0.801,-0.288,-0.002
38977.475,33.606983,73.100075,503.211,-0.023,-0.063,-0.103,0.801,-0.288,-0.002
38977.482,33.606983,73.100075,503.212,-0.023,-0.064,-0.106,0.801,-0.288,-0.002
38977.489,33.606983,73.100075,503.212,-0.024,-0.066,-0.110,0.801,-0.288,-0.002
38977.496,33.606983,73.100075,503.213,-0.025,-0.068,-0.113,0.801,-0.288,-0.001
38977.503,33.606983,73.100075,503.214,-0.025,-0.070,-0.117,0.801,-0.288,-0.002
38977.509,33.606983,73.100075,503.215,-0.026,-0.072,-0.120,0.801,-0.289,-0.001
38977.516,33.606983,73.100075,503.216,-0.027,-0.074,-0.124,0.802,-0.289,0.000
38977.523,33.606983,73.100075,503.217,-0.028,-0.076,-0.126,0.803,-0.289,-0.000
38977.530,33.606983,73.100075,503.217,-0.028,-0.078,-0.130,0.803,-0.290,-0.000
38977.537,33.606983,73.100075,503.218,-0.029,-0.080,-0.133,0.802,-0.291,0.000
38977.543,33.606983,73.100075,503.219,-0.030,-0.082,-0.136,0.802,-0.290,0.000
38977.550,33.606983,73.100075,503.220,-0.030,-0.084,-0.139,0.803,-0.290,0.001
38977.557,33.606983,73.100075,503.221,-0.031,-0.086,-0.142,0.802,-0.290,0.000
38977.564,33.606983,73.100075,503.222,-0.031,-0.088,-0.145,0.802,-0.290,0.000
38977.571,33.606983,73.100075,503.223,-0.032,-0.090,-0.149,0.802,-0.290,0.001
38977.577,33.606983,73.100075,503.224,-0.032,-0.092,-0.152,0.803,-0.289,0.000
38977.584,33.606983,73.100075,503.225,-0.033,-0.094,-0.155,0.802,-0.289,0.000
38977.591,33.606983,73.100075,503.226,-0.034,-0.096,-0.159,0.803,-0.289,0.000
38977.598,33.606983,73.100075,503.227,-0.034,-0.098,-0.162,0.803,-0.289,0.001
38977.605,33.606983,73.100075,503.228,-0.035,-0.100,-0.165,0.803,-0.289,0.000
38977.611,33.606983,73.100075,503.230,-0.036,-0.102,-0.168,0.803,-0.289,-0.000
38977.618,33.606983,73.100075,503.231,-0.036,-0.104,-0.172,0.804,-0.288,0.001
38977.625,33.606983,73.100075,503.232,-0.037,-0.106,-0.175,0.804,-0.288,0.001
38977.632,33.606983,73.100075,503.233,-0.038,-0.108,-0.178,0.804,-0.289,0.001
38977.639,33.606983,73.100075,503.234,-0.039,-0.110,-0.181,0.804,-0.289,0.002
38977.645,33.606983,73.100075,503.236,-0.040,-0.112,-0.185,0.804,-0.289,0.002
38977.652,33.606983,73.100075,503.237,-0.040,-0.114,-0.188,0.804,-0.289,0.003
38977.659,33.606983,73.100075,503.238,-0.040,-0.116,-0.191,0.805,-0.290,0.003
38977.666,33.606983,73.100075,503.239,-0.041,-0.118,-0.194,0.805,-0.289,0.003
38977.673,33.606983,73.100075,503.241,-0.042,-0.120,-0.197,0.805,-0.288,0.004
38977.679,33.606983,73.100075,503.242,-0.043,-0.122,-0.201,0.805,-0.289,0.005
38977.686,33.606983,73.100075,503.243,-0.043,-0.123,-0.204,0.805,-0.289,0.005
38977.693,33.606983,73.100075,503.245,-0.044,-0.125,-0.207,0.805,-0.289,0.005
38977.700,33.606983,73.100075,503.246,-0.045,-0.127,-0.210,0.805,-0.289,0.005
38977.707,33.606983,73.100075,503.248,-0.045,-0.129,-0.213,0.805,-0.289,0.006
38977.713,33.606983,73.100075,503.249,-0.046,-0.131,-0.216,0.806,-0.289,0.006
38977.720,33.606983,73.100075,503.251,-0.047,-0.133,-0.220,0.806,-0.288,0.006
38977.727,33.606983,73.100075,503.252,-0.047,-0.135,-0.223,0.806,-0.288,0.006
38977.734,33.606983,73.100075,503.254,-0.048,-0.137,-0.226,0.807,-0.287,0.007
38977.740,33.606983,73.100075,503.255,-0.049,-0.139,-0.230,0.807,-0.287,0.007
38977.747,33.606983,73.100075,503.257,-0.050,-0.141,-0.233,0.807,-0.287,0.007
38977.754,33.606983,73.100075,503.258,-0.050,-0.143,-0.237,0.807,-0.287,0.006
38977.761,33.606983,73.100075,503.260,-0.051,-0.145,-0.240,0.807,-0.287,0.006
38977.768,33.606983,73.100075,503.262,-0.052,-0.147,-0.244,0.807,-0.288,0.006
38977.774,33.606983,73.100075,503.263,-0.053,-0.149,-0.247,0.808,-0.288,0.005
38977.781,33.606983,73.100075,503.265,-0.054,-0.151,-0.250,0.808,-0.288,0.006
38977.788,33.606983,73.100075,503.267,-0.054,-0.153,-0.254,0.808,-0.288,0.004
38977.795,33.606983,73.100075,503.268,-0.055,-0.155,-0.257,0.808,-0.288,0.004
38977.802,33.606983,73.100075,503.270,-0.056,-0.157,-0.260,0.808,-0.288,0.004
38977.808,33.606983,73.100075,503.272,-0.056,-0.159,-0.263,0.808,-0.289,0.004
38977.815,33.606983,73.100075,503.274,-0.056,-0.161,-0.266,0.808,-0.288,0.004
38977.822,33.606983,73.100075,503.276,-0.057,-0.163,-0.269,0.808,-0.288,0.004
38977.829,33.606983,73.100075,503.277,-0.058,-0.164,-0.273,0.809,-0.287,0.004
38977.836,33.606983,73.100075,503.279,-0.059,-0.166,-0.276,0.808,-0.288,0.004
38977.842,33.606983,73.100075,503.281,-0.060,-0.168,-0.280,0.809,-0.288,0.004
38977.849,33.606983,73.100075,503.283,-0.060,-0.170,-0.283,0.809,-0.288,0.005
38977.856,33.606983,73.100075,503.285,-0.061,-0.172,-0.286,0.809,-0.286,0.005
38977.863,33.606983,73.100075,503.287,-0.062,-0.174,-0.289,0.809,-0.287,0.005
38977.870,33.606983,73.100075,503.289,-0.062,-0.175,-0.292,0.809,-0.287,0.005
38977.876,33.606983,73.100075,503.291,-0.063,-0.177,-0.295,0.809,-0.288,0.005
38977.883,33.606983,73.100075,503.293,-0.064,-0.179,-0.299,0.809,-0.287,0.005
38977.890,33.606983,73.100075,503.295,-0.064,-0.181,-0.302,0.809,-0.288,0.006
38977.897,33.606983,73.100075,503.297,-0.065,-0.183,-0.306,0.810,-0.288,0.006
38977.904,33.606983,73.100075,503.299,-0.066,-0.185,-0.309,0.810,-0.289,0.006
38977.910,33.606983,73.100075,503.301,-0.067,-0.187,-0.313,0.811,-0.288,0.007
38977.917,33.606983,73.100075,503.303,-0.067,-0.189,-0.316,0.810,-0.288,0.007
38977.924,33.606983,73.100075,503.306,-0.068,-0.191,-0.319,0.810,-0.288,0.007
38977.931,33.606983,73.100075,503.308,-0.069,-0.193,-0.322,0.811,-0.287,0.007
38977.937,33.606983,73.100075,503.310,-0.070,-0.195,-0.325,0.810,-0.287,0.006
38977.944,33.606983,73.100075,503.312,-0.070,-0.197,-0.328,0.810,-0.287,0.006
38977.951,33.606983,73.100075,503.314,-0.071,-0.199,-0.331,0.809,-0.287,0.007
38977.958,33.606979,73.100075,503.317,-0.072,-0.201,-0.334,0.808,-0.287,0.006
38977.965,33.606979,73.100075,503.319,-0.072,-0.203,-0.337,0.808,-0.286,0.007
38977.971,33.606979,73.100075,503.321,-0.073,-0.205,-0.340,0.809,-0.285,0.007
38977.978,33.606979,73.100075,503.324,-0.074,-0.207,-0.343,0.808,-0.286,0.007
38977.985,33.606979,73.100075,503.326,-0.075,-0.209,-0.347,0.808,-0.286,0.007
38977.992,33.606979,73.100075,503.328,-0.076,-0.211,-0.350,0.807,-0.287,0.007
38977.999,33.606979,73.100075,503.331,-0.076,-0.213,-0.353,0.807,-0.287,0.006
38978.005,33.606979,73.100075,503.333,-0.077,-0.214,-0.357,0.807,-0.287,0.006
38978.012,33.606979,73.100075,503.336,-0.078,-0.217,-0.359,0.806,-0.287,0.005
38978.019,33.606979,73.100075,503.338,-0.078,-0.219,-0.363,0.806,-0.286,0.005
38978.026,33.606979,73.100075,503.340,-0.079,-0.220,-0.366,0.806,-0.285,0.006
38978.032,33.606979,73.100075,503.343,-0.080,-0.222,-0.369,0.806,-0.285,0.006
38978.039,33.606979,73.100075,503.345,-0.081,-0.224,-0.373,0.804,-0.285,0.006
38978.046,33.606979,73.100075,503.348,-0.082,-0.226,-0.376,0.803,-0.285,0.007
38978.053,33.606979,73.100075,503.351,-0.082,-0.228,-0.378,0.801,-0.286,0.007
38978.060,33.606979,73.100075,503.353,-0.083,-0.230,-0.381,0.799,-0.287,0.007
38978.066,33.606979,73.100075,503.356,-0.083,-0.232,-0.385,0.796,-0.289,0.006
38978.073,33.606979,73.100075,503.358,-0.084,-0.234,-0.389,0.796,-0.289,0.006
38978.080,33.606979,73.100075,503.361,-0.085,-0.236,-0.392,0.797,-0.289,0.006
38978.087,33.606979,73.100075,503.364,-0.086,-0.238,-0.396,0.798,-0.290,0.006
38978.094,33.606979,73.100075,503.366,-0.086,-0.240,-0.399,0.798,-0.290,0.006
38978.100,33.606979,73.100075,503.369,-0.087,-0.242,-0.402,0.798,-0.290,0.006
38978.107,33.606979,73.100075,503.372,-0.087,-0.244,-0.405,0.799,-0.290,0.006
38978.114,33.606979,73.100075,503.375,-0.088,-0.246,-0.408,0.800,-0.291,0.006
38978.121,33.606979,73.100075,503.377,-0.088,-0.248,-0.411,0.800,-0.291,0.006
38978.128,33.606979,73.100075,503.380,-0.089,-0.250,-0.414,0.799,-0.290,0.006
38978.135,33.606979,73.100075,503.383,-0.090,-0.252,-0.418,0.798,-0.290,0.007
38978.141,33.606979,73.100075,503.386,-0.091,-0.253,-0.422,0.798,-0.289,0.006
38978.148,33.606979,73.100075,503.389,-0.092,-0.255,-0.424,0.798,-0.289,0.006
38978.155,33.606979,73.100075,503.392,-0.093,-0.257,-0.428,0.797,-0.290,0.006
38978.162,33.606979,73.100075,503.395,-0.094,-0.259,-0.431,0.797,-0.290,0.006
38978.169,33.606979,73.100075,503.398,-0.094,-0.261,-0.435,0.797,-0.291,0.006
38978.175,33.606979,73.100075,503.401,-0.095,-0.264,-0.438,0.798,-0.290,0.006
38978.182,33.606979,73.100075,503.404,-0.096,-0.265,-0.440,0.797,-0.290,0.006
38978.189,33.606979,73.100075,503.407,-0.096,-0.268,-0.444,0.796,-0.290,0.005
38978.196,33.606979,73.100075,503.410,-0.097,-0.270,-0.447,0.795,-0.290,0.006
38978.203,33.606979,73.100075,503.413,-0.098,-0.272,-0.451,0.795,-0.290,0.006
38978.209,33.606979,73.100075,503.416,-0.099,-0.274,-0.454,0.795,-0.290,0.006
38978.216,33.606979,73.100075,503.419,-0.099,-0.275,-0.458,0.795,-0.291,0.006
38978.223,33.606979,73.100075,503.422,-0.100,-0.277,-0.461,0.794,-0.290,0.006
38978.230,33.606979,73.100075,503.425,-0.101,-0.279,-0.464,0.794,-0.290,0.007
38978.237,33.606979,73.100075,503.428,-0.102,-0.281,-0.466,0.793,-0.291,0.006
38978.243,33.606979,73.100075,503.431,-0.102,-0.283,-0.470,0.792,-0.291,0.006
38978.251,33.606979,73.100075,503.435,-0.103,-0.285,-0.475,0.791,-0.291,0.006
38978.273,33.606983,73.100075,503.318,-0.101,-0.280,-0.479,0.746,-0.279,0.007
38978.281,33.606983,73.100075,503.322,-0.102,-0.283,-0.482,0.746,-0.280,0.007
38978.288,33.606983,73.100075,503.326,-0.102,-0.284,-0.486,0.747,-0.280,0.008
38978.296,33.606983,73.100075,503.329,-0.103,-0.287,-0.489,0.747,-0.282,0.008
38978.303,33.606983,73.100075,503.333,-0.103,-0.289,-0.492,0.746,-0.280,0.008
38978.310,33.606983,73.100075,503.336,-0.104,-0.291,-0.495,0.745,-0.282,0.008
38978.318,33.606983,73.100075,503.340,-0.105,-0.293,-0.499,0.745,-0.281,0.008
38978.325,33.606983,73.100075,503.344,-0.106,-0.295,-0.504,0.744,-0.282,0.007
38978.332,33.606983,73.100075,503.348,-0.106,-0.297,-0.506,0.745,-0.281,0.007
38978.340,33.606983,73.100075,503.351,-0.107,-0.299,-0.511,0.745,-0.280,0.006
38978.347,33.606983,73.100075,503.355,-0.108,-0.301,-0.515,0.745,-0.281,0.007
38978.355,33.606983,73.100075,503.359,-0.109,-0.303,-0.519,0.746,-0.280,0.007
38978.362,33.606983,73.100075,503.363,-0.109,-0.305,-0.522,0.746,-0.279,0.007
38978.369,33.606983,73.100075,503.367,-0.110,-0.307,-0.526,0.747,-0.281,0.006
38978.377,33.606983,73.100075,503.370,-0.111,-0.309,-0.529,0.747,-0.280,0.006
38978.384,33.606983,73.100075,503.374,-0.111,-0.311,-0.532,0.746,-0.282,0.005
38978.391,33.606983,73.100075,503.378,-0.112,-0.314,-0.535,0.747,-0.282,0.004
38978.399,33.606983,73.100075,503.382,-0.113,-0.316,-0.539,0.746,-0.282,0.003
38978.406,33.606983,73.100075,503.386,-0.113,-0.318,-0.542,0.746,-0.284,0.004
38978.414,33.606983,73.100075,503.390,-0.114,-0.319,-0.546,0.746,-0.284,0.003
38978.421,33.606983,73.100075,503.394,-0.115,-0.321,-0.549,0.745,-0.285,0.003
38978.428,33.606983,73.100075,503.398,-0.115,-0.324,-0.553,0.746,-0.284,0.004
38978.436,33.606983,73.100075,503.402,-0.116,-0.326,-0.556,0.747,-0.285,0.003
38978.443,33.606983,73.100075,503.407,-0.116,-0.328,-0.559,0.747,-0.285,0.002
38978.450,33.606983,73.100075,503.411,-0.117,-0.330,-0.563,0.747,-0.285,0.003
38978.458,33.606983,73.100075,503.415,-0.118,-0.332,-0.566,0.747,-0.286,0.002
38978.465,33.606983,73.100075,503.419,-0.119,-0.334,-0.570,0.745,-0.287,0.001
38978.473,33.606979,73.100075,503.423,-0.120,-0.336,-0.573,0.745,-0.289,0.001
38978.480,33.606979,73.100075,503.428,-0.120,-0.339,-0.577,0.744,-0.290,0.002
38978.487,33.606979,73.100075,503.432,-0.121,-0.340,-0.581,0.744,-0.289,0.002
38978.495,33.606979,73.100075,503.436,-0.121,-0.342,-0.584,0.744,-0.291,0.002
38978.502,33.606979,73.100075,503.440,-0.122,-0.345,-0.587,0.745,-0.289,0.003
38978.509,33.606979,73.100075,503.445,-0.123,-0.347,-0.590,0.744,-0.289,0.003
38978.517,33.606979,73.100075,503.449,-0.123,-0.349,-0.593,0.744,-0.289,0.003
38978.524,33.606979,73.100075,503.453,-0.124,-0.351,-0.597,0.744,-0.290,0.002
38978.531,33.606979,73.100075,503.458,-0.125,-0.353,-0.600,0.743,-0.290,0.002
38978.539,33.606979,73.100075,503.462,-0.125,-0.355,-0.604,0.744,-0.289,0.001
38978.546,33.606979,73.100075,503.467,-0.126,-0.357,-0.607,0.744,-0.290,0.001
38978.554,33.606979,73.100075,503.471,-0.127,-0.359,-0.611,0.745,-0.290,-0.000
38978.561,33.606979,73.100075,503.476,-0.127,-0.361,-0.614,0.744,-0.291,0.000
38978.568,33.606979,73.100075,503.480,-0.128,-0.363,-0.617,0.743,-0.291,0.000
38978.576,33.606979,73.100075,503.485,-0.129,-0.365,-0.620,0.743,-0.291,-0.000
38978.583,33.606979,73.100075,503.489,-0.129,-0.367,-0.624,0.743,-0.292,-0.001
38978.590,33.606979,73.100075,503.494,-0.130,-0.369,-0.627,0.743,-0.291,-0.001
38978.598,33.606979,73.100075,503.499,-0.131,-0.371,-0.631,0.744,-0.291,-0.000
38978.605,33.606979,73.100075,503.503,-0.132,-0.373,-0.635,0.745,-0.290,-0.001
38978.612,33.606979,73.100075,503.508,-0.133,-0.375,-0.639,0.745,-0.290,-0.000
38978.620,33.606979,73.100075,503.513,-0.134,-0.377,-0.642,0.745,-0.289,-0.001
38978.627,33.606979,73.100075,503.517,-0.134,-0.380,-0.645,0.746,-0.289,-0.001
38978.634,33.606979,73.100075,503.522,-0.135,-0.382,-0.648,0.746,-0.289,-0.001
38978.642,33.606979,73.100075,503.527,-0.136,-0.384,-0.652,0.746,-0.289,-0.000
38978.649,33.606979,73.100075,503.532,-0.137,-0.386,-0.656,0.745,-0.288,-0.000
38978.656,33.606979,73.100075,503.536,-0.138,-0.388,-0.659,0.745,-0.288,-0.002
38978.664,33.606979,73.100075,503.541,-0.138,-0.390,-0.663,0.745,-0.288,-0.001
38978.671,33.606979,73.100075,503.546,-0.139,-0.392,-0.667,0.744,-0.288,-0.001
38978.678,33.606979,73.100075,503.551,-0.140,-0.394,-0.670,0.745,-0.288,-0.001
38978.686,33.606979,73.100075,503.556,-0.140,-0.396,-0.674,0.746,-0.288,-0.002
38978.693,33.606979,73.100075,503.561,-0.141,-0.398,-0.677,0.746,-0.287,-0.002
38978.700,33.606979,73.100075,503.566,-0.142,-0.400,-0.681,0.746,-0.288,-0.002
38978.708,33.606979,73.100075,503.571,-0.143,-0.402,-0.685,0.746,-0.288,-0.001
38978.715,33.606979,73.100075,503.576,-0.144,-0.405,-0.688,0.747,-0.287,-0.001
38978.722,33.606979,73.100075,503.581,-0.144,-0.407,-0.692,0.745,-0.288,-0.001
38978.730,33.606979,73.100075,503.586,-0.145,-0.409,-0.695,0.746,-0.288,-0.002
38978.737,33.606979,73.100075,503.591,-0.145,-0.411,-0.699,0.746,-0.287,-0.001
38978.744,33.606979,73.100075,503.596,-0.146,-0.413,-0.702,0.746,-0.287,-0.002
38978.752,33.606979,73.100075,503.602,-0.147,-0.415,-0.706,0.746,-0.287,-0.002
38978.759,33.606979,73.100075,503.607,-0.148,-0.417,-0.710,0.746,-0.286,-0.001
38978.766,33.606979,73.100075,503.612,-0.148,-0.419,-0.713,0.746,-0.285,-0.002
38978.774,33.606979,73.100075,503.617,-0.149,-0.421,-0.716,0.746,-0.285,-0.001
38978.781,33.606979,73.100075,503.622,-0.150,-0.423,-0.719,0.745,-0.286,-0.001
38978.788,33.606979,73.100075,503.628,-0.150,-0.425,-0.722,0.746,-0.286,-0.001
38978.796,33.606979,73.100067,503.633,-0.151,-0.427,-0.726,0.746,-0.286,-0.001
38978.803,33.606979,73.100067,503.638,-0.152,-0.429,-0.729,0.746,-0.286,-0.002
38978.810,33.606979,73.100067,503.644,-0.153,-0.432,-0.733,0.745,-0.285,-0.002
38978.818,33.606979,73.100067,503.649,-0.154,-0.433,-0.736,0.745,-0.286,-0.003
38978.825,33.606979,73.100067,503.655,-0.155,-0.435,-0.739,0.745,-0.286,-0.003
38978.832,33.606979,73.100067,503.660,-0.156,-0.438,-0.743,0.746,-0.286,-0.004
38978.840,33.606979,73.100067,503.665,-0.157,-0.440,-0.746,0.746,-0.286,-0.004
38978.847,33.606979,73.100067,503.671,-0.157,-0.442,-0.750,0.747,-0.286,-0.003
38978.854,33.606979,73.100067,503.676,-0.158,-0.444,-0.754,0.747,-0.285,-0.004
38978.862,33.606979,73.100067,503.682,-0.159,-0.446,-0.757,0.747,-0.285,-0.004
38978.869,33.606979,73.100067,503.688,-0.160,-0.448,-0.761,0.747,-0.286,-0.005
38978.876,33.606979,73.100067,503.693,-0.160,-0.450,-0.764,0.747,-0.286,-0.004
38978.884,33.606979,73.100067,503.699,-0.161,-0.452,-0.767,0.748,-0.286,-0.005
38978.891,33.606979,73.100067,503.704,-0.162,-0.454,-0.770,0.748,-0.287,-0.005
38978.898,33.606979,73.100067,503.710,-0.163,-0.456,-0.774,0.748,-0.286,-0.005
38978.906,33.606979,73.100067,503.716,-0.163,-0.458,-0.777,0.748,-0.286,-0.006
38978.913,33.606979,73.100067,503.721,-0.164,-0.460,-0.781,0.748,-0.285,-0.006
38978.920,33.606979,73.100067,503.727,-0.165,-0.463,-0.784,0.749,-0.285,-0.006
38978.928,33.606979,73.100067,503.733,-0.166,-0.465,-0.787,0.748,-0.285,-0.006
38978.935,33.606979,73.100067,503.739,-0.166,-0.467,-0.790,0.749,-0.285,-0.006
38978.942,33.606979,73.100067,503.744,-0.167,-0.469,-0.794,0.749,-0.285,-0.006
38978.950,33.606979,73.100067,503.750,-0.168,-0.471,-0.797,0.748,-0.284,-0.006
38978.957,33.606979,73.100067,503.756,-0.168,-0.473,-0.801,0.749,-0.284,-0.006
38978.964,33.606979,73.100067,503.762,-0.169,-0.475,-0.804,0.750,-0.285,-0.007
38978.972,33.606979,73.100067,503.768,-0.170,-0.477,-0.808,0.750,-0.284,-0.007
38978.979,33.606979,73.100067,503.774,-0.171,-0.479,-0.811,0.749,-0.284,-0.006
38978.986,33.606979,73.100067,503.780,-0.171,-0.482,-0.814,0.749,-0.285,-0.006
38978.994,33.606979,73.100067,503.786,-0.172,-0.484,-0.818,0.749,-0.284,-0.006
38979.001,33.606979,73.100067,503.792,-0.173,-0.486,-0.822,0.750,-0.283,-0.006
38979.008,33.606979,73.100067,503.798,-0.174,-0.488,-0.825,0.750,-0.284,-0.006
38979.015,33.606979,73.100067,503.804,-0.174,-0.490,-0.829,0.750,-0.284,-0.006
38979.023,33.606979,73.100067,503.810,-0.175,-0.492,-0.832,0.749,-0.284,-0.006
38979.030,33.606979,73.100067,503.816,-0.175,-0.494,-0.835,0.750,-0.284,-0.005
38979.037,33.606979,73.100067,503.822,-0.176,-0.496,-0.838,0.749,-0.284,-0.005
38979.045,33.606979,73.100067,503.828,-0.177,-0.498,-0.842,0.749,-0.284,-0.006
38979.107,33.606979,73.100067,503.882,-0.182,-0.515,-0.872,0.746,-0.284,-0.002
38979.114,33.606979,73.100067,503.888,-0.183,-0.518,-0.876,0.746,-0.285,-0.003
38979.122,33.606979,73.100067,503.895,-0.183,-0.519,-0.879,0.747,-0.286,-0.003
38979.129,33.606979,73.100067,503.901,-0.184,-0.522,-0.883,0.747,-0.286,-0.004
38979.137,33.606979,73.100067,503.908,-0.185,-0.524,-0.886,0.747,-0.287,-0.005
38979.144,33.606979,73.100067,503.914,-0.185,-0.526,-0.890,0.748,-0.287,-0.005
38979.151,33.606979,73.100067,503.921,-0.186,-0.528,-0.893,0.747,-0.286,-0.004
38979.159,33.606979,73.100067,503.927,-0.187,-0.530,-0.897,0.747,-0.286,-0.004
38979.166,33.606979,73.100067,503.934,-0.187,-0.532,-0.900,0.747,-0.286,-0.004
38979.173,33.606979,73.100067,503.941,-0.188,-0.534,-0.904,0.747,-0.286,-0.002
38979.181,33.606979,73.100067,503.947,-0.189,-0.536,-0.908,0.747,-0.285,-0.002
38979.188,33.606979,73.100067,503.954,-0.190,-0.538,-0.911,0.746,-0.286,-0.001
38979.196,33.606979,73.100067,503.961,-0.190,-0.540,-0.915,0.747,-0.286,-0.002
38979.203,33.606979,73.100067,503.968,-0.191,-0.542,-0.918,0.748,-0.286,-0.002
38979.210,33.606979,73.100067,503.974,-0.191,-0.544,-0.922,0.748,-0.287,-0.003
38979.218,33.606979,73.100067,503.981,-0.192,-0.546,-0.925,0.749,-0.287,-0.001
38979.225,33.606979,73.100067,503.988,-0.193,-0.548,-0.929,0.750,-0.285,-0.001
38979.232,33.606979,73.100067,503.995,-0.193,-0.550,-0.932,0.750,-0.286,-0.000
38979.240,33.606979,73.100067,504.002,-0.194,-0.552,-0.936,0.750,-0.286,0.000
38979.247,33.606979,73.100067,504.009,-0.195,-0.555,-0.940,0.751,-0.286,-0.000
38979.255,33.606979,73.100067,504.016,-0.196,-0.557,-0.943,0.751,-0.286,-0.001
38979.278,33.606979,73.100075,503.682,-0.167,-0.479,-0.934,0.547,-0.212,-0.000
38979.286,33.606979,73.100067,503.689,-0.167,-0.480,-0.937,0.547,-0.212,-0.001
38979.293,33.606979,73.100067,503.696,-0.168,-0.482,-0.941,0.547,-0.211,-0.001
38979.300,33.606979,73.100067,503.703,-0.169,-0.484,-0.945,0.546,-0.210,-0.002
38979.308,33.606979,73.100067,503.710,-0.170,-0.486,-0.948,0.547,-0.210,-0.003
38979.315,33.606979,73.100067,503.717,-0.171,-0.488,-0.951,0.549,-0.209,-0.003
38979.322,33.606979,73.100067,503.724,-0.171,-0.490,-0.954,0.549,-0.209,-0.004
38979.330,33.606979,73.100067,503.731,-0.172,-0.491,-0.958,0.549,-0.210,-0.003
38979.337,33.606979,73.100067,503.738,-0.173,-0.493,-0.961,0.549,-0.210,-0.004
38979.344,33.606979,73.100067,503.745,-0.174,-0.495,-0.964,0.549,-0.210,-0.004
38979.352,33.606979,73.100067,503.752,-0.174,-0.497,-0.967,0.549,-0.210,-0.003
38979.359,33.606979,73.100067,503.759,-0.175,-0.498,-0.971,0.549,-0.209,-0.003
38979.366,33.606979,73.100067,503.766,-0.176,-0.500,-0.975,0.550,-0.210,-0.003
38979.374,33.606979,73.100067,503.773,-0.177,-0.502,-0.978,0.550,-0.209,-0.003
38979.381,33.606979,73.100067,503.781,-0.177,-0.504,-0.982,0.550,-0.209,-0.003
38979.388,33.606979,73.100067,503.788,-0.178,-0.505,-0.985,0.550,-0.210,-0.003
38979.396,33.606979,73.100067,503.795,-0.178,-0.507,-0.989,0.550,-0.210,-0.003
38979.403,33.606979,73.100067,503.802,-0.179,-0.509,-0.992,0.549,-0.210,-0.002
38979.410,33.606979,73.100067,503.810,-0.179,-0.511,-0.996,0.549,-0.210,-0.002
38979.418,33.606979,73.100067,503.817,-0.180,-0.512,-0.999,0.549,-0.210,-0.003
38979.425,33.606979,73.100067,503.824,-0.181,-0.514,-1.003,0.550,-0.209,-0.003
38979.432,33.606979,73.100067,503.832,-0.181,-0.516,-1.006,0.549,-0.209,-0.002
38979.440,33.606979,73.100067,503.839,-0.182,-0.517,-1.010,0.549,-0.209,-0.004
38979.447,33.606979,73.100067,503.847,-0.183,-0.519,-1.013,0.548,-0.209,-0.004
38979.454,33.606979,73.100067,503.854,-0.183,-0.521,-1.016,0.548,-0.209,-0.003
38979.462,33.606979,73.100067,503.862,-0.183,-0.523,-1.020,0.547,-0.209,-0.003
38979.469,33.606979,73.100067,503.869,-0.184,-0.525,-1.024,0.547,-0.209,-0.004
38979.476,33.606979,73.100067,503.876,-0.185,-0.527,-1.028,0.547,-0.209,-0.003
38979.484,33.606979,73.100067,503.884,-0.185,-0.528,-1.031,0.547,-0.209,-0.003
38979.491,33.606979,73.100067,503.892,-0.186,-0.530,-1.035,0.546,-0.209,-0.003
38979.498,33.606979,73.100067,503.899,-0.187,-0.532,-1.038,0.546,-0.209,-0.004
38979.506,33.606979,73.100067,503.907,-0.187,-0.534,-1.042,0.547,-0.210,-0.004
38979.513,33.606979,73.100067,503.915,-0.188,-0.536,-1.045,0.546,-0.211,-0.004
38979.520,33.606979,73.100067,503.922,-0.188,-0.537,-1.049,0.547,-0.211,-0.005
38979.528,33.606979,73.100067,503.930,-0.189,-0.539,-1.053,0.547,-0.210,-0.004
38979.535,33.606979,73.100067,503.938,-0.189,-0.540,-1.056,0.547,-0.212,-0.004
38979.543,33.606979,73.100067,503.946,-0.190,-0.542,-1.060,0.547,-0.212,-0.003
38979.550,33.606979,73.100067,503.953,-0.191,-0.544,-1.063,0.547,-0.212,-0.003
38979.557,33.606979,73.100067,503.961,-0.192,-0.546,-1.067,0.548,-0.211,-0.004
38979.565,33.606979,73.100067,503.969,-0.192,-0.548,-1.070,0.548,-0.211,-0.004
38979.572,33.606979,73.100067,503.977,-0.193,-0.550,-1.074,0.547,-0.211,-0.004
38979.579,33.606979,73.100067,503.985,-0.194,-0.551,-1.077,0.547,-0.210,-0.004
38979.586,33.606979,73.100067,503.993,-0.194,-0.553,-1.081,0.547,-0.211,-0.004
38979.594,33.606979,73.100067,504.001,-0.195,-0.555,-1.084,0.547,-0.209,-0.004
38979.601,33.606979,73.100067,504.009,-0.195,-0.556,-1.087,0.549,-0.210,-0.003
38979.609,33.606979,73.100067,504.017,-0.195,-0.558,-1.090,0.549,-0.208,-0.004
38979.616,33.606979,73.100067,504.025,-0.196,-0.560,-1.094,0.549,-0.209,-0.004
38979.623,33.606979,73.100067,504.033,-0.197,-0.561,-1.098,0.549,-0.209,-0.005
38979.630,33.606979,73.100067,504.041,-0.197,-0.563,-1.102,0.549,-0.208,-0.004
38979.638,33.606979,73.100067,504.049,-0.198,-0.565,-1.105,0.550,-0.208,-0.004
38979.645,33.606979,73.100067,504.057,-0.199,-0.567,-1.108,0.550,-0.208,-0.005
38979.652,33.606979,73.100067,504.065,-0.199,-0.569,-1.112,0.550,-0.208,-0.005
38979.660,33.606979,73.100067,504.073,-0.200,-0.571,-1.115,0.550,-0.209,-0.005
38979.667,33.606979,73.100067,504.081,-0.201,-0.572,-1.118,0.550,-0.210,-0.004
38979.675,33.606979,73.100067,504.090,-0.202,-0.574,-1.122,0.550,-0.210,-0.004
38979.682,33.606979,73.100067,504.098,-0.202,-0.576,-1.126,0.550,-0.210,-0.004
38979.689,33.606979,73.100067,504.106,-0.203,-0.578,-1.129,0.549,-0.209,-0.005
38979.696,33.606979,73.100067,504.114,-0.203,-0.580,-1.132,0.549,-0.210,-0.005
38979.704,33.606979,73.100067,504.123,-0.204,-0.582,-1.136,0.550,-0.209,-0.005
38979.711,33.606979,73.100067,504.131,-0.204,-0.584,-1.139,0.550,-0.210,-0.005
38979.719,33.606979,73.100067,504.139,-0.205,-0.585,-1.142,0.549,-0.210,-0.006
38979.726,33.606979,73.100067,504.148,-0.205,-0.587,-1.146,0.548,-0.211,-0.007
38979.733,33.606979,73.100067,504.156,-0.206,-0.589,-1.149,0.548,-0.211,-0.007
38979.740,33.606979,73.100067,504.165,-0.206,-0.590,-1.153,0.548,-0.211,-0.006
38979.748,33.606979,73.100067,504.173,-0.207,-0.592,-1.156,0.547,-0.210,-0.005
38979.755,33.606979,73.100067,504.182,-0.207,-0.594,-1.160,0.548,-0.210,-0.005
38979.763,33.606979,73.100067,504.190,-0.208,-0.596,-1.163,0.548,-0.210,-0.005
38979.770,33.606979,73.100067,504.199,-0.209,-0.597,-1.166,0.548,-0.210,-0.004
38979.777,33.606979,73.100067,504.207,-0.209,-0.599,-1.170,0.549,-0.210,-0.005
38979.785,33.606979,73.100067,504.216,-0.210,-0.601,-1.173,0.548,-0.210,-0.005
38979.792,33.606979,73.100067,504.224,-0.211,-0.602,-1.176,0.548,-0.210,-0.005
38979.799,33.606979,73.100067,504.233,-0.211,-0.604,-1.180,0.549,-0.210,-0.005
38979.806,33.606979,73.100067,504.242,-0.212,-0.606,-1.182,0.547,-0.211,-0.005
38979.814,33.606979,73.100067,504.250,-0.212,-0.608,-1.186,0.548,-0.211,-0.004
38979.821,33.606979,73.100067,504.259,-0.213,-0.610,-1.189,0.548,-0.211,-0.005
38979.829,33.606979,73.100067,504.268,-0.213,-0.611,-1.193,0.548,-0.211,-0.005
38979.836,33.606979,73.100067,504.277,-0.214,-0.613,-1.197,0.548,-0.211,-0.005
38979.843,33.606979,73.100067,504.285,-0.215,-0.615,-1.200,0.548,-0.210,-0.005
38979.851,33.606979,73.100067,504.294,-0.215,-0.617,-1.203,0.547,-0.210,-0.005
38979.858,33.606979,73.100067,504.303,-0.216,-0.618,-1.206,0.547,-0.210,-0.004
38979.865,33.606979,73.100067,504.312,-0.216,-0.621,-1.210,0.547,-0.210,-0.003
38979.873,33.606979,73.100067,504.321,-0.217,-0.622,-1.213,0.547,-0.210,-0.004
38979.880,33.606979,73.100067,504.330,-0.217,-0.624,-1.217,0.547,-0.209,-0.004
38979.887,33.606979,73.100067,504.339,-0.218,-0.626,-1.221,0.547,-0.210,-0.005
38979.895,33.606979,73.100067,504.348,-0.219,-0.628,-1.224,0.546,-0.209,-0.005
38979.902,33.606979,73.100067,504.357,-0.219,-0.630,-1.227,0.545,-0.209,-0.004
38979.909,33.606979,73.100067,504.366,-0.220,-0.632,-1.231,0.546,-0.209,-0.005
38979.917,33.606979,73.100067,504.375,-0.220,-0.633,-1.234,0.547,-0.209,-0.005
38979.924,33.606979,73.100067,504.384,-0.221,-0.635,-1.238,0.547,-0.208,-0.005
38979.931,33.606979,73.100067,504.393,-0.221,-0.637,-1.241,0.547,-0.208,-0.004
38979.938,33.606979,73.100067,504.402,-0.222,-0.638,-1.244,0.547,-0.207,-0.004
38979.946,33.606979,73.100067,504.411,-0.222,-0.640,-1.248,0.547,-0.208,-0.005
38979.953,33.606979,73.100067,504.420,-0.223,-0.642,-1.251,0.546,-0.208,-0.006
38979.961,33.606979,73.100067,504.429,-0.223,-0.644,-1.255,0.546,-0.207,-0.005
38979.968,33.606979,73.100067,504.439,-0.224,-0.646,-1.258,0.546,-0.207,-0.005
38979.975,33.606979,73.100067,504.448,-0.225,-0.647,-1.261,0.546,-0.207,-0.005
38979.983,33.606979,73.100067,504.457,-0.225,-0.649,-1.264,0.547,-0.207,-0.007
38979.990,33.606979,73.100067,504.466,-0.226,-0.650,-1.268,0.547,-0.207,-0.006
38979.997,33.606979,73.100067,504.476,-0.226,-0.652,-1.271,0.547,-0.207,-0.006
38980.005,33.606979,73.100067,504.485,-0.227,-0.654,-1.275,0.547,-0.208,-0.006
38980.012,33.606979,73.100067,504.495,-0.228,-0.656,-1.278,0.548,-0.208,-0.006
38980.019,33.606979,73.100067,504.504,-0.228,-0.658,-1.281,0.548,-0.208,-0.006
38980.026,33.606979,73.100067,504.513,-0.229,-0.659,-1.285,0.548,-0.207,-0.004
38980.034,33.606979,73.100067,504.523,-0.229,-0.661,-1.288,0.548,-0.207,-0.004
38980.041,33.606979,73.100067,504.532,-0.230,-0.663,-1.292,0.548,-0.206,-0.004
38980.048,33.606979,73.100067,504.542,-0.230,-0.665,-1.295,0.547,-0.207,-0.004
38980.056,33.606979,73.100067,504.551,-0.231,-0.666,-1.298,0.547,-0.207,-0.004
38980.063,33.606979,73.100067,504.561,-0.232,-0.668,-1.302,0.548,-0.206,-0.004
38980.071,33.606979,73.100067,504.570,-0.233,-0.670,-1.305,0.547,-0.205,-0.004
38980.078,33.606979,73.100067,504.580,-0.233,-0.671,-1.309,0.547,-0.205,-0.005
38980.085,33.606979,73.100067,504.590,-0.234,-0.673,-1.313,0.546,-0.205,-0.005
38980.093,33.606979,73.100067,504.599,-0.235,-0.675,-1.316,0.546,-0.205,-0.004
38980.100,33.606979,73.100067,504.609,-0.235,-0.676,-1.319,0.546,-0.205,-0.005
38980.107,33.606979,73.100067,504.618,-0.236,-0.678,-1.323,0.546,-0.206,-0.005
38980.115,33.606979,73.100067,504.628,-0.237,-0.680,-1.326,0.546,-0.205,-0.006
38980.122,33.606979,73.100067,504.638,-0.237,-0.682,-1.329,0.546,-0.204,-0.007
38980.129,33.606979,73.100067,504.648,-0.238,-0.683,-1.333,0.546,-0.205,-0.007
38980.137,33.606979,73.100067,504.658,-0.239,-0.685,-1.336,0.546,-0.205,-0.007
38980.144,33.606979,73.100067,504.668,-0.239,-0.687,-1.339,0.545,-0.204,-0.007
38980.151,33.606979,73.100067,504.677,-0.240,-0.688,-1.343,0.546,-0.204,-0.007
38980.159,33.606979,73.100067,504.687,-0.241,-0.690,-1.346,0.546,-0.205,-0.008
38980.166,33.606979,73.100067,504.697,-0.242,-0.692,-1.349,0.547,-0.205,-0.008
38980.173,33.606979,73.100067,504.707,-0.242,-0.694,-1.353,0.547,-0.205,-0.008
38980.181,33.606979,73.100067,504.717,-0.243,-0.695,-1.357,0.548,-0.205,-0.007
38980.188,33.606979,73.100067,504.727,-0.244,-0.697,-1.360,0.548,-0.205,-0.006
38980.196,33.606979,73.100067,504.737,-0.244,-0.698,-1.364,0.550,-0.204,-0.006
38980.203,33.606979,73.100067,504.747,-0.245,-0.700,-1.367,0.549,-0.204,-0.006
38980.210,33.606979,73.100067,504.757,-0.245,-0.702,-1.370,0.549,-0.205,-0.006
38980.218,33.606979,73.100067,504.767,-0.246,-0.704,-1.373,0.550,-0.205,-0.005
38980.225,33.606979,73.100067,504.777,-0.247,-0.705,-1.377,0.550,-0.205,-0.004
38980.232,33.606979,73.100067,504.788,-0.247,-0.707,-1.380,0.551,-0.205,-0.005
38980.240,33.606979,73.100067,504.798,-0.248,-0.708,-1.383,0.551,-0.205,-0.006
38980.247,33.606979,73.100067,504.808,-0.248,-0.710,-1.387,0.551,-0.205,-0.006
38980.254,33.606979,73.100067,504.818,-0.249,-0.712,-1.391,0.552,-0.205,-0.006
38980.262,33.606979,73.100067,504.829,-0.249,-0.714,-1.394,0.551,-0.205,-0.007
38980.285,33.606979,73.100067,504.325,-0.174,-0.497,-1.362,0.182,-0.078,-0.003
38980.293,33.606979,73.100067,504.335,-0.174,-0.498,-1.364,0.183,-0.078,-0.002
38980.300,33.606979,73.100067,504.345,-0.175,-0.499,-1.368,0.183,-0.076,-0.002
38980.308,33.606979,73.100067,504.355,-0.176,-0.501,-1.371,0.183,-0.076,-0.002
38980.315,33.606979,73.100067,504.365,-0.176,-0.502,-1.375,0.182,-0.076,-0.002
38980.322,33.606979,73.100067,504.375,-0.176,-0.503,-1.378,0.182,-0.076,-0.002
38980.330,33.606979,73.100067,504.385,-0.177,-0.504,-1.381,0.182,-0.076,-0.002
38980.337,33.606979,73.100067,504.396,-0.177,-0.505,-1.384,0.182,-0.076,-0.003
38980.344,33.606979,73.100067,504.406,-0.178,-0.507,-1.388,0.182,-0.077,-0.003
38980.352,33.606979,73.100067,504.416,-0.179,-0.508,-1.392,0.183,-0.077,-0.003
38980.359,33.606979,73.100067,504.426,-0.179,-0.509,-1.395,0.183,-0.076,-0.003
38980.366,33.606979,73.100067,504.436,-0.180,-0.511,-1.398,0.183,-0.077,-0.003
38980.374,33.606979,73.100067,504.447,-0.180,-0.512,-1.401,0.183,-0.077,-0.002
38980.381,33.606979,73.100067,504.457,-0.181,-0.514,-1.404,0.183,-0.078,-0.002
38980.388,33.606979,73.100067,504.467,-0.181,-0.515,-1.407,0.182,-0.077,-0.002
38980.396,33.606979,73.100067,504.478,-0.181,-0.516,-1.411,0.182,-0.077,-0.001
38980.403,33.606979,73.100067,504.488,-0.182,-0.517,-1.414,0.182,-0.077,-0.001
38980.410,33.606979,73.100067,504.498,-0.182,-0.518,-1.418,0.182,-0.076,0.000
38980.418,33.606979,73.100067,504.509,-0.182,-0.520,-1.421,0.182,-0.076,0.001
38980.425,33.606979,73.100067,504.519,-0.183,-0.521,-1.425,0.181,-0.075,0.001
38980.432,33.606979,73.100067,504.530,-0.183,-0.522,-1.428,0.181,-0.075,0.000
38980.440,33.606979,73.100067,504.540,-0.184,-0.523,-1.431,0.182,-0.074,0.000
38980.447,33.606979,73.100067,504.551,-0.184,-0.525,-1.434,0.182,-0.074,0.000
38980.454,33.606979,73.100067,504.561,-0.184,-0.526,-1.438,0.181,-0.074,0.001
38980.462,33.606979,73.100067,504.572,-0.184,-0.527,-1.441,0.181,-0.074,0.001
38980.469,33.606979,73.100067,504.582,-0.185,-0.529,-1.445,0.180,-0.074,0.001
38980.476,33.606979,73.100067,504.593,-0.185,-0.530,-1.448,0.180,-0.074,0.000
38980.484,33.606979,73.100067,504.603,-0.186,-0.531,-1.451,0.181,-0.074,0.000
38980.491,33.606979,73.100067,504.614,-0.186,-0.532,-1.454,0.181,-0.074,0.001
38980.498,33.606979,73.100067,504.625,-0.187,-0.533,-1.458,0.181,-0.074,0.001
38980.506,33.606979,73.100067,504.636,-0.187,-0.534,-1.462,0.181,-0.074,0.001
38980.513,33.606979,73.100067,504.646,-0.187,-0.535,-1.465,0.181,-0.074,-0.001
38980.520,33.606979,73.100067,504.657,-0.188,-0.537,-1.468,0.181,-0.075,-0.000
38980.528,33.606979,73.100067,504.668,-0.188,-0.538,-1.471,0.181,-0.075,-0.000
38980.535,33.606979,73.100067,504.679,-0.188,-0.539,-1.474,0.181,-0.075,0.001
38980.543,33.606979,73.100067,504.690,-0.189,-0.540,-1.478,0.180,-0.075,-0.000
38980.550,33.606979,73.100067,504.701,-0.189,-0.541,-1.481,0.179,-0.075,-0.000
38980.557,33.606979,73.100067,504.712,-0.189,-0.543,-1.485,0.180,-0.075,-0.000
38980.565,33.606979,73.100067,504.722,-0.190,-0.544,-1.488,0.180,-0.074,0.000
38980.572,33.606979,73.100067,504.733,-0.190,-0.545,-1.492,0.180,-0.074,0.000
38980.579,33.606979,73.100067,504.744,-0.190,-0.546,-1.495,0.180,-0.074,0.000
38980.587,33.606979,73.100067,504.755,-0.191,-0.547,-1.498,0.180,-0.074,0.000
38980.594,33.606979,73.100067,504.766,-0.192,-0.549,-1.502,0.180,-0.074,-0.000
38980.601,33.606979,73.100067,504.777,-0.192,-0.550,-1.505,0.180,-0.075,-0.000
38980.609,33.606979,73.100067,504.788,-0.192,-0.551,-1.509,0.180,-0.075,-0.000
38980.616,33.606979,73.100067,504.799,-0.192,-0.552,-1.512,0.180,-0.075,-0.000
38980.623,33.606979,73.100067,504.810,-0.193,-0.554,-1.514,0.179,-0.075,-0.000
38980.630,33.606979,73.100067,504.821,-0.193,-0.555,-1.518,0.179,-0.075,-0.001
38980.638,33.606979,73.100067,504.833,-0.194,-0.557,-1.522,0.179,-0.075,-0.001
38980.645,33.606979,73.100067,504.844,-0.194,-0.558,-1.525,0.178,-0.075,-0.000
38980.652,33.606979,73.100067,504.855,-0.195,-0.559,-1.528,0.179,-0.075,0.000
38980.660,33.606979,73.100067,504.866,-0.195,-0.560,-1.531,0.179,-0.075,0.001
38980.667,33.606979,73.100067,504.878,-0.195,-0.562,-1.534,0.179,-0.075,0.000
38980.675,33.606979,73.100067,504.889,-0.196,-0.564,-1.537,0.179,-0.075,0.001
38980.682,33.606979,73.100067,504.900,-0.196,-0.565,-1.541,0.178,-0.075,0.000
38980.689,33.606979,73.100067,504.911,-0.197,-0.566,-1.544,0.178,-0.075,0.001
38980.696,33.606979,73.100067,504.923,-0.197,-0.567,-1.548,0.178,-0.076,0.001
38980.704,33.606979,73.100067,504.934,-0.198,-0.568,-1.553,0.177,-0.076,-0.000
38980.711,33.606979,73.100067,504.946,-0.198,-0.569,-1.557,0.176,-0.076,-0.001
38980.719,33.606979,73.100067,504.957,-0.198,-0.571,-1.560,0.176,-0.076,-0.002
38980.726,33.606979,73.100067,504.968,-0.198,-0.572,-1.564,0.177,-0.076,-0.002
38980.733,33.606979,73.100067,504.980,-0.199,-0.573,-1.566,0.178,-0.076,-0.002
38980.740,33.606979,73.100067,504.991,-0.199,-0.574,-1.570,0.178,-0.074,-0.002
38980.748,33.606979,73.100067,505.003,-0.200,-0.575,-1.573,0.177,-0.075,-0.002
38980.755,33.606979,73.100067,505.015,-0.200,-0.577,-1.576,0.177,-0.074,-0.002
38980.763,33.606979,73.100067,505.026,-0.201,-0.578,-1.580,0.178,-0.075,-0.002
38980.770,33.606979,73.100067,505.038,-0.201,-0.579,-1.583,0.178,-0.075,-0.002
38980.777,33.606979,73.100067,505.049,-0.201,-0.581,-1.586,0.179,-0.076,-0.002
38980.785,33.606979,73.100067,505.061,-0.202,-0.582,-1.589,0.179,-0.077,-0.002
38980.792,33.606979,73.100067,505.073,-0.202,-0.583,-1.593,0.178,-0.077,-0.002
38980.799,33.606979,73.100067,505.084,-0.203,-0.584,-1.596,0.178,-0.079,-0.002
38980.806,33.606979,73.100067,505.096,-0.203,-0.585,-1.600,0.178,-0.079,-0.002
38980.814,33.606979,73.100067,505.108,-0.203,-0.587,-1.603,0.177,-0.079,-0.003
38980.821,33.606979,73.100067,505.119,-0.203,-0.588,-1.606,0.176,-0.079,-0.002
38980.829,33.606979,73.100067,505.131,-0.204,-0.589,-1.610,0.176,-0.080,-0.002
38980.836,33.606979,73.100067,505.143,-0.204,-0.590,-1.613,0.176,-0.080,-0.003
38980.843,33.606979,73.100067,505.155,-0.205,-0.591,-1.616,0.177,-0.079,-0.002
38980.851,33.606979,73.100067,505.167,-0.205,-0.593,-1.620,0.177,-0.079,-0.003
38980.858,33.606979,73.100067,505.179,-0.205,-0.594,-1.623,0.176,-0.080,-0.003
38980.865,33.606979,73.100067,505.191,-0.206,-0.595,-1.627,0.176,-0.080,-0.003
38980.872,33.606979,73.100067,505.202,-0.206,-0.596,-1.630,0.177,-0.079,-0.003
38980.880,33.606979,73.100067,505.215,-0.207,-0.597,-1.634,0.177,-0.079,-0.003
38980.887,33.606979,73.100067,505.226,-0.207,-0.599,-1.637,0.178,-0.079,-0.002
38980.895,33.606979,73.100067,505.239,-0.207,-0.600,-1.641,0.178,-0.079,-0.002
38980.902,33.606979,73.100067,505.251,-0.208,-0.601,-1.644,0.178,-0.078,-0.002
38980.909,33.606979,73.100067,505.263,-0.208,-0.602,-1.647,0.178,-0.078,-0.002
38980.916,33.606979,73.100067,505.275,-0.209,-0.604,-1.650,0.177,-0.078,-0.002
38980.924,33.606979,73.100067,505.287,-0.210,-0.605,-1.653,0.177,-0.078,-0.002
38980.931,33.606979,73.100067,505.299,-0.210,-0.606,-1.656,0.177,-0.078,-0.003
38980.938,33.606979,73.100067,505.311,-0.211,-0.608,-1.660,0.177,-0.078,-0.003
38980.946,33.606979,73.100067,505.323,-0.211,-0.609,-1.663,0.178,-0.077,-0.003
38980.953,33.606979,73.100067,505.335,-0.212,-0.610,-1.667,0.178,-0.077,-0.003
38980.961,33.606979,73.100067,505.348,-0.212,-0.611,-1.670,0.178,-0.078,-0.003
38980.968,33.606979,73.100067,505.360,-0.213,-0.613,-1.673,0.178,-0.077,-0.003
38980.975,33.606979,73.100067,505.372,-0.213,-0.614,-1.676,0.178,-0.077,-0.002
38980.983,33.606979,73.100067,505.385,-0.213,-0.615,-1.679,0.178,-0.077,-0.002
38980.990,33.606979,73.100067,505.397,-0.214,-0.617,-1.682,0.178,-0.076,-0.002
38980.997,33.606979,73.100067,505.409,-0.214,-0.618,-1.686,0.178,-0.075,-0.001
38981.005,33.606979,73.100067,505.422,-0.215,-0.619,-1.689,0.178,-0.074,-0.001
38981.012,33.606979,73.100067,505.434,-0.215,-0.620,-1.692,0.178,-0.074,-0.002
38981.019,33.606979,73.100067,505.447,-0.216,-0.621,-1.696,0.178,-0.074,-0.002
38981.027,33.606979,73.100067,505.459,-0.216,-0.623,-1.699,0.179,-0.075,-0.003
38981.034,33.606979,73.100067,505.471,-0.216,-0.624,-1.702,0.179,-0.075,-0.003
38981.041,33.606979,73.100067,505.484,-0.217,-0.625,-1.706,0.180,-0.075,-0.003
38981.049,33.606979,73.100067,505.496,-0.218,-0.626,-1.709,0.180,-0.075,-0.004
38981.056,33.606979,73.100067,505.509,-0.218,-0.628,-1.712,0.179,-0.075,-0.003
38981.118,33.606979,73.100067,505.616,-0.221,-0.639,-1.742,0.179,-0.077,-0.004
38981.125,33.606979,73.100067,505.629,-0.221,-0.640,-1.745,0.179,-0.077,-0.004
38981.132,33.606979,73.100067,505.642,-0.222,-0.641,-1.749,0.178,-0.077,-0.004
38981.140,33.606979,73.100067,505.655,-0.222,-0.642,-1.752,0.178,-0.078,-0.005
38981.147,33.606979,73.100067,505.668,-0.223,-0.644,-1.756,0.178,-0.077,-0.005
38981.155,33.606979,73.100067,505.681,-0.223,-0.645,-1.759,0.178,-0.077,-0.005
38981.162,33.606979,73.100067,505.694,-0.223,-0.646,-1.762,0.177,-0.077,-0.005
38981.170,33.606979,73.100067,505.707,-0.224,-0.648,-1.766,0.178,-0.077,-0.005
38981.177,33.606979,73.100067,505.720,-0.224,-0.649,-1.769,0.178,-0.078,-0.004
38981.184,33.606979,73.100067,505.733,-0.224,-0.650,-1.773,0.178,-0.078,-0.004
38981.192,33.606979,73.100067,505.746,-0.225,-0.651,-1.776,0.178,-0.078,-0.004
38981.199,33.606979,73.100067,505.759,-0.226,-0.652,-1.779,0.178,-0.078,-0.004
38981.206,33.606979,73.100060,505.772,-0.226,-0.654,-1.783,0.178,-0.077,-0.003
38981.214,33.606979,73.100060,505.785,-0.227,-0.655,-1.786,0.178,-0.077,-0.003
38981.221,33.606979,73.100060,505.798,-0.227,-0.656,-1.789,0.178,-0.078,-0.002
38981.228,33.606979,73.100060,505.811,-0.227,-0.657,-1.793,0.178,-0.078,-0.002
38981.236,33.606979,73.100060,505.825,-0.228,-0.659,-1.796,0.177,-0.078,-0.002
38981.243,33.606979,73.100060,505.838,-0.229,-0.660,-1.800,0.177,-0.078,-0.002
38981.251,33.606979,73.100060,505.851,-0.229,-0.661,-1.804,0.177,-0.077,-0.003
38981.258,33.606979,73.100060,505.865,-0.229,-0.662,-1.807,0.176,-0.076,-0.003
38981.282,33.606979,73.100067,505.136,-0.136,-0.392,-1.722,-0.174,0.041,-0.002
38981.289,33.606979,73.100067,505.149,-0.136,-0.393,-1.725,-0.174,0.041,-0.002
38981.296,33.606979,73.100067,505.162,-0.137,-0.393,-1.728,-0.174,0.041,-0.002
38981.304,33.606979,73.100067,505.175,-0.137,-0.394,-1.731,-0.174,0.041,-0.002
38981.311,33.606979,73.100067,505.187,-0.138,-0.394,-1.734,-0.175,0.041,-0.001
38981.319,33.606979,73.100067,505.200,-0.138,-0.395,-1.737,-0.175,0.041,-0.002
38981.326,33.606979,73.100067,505.213,-0.138,-0.396,-1.741,-0.175,0.041,-0.002
38981.333,33.606979,73.100067,505.226,-0.139,-0.397,-1.743,-0.174,0.041,-0.002
38981.341,33.606979,73.100067,505.239,-0.139,-0.397,-1.746,-0.174,0.042,-0.002
38981.348,33.606979,73.100067,505.251,-0.139,-0.398,-1.750,-0.173,0.042,-0.001
38981.355,33.606979,73.100067,505.264,-0.140,-0.399,-1.753,-0.173,0.042,-0.000
38981.363,33.606979,73.100067,505.277,-0.140,-0.399,-1.756,-0.173,0.042,-0.000
38981.370,33.606979,73.100067,505.290,-0.140,-0.400,-1.759,-0.173,0.042,0.001
38981.377,33.606979,73.100067,505.303,-0.140,-0.401,-1.762,-0.174,0.041,0.001
38981.385,33.606979,73.100067,505.316,-0.140,-0.402,-1.765,-0.175,0.042,0.000
38981.392,33.606979,73.100067,505.329,-0.141,-0.402,-1.769,-0.174,0.041,0.001
38981.399,33.606979,73.100067,505.342,-0.141,-0.403,-1.772,-0.175,0.041,0.002
38981.407,33.606979,73.100067,505.355,-0.141,-0.404,-1.775,-0.175,0.042,0.001
38981.414,33.606979,73.100067,505.368,-0.142,-0.405,-1.778,-0.174,0.042,0.002
38981.421,33.606979,73.100067,505.381,-0.142,-0.405,-1.781,-0.174,0.042,0.001
38981.429,33.606979,73.100067,505.394,-0.142,-0.406,-1.785,-0.174,0.041,0.002
38981.436,33.606979,73.100067,505.407,-0.143,-0.407,-1.788,-0.173,0.040,0.001
38981.443,33.606979,73.100067,505.420,-0.143,-0.408,-1.791,-0.174,0.040,0.001
38981.451,33.606979,73.100067,505.434,-0.143,-0.408,-1.795,-0.173,0.040,0.000
38981.458,33.606979,73.100067,505.447,-0.143,-0.409,-1.798,-0.173,0.040,0.000
38981.465,33.606979,73.100067,505.460,-0.144,-0.410,-1.801,-0.173,0.041,0.001
38981.473,33.606979,73.100067,505.474,-0.145,-0.410,-1.805,-0.174,0.042,0.001
38981.480,33.606979,73.100067,505.487,-0.145,-0.411,-1.808,-0.175,0.042,0.001
38981.488,33.606979,73.100067,505.500,-0.145,-0.412,-1.811,-0.175,0.041,0.002
38981.495,33.606979,73.100067,505.513,-0.145,-0.413,-1.814,-0.175,0.041,0.002
38981.502,33.606979,73.100067,505.527,-0.146,-0.413,-1.817,-0.174,0.041,0.002
38981.510,33.606979,73.100067,505.540,-0.146,-0.414,-1.820,-0.175,0.040,0.002
38981.517,33.606979,73.100067,505.554,-0.146,-0.415,-1.823,-0.174,0.040,0.003
38981.524,33.606979,73.100067,505.567,-0.146,-0.416,-1.827,-0.173,0.040,0.004
38981.532,33.606979,73.100067,505.580,-0.146,-0.417,-1.830,-0.172,0.040,0.004
38981.539,33.606979,73.100067,505.594,-0.147,-0.418,-1.832,-0.172,0.040,0.005
38981.546,33.606979,73.100067,505.607,-0.147,-0.418,-1.836,-0.172,0.040,0.005
38981.554,33.606979,73.100067,505.621,-0.147,-0.419,-1.839,-0.173,0.040,0.005
38981.561,33.606979,73.100067,505.635,-0.148,-0.420,-1.842,-0.173,0.040,0.004
38981.569,33.606979,73.100067,505.648,-0.148,-0.421,-1.845,-0.173,0.041,0.004
38981.576,33.606979,73.100067,505.662,-0.149,-0.422,-1.848,-0.172,0.041,0.004
38981.583,33.606979,73.100067,505.675,-0.149,-0.423,-1.851,-0.172,0.041,0.004
38981.591,33.606979,73.100067,505.689,-0.149,-0.424,-1.854,-0.171,0.040,0.005
38981.598,33.606979,73.100067,505.702,-0.149,-0.424,-1.858,-0.171,0.041,0.005
38981.605,33.606979,73.100067,505.716,-0.150,-0.425,-1.861,-0.171,0.041,0.004
38981.613,33.606979,73.100067,505.730,-0.150,-0.425,-1.865,-0.170,0.041,0.003
38981.620,33.606979,73.100067,505.743,-0.150,-0.426,-1.868,-0.171,0.041,0.003
38981.627,33.606979,73.100067,505.757,-0.151,-0.427,-1.871,-0.170,0.041,0.003
38981.635,33.606979,73.100067,505.771,-0.151,-0.428,-1.875,-0.170,0.040,0.003
38981.642,33.606979,73.100067,505.785,-0.151,-0.429,-1.877,-0.169,0.040,0.003
38981.649,33.606979,73.100067,505.798,-0.151,-0.429,-1.880,-0.168,0.040,0.003
38981.657,33.606979,73.100067,505.812,-0.152,-0.430,-1.884,-0.168,0.040,0.003
38981.664,33.606979,73.100067,505.826,-0.152,-0.431,-1.887,-0.169,0.040,0.004
38981.671,33.606979,73.100067,505.840,-0.152,-0.431,-1.890,-0.169,0.040,0.003
38981.679,33.606979,73.100067,505.854,-0.152,-0.432,-1.894,-0.169,0.040,0.003
38981.686,33.606979,73.100067,505.867,-0.152,-0.433,-1.897,-0.169,0.040,0.002
38981.693,33.606979,73.100067,505.882,-0.152,-0.434,-1.900,-0.169,0.040,0.002
38981.701,33.606979,73.100067,505.895,-0.153,-0.435,-1.903,-0.170,0.040,0.002
38981.708,33.606979,73.100067,505.909,-0.153,-0.436,-1.907,-0.170,0.040,0.002
38981.715,33.606979,73.100067,505.923,-0.154,-0.436,-1.911,-0.170,0.040,0.002
38981.723,33.606979,73.100067,505.937,-0.154,-0.437,-1.914,-0.170,0.040,0.003
38981.730,33.606979,73.100067,505.951,-0.154,-0.438,-1.917,-0.171,0.040,0.002
38981.737,33.606979,73.100067,505.965,-0.154,-0.439,-1.920,-0.171,0.040,0.002
38981.745,33.606979,73.100067,505.980,-0.155,-0.439,-1.922,-0.171,0.040,0.001
38981.752,33.606979,73.100067,505.994,-0.155,-0.440,-1.926,-0.171,0.040,0.001
38981.759,33.606979,73.100067,506.008,-0.155,-0.441,-1.929,-0.171,0.040,0.001
38981.767,33.606979,73.100067,506.022,-0.156,-0.441,-1.932,-0.171,0.042,0.001
38981.774,33.606979,73.100067,506.036,-0.156,-0.442,-1.935,-0.170,0.043,0.001
38981.781,33.606979,73.100067,506.050,-0.156,-0.443,-1.938,-0.171,0.042,0.001
38981.789,33.606979,73.100067,506.065,-0.157,-0.444,-1.941,-0.171,0.042,0.001
38981.796,33.606979,73.100067,506.079,-0.157,-0.444,-1.945,-0.171,0.043,0.001
38981.803,33.606979,73.100067,506.093,-0.157,-0.445,-1.948,-0.171,0.043,0.001
38981.810,33.606979,73.100067,506.107,-0.158,-0.446,-1.952,-0.170,0.043,0.002
38981.818,33.606979,73.100067,506.122,-0.159,-0.447,-1.956,-0.169,0.043,0.002
38981.825,33.606979,73.100067,506.136,-0.159,-0.447,-1.959,-0.169,0.044,0.002
38981.833,33.606979,73.100067,506.150,-0.159,-0.448,-1.962,-0.169,0.043,0.002
38981.840,33.606979,73.100067,506.165,-0.159,-0.449,-1.965,-0.169,0.042,0.002
38981.847,33.606979,73.100067,506.179,-0.160,-0.449,-1.968,-0.169,0.043,0.003
38981.855,33.606979,73.100067,506.194,-0.160,-0.450,-1.971,-0.170,0.042,0.003
38981.862,33.606979,73.100067,506.208,-0.160,-0.450,-1.975,-0.170,0.044,0.002
38981.946,33.606979,73.100067,506.377,-0.163,-0.459,-2.011,-0.169,0.044,0.003
38981.954,33.606979,73.100067,506.392,-0.164,-0.459,-2.014,-0.168,0.044,0.002
38981.961,33.606979,73.100067,506.407,-0.164,-0.460,-2.017,-0.168,0.044,0.003
38981.969,33.606979,73.100067,506.421,-0.165,-0.461,-2.021,-0.168,0.045,0.003
38981.976,33.606979,73.100067,506.436,-0.165,-0.461,-2.024,-0.167,0.046,0.003
38981.983,33.606979,73.100067,506.451,-0.165,-0.462,-2.027,-0.167,0.046,0.004
38981.991,33.606979,73.100067,506.466,-0.165,-0.463,-2.030,-0.168,0.046,0.004
38981.998,33.606979,73.100067,506.481,-0.166,-0.464,-2.034,-0.168,0.046,0.004
38982.005,33.606979,73.100067,506.496,-0.166,-0.464,-2.037,-0.167,0.045,0.004
38982.012,33.606979,73.100067,506.511,-0.166,-0.465,-2.040,-0.167,0.045,0.003
38982.020,33.606979,73.100067,506.526,-0.166,-0.466,-2.044,-0.167,0.045,0.002
38982.027,33.606979,73.100067,506.541,-0.167,-0.467,-2.046,-0.167,0.045,0.002
38982.035,33.606979,73.100067,506.556,-0.167,-0.467,-2.050,-0.167,0.045,0.003
38982.042,33.606979,73.100067,506.571,-0.167,-0.468,-2.053,-0.168,0.045,0.002
38982.049,33.606979,73.100067,506.586,-0.167,-0.469,-2.056,-0.168,0.045,0.003
38982.057,33.606979,73.100067,506.601,-0.168,-0.469,-2.060,-0.168,0.045,0.003
38982.064,33.606979,73.100067,506.616,-0.168,-0.470,-2.063,-0.168,0.045,0.002
38982.071,33.606979,73.100067,506.631,-0.168,-0.471,-2.066,-0.168,0.045,0.001
38982.079,33.606979,73.100067,506.646,-0.168,-0.472,-2.069,-0.168,0.044,0.001
38982.086,33.606979,73.100067,506.662,-0.168,-0.473,-2.072,-0.168,0.045,0.001
38982.093,33.606979,73.100067,506.677,-0.169,-0.474,-2.076,-0.167,0.045,0.001
38982.101,33.606979,73.100067,506.692,-0.169,-0.474,-2.079,-0.167,0.045,0.001
38982.108,33.606979,73.100067,506.708,-0.169,-0.475,-2.083,-0.168,0.046,0.002
38982.115,33.606979,73.100067,506.723,-0.170,-0.476,-2.086,-0.167,0.045,0.001
38982.123,33.606979,73.100067,506.738,-0.170,-0.477,-2.090,-0.167,0.045,0.001
38982.130,33.606979,73.100067,506.754,-0.171,-0.478,-2.093,-0.167,0.045,0.001
38982.138,33.606979,73.100067,506.769,-0.171,-0.478,-2.096,-0.166,0.045,0.000
38982.145,33.606979,73.100067,506.785,-0.172,-0.479,-2.099,-0.166,0.044,0.000
38982.152,33.606979,73.100067,506.800,-0.172,-0.480,-2.102,-0.166,0.044,0.001
38982.160,33.606979,73.100067,506.816,-0.173,-0.481,-2.105,-0.167,0.044,0.001
38982.167,33.606979,73.100067,506.831,-0.173,-0.482,-2.109,-0.167,0.044,0.000
38982.174,33.606979,73.100067,506.847,-0.173,-0.483,-2.112,-0.167,0.043,0.000
38982.182,33.606979,73.100067,506.862,-0.174,-0.483,-2.115,-0.168,0.044,-0.000
38982.189,33.606979,73.100067,506.878,-0.174,-0.484,-2.118,-0.169,0.044,-0.000
38982.196,33.606979,73.100067,506.893,-0.175,-0.485,-2.122,-0.169,0.045,0.000
38982.204,33.606979,73.100067,506.909,-0.175,-0.486,-2.125,-0.169,0.044,0.001
38982.211,33.606979,73.100067,506.925,-0.175,-0.487,-2.128,-0.169,0.044,0.000
38982.219,33.606979,73.100067,506.940,-0.176,-0.488,-2.132,-0.169,0.045,0.000
38982.226,33.606979,73.100067,506.956,-0.176,-0.488,-2.135,-0.169,0.046,-0.000
38982.233,33.606979,73.100067,506.972,-0.176,-0.489,-2.138,-0.169,0.045,0.000
38982.241,33.606979,73.100067,506.988,-0.177,-0.490,-2.141,-0.169,0.046,-0.000
38982.248,33.606979,73.100067,507.003,-0.177,-0.491,-2.145,-0.169,0.045,0.001
38982.256,33.606979,73.100067,507.020,-0.177,-0.491,-2.148,-0.169,0.046,0.000
38982.279,33.606979,73.100067,506.047,-0.106,-0.271,-1.981,-0.401,0.121,0.000
38982.286,33.606979,73.100067,506.061,-0.107,-0.271,-1.984,-0.402,0.121,-0.001
38982.294,33.606979,73.100067,506.076,-0.107,-0.272,-1.987,-0.403,0.121,-0.002
38982.301,33.606979,73.100067,506.091,-0.107,-0.272,-1.990,-0.402,0.121,-0.002
38982.308,33.606979,73.100067,506.105,-0.107,-0.273,-1.993,-0.402,0.122,-0.003
38982.316,33.606979,73.100067,506.120,-0.108,-0.273,-1.996,-0.403,0.122,-0.003
38982.323,33.606979,73.100067,506.135,-0.108,-0.274,-1.999,-0.403,0.123,-0.002
38982.330,33.606979,73.100067,506.149,-0.108,-0.274,-2.002,-0.403,0.122,-0.002
38982.338,33.606979,73.100067,506.164,-0.108,-0.275,-2.005,-0.404,0.123,-0.002
38982.345,33.606979,73.100067,506.179,-0.109,-0.275,-2.008,-0.404,0.122,-0.002
38982.353,33.606979,73.100067,506.194,-0.109,-0.276,-2.011,-0.405,0.122,-0.002
38982.360,33.606979,73.100067,506.209,-0.109,-0.276,-2.014,-0.406,0.122,-0.001
38982.367,33.606979,73.100067,506.223,-0.109,-0.276,-2.017,-0.407,0.122,-0.002
38982.375,33.606979,73.100067,506.238,-0.109,-0.277,-2.020,-0.407,0.121,-0.002
38982.382,33.606979,73.100067,506.253,-0.110,-0.277,-2.024,-0.407,0.121,-0.002
38982.389,33.606979,73.100067,506.268,-0.110,-0.278,-2.027,-0.407,0.121,-0.003
38982.397,33.606979,73.100067,506.283,-0.110,-0.278,-2.030,-0.407,0.122,-0.003
38982.460,33.606979,73.100067,506.412,-0.111,-0.282,-2.053,-0.408,0.123,-0.004
38982.469,33.606979,73.100067,506.431,-0.111,-0.283,-2.057,-0.408,0.123,-0.003
38982.477,33.606979,73.100067,506.446,-0.111,-0.283,-2.060,-0.409,0.123,-0.003
38982.484,33.606979,73.100067,506.461,-0.111,-0.284,-2.063,-0.408,0.123,-0.004
38982.491,33.606979,73.100067,506.477,-0.112,-0.284,-2.066,-0.408,0.123,-0.004
38982.499,33.606979,73.100067,506.492,-0.112,-0.284,-2.069,-0.408,0.123,-0.003
38982.506,33.606979,73.100067,506.507,-0.112,-0.285,-2.072,-0.408,0.123,-0.003
38982.513,33.606979,73.100067,506.522,-0.112,-0.286,-2.075,-0.408,0.123,-0.003
38982.521,33.606979,73.100067,506.537,-0.112,-0.286,-2.078,-0.408,0.123,-0.004
38982.528,33.606979,73.100067,506.553,-0.113,-0.287,-2.081,-0.408,0.123,-0.004
38982.535,33.606979,73.100067,506.568,-0.113,-0.287,-2.083,-0.409,0.122,-0.004
38982.543,33.606979,73.100067,506.583,-0.113,-0.288,-2.086,-0.409,0.122,-0.005
38982.550,33.606979,73.100067,506.598,-0.113,-0.288,-2.089,-0.409,0.123,-0.004
38982.557,33.606979,73.100067,506.614,-0.113,-0.288,-2.092,-0.410,0.123,-0.004
38982.565,33.606979,73.100067,506.629,-0.114,-0.288,-2.095,-0.411,0.124,-0.004
38982.572,33.606979,73.100067,506.645,-0.114,-0.289,-2.098,-0.411,0.124,-0.003
38982.579,33.606979,73.100067,506.660,-0.114,-0.289,-2.101,-0.411,0.124,-0.003
38982.587,33.606979,73.100067,506.675,-0.114,-0.289,-2.104,-0.412,0.124,-0.004
38982.594,33.606979,73.100067,506.691,-0.114,-0.290,-2.107,-0.413,0.125,-0.003
38982.601,33.606979,73.100067,506.706,-0.114,-0.290,-2.111,-0.414,0.124,-0.004
38982.609,33.606979,73.100067,506.722,-0.115,-0.291,-2.114,-0.414,0.124,-0.003
38982.616,33.606979,73.100067,506.737,-0.115,-0.291,-2.117,-0.413,0.125,-0.004
38982.623,33.606979,73.100067,506.753,-0.115,-0.292,-2.120,-0.413,0.125,-0.004
38982.631,33.606979,73.100067,506.768,-0.115,-0.292,-2.123,-0.413,0.125,-0.004
38982.638,33.606979,73.100067,506.784,-0.115,-0.292,-2.126,-0.413,0.126,-0.004
38982.645,33.606979,73.100067,506.799,-0.116,-0.293,-2.129,-0.414,0.125,-0.004
38982.653,33.606979,73.100067,506.815,-0.116,-0.293,-2.132,-0.414,0.124,-0.003
38982.660,33.606979,73.100067,506.831,-0.116,-0.294,-2.135,-0.413,0.124,-0.004
38982.667,33.606979,73.100067,506.846,-0.116,-0.294,-2.138,-0.413,0.124,-0.003
38982.675,33.606979,73.100067,506.862,-0.116,-0.295,-2.141,-0.413,0.126,-0.004
38982.682,33.606979,73.100067,506.878,-0.116,-0.295,-2.144,-0.414,0.126,-0.003
38982.689,33.606979,73.100067,506.893,-0.116,-0.295,-2.147,-0.414,0.127,-0.003
38982.697,33.606979,73.100067,506.909,-0.117,-0.296,-2.151,-0.414,0.127,-0.003
38982.704,33.606979,73.100067,506.925,-0.117,-0.296,-2.153,-0.413,0.128,-0.003
38982.711,33.606979,73.100067,506.941,-0.117,-0.297,-2.156,-0.414,0.127,-0.003
38982.719,33.606979,73.100067,506.956,-0.117,-0.297,-2.159,-0.413,0.127,-0.003
38982.726,33.606979,73.100067,506.972,-0.118,-0.298,-2.162,-0.413,0.128,-0.003
38982.733,33.606979,73.100067,506.988,-0.118,-0.298,-2.165,-0.413,0.129,-0.002
38982.740,33.606979,73.100067,507.004,-0.117,-0.299,-2.168,-0.413,0.127,-0.002
38982.748,33.606979,73.100067,507.020,-0.118,-0.299,-2.170,-0.413,0.127,-0.002
38982.755,33.606979,73.100067,507.036,-0.118,-0.300,-2.174,-0.413,0.127,-0.002
38982.762,33.606979,73.100067,507.052,-0.118,-0.300,-2.176,-0.414,0.127,-0.002
38982.770,33.606979,73.100067,507.068,-0.118,-0.301,-2.179,-0.413,0.127,-0.001
38982.777,33.606979,73.100067,507.084,-0.118,-0.301,-2.182,-0.413,0.127,-0.001
38982.785,33.606979,73.100067,507.100,-0.119,-0.302,-2.185,-0.414,0.127,-0.000
38982.792,33.606979,73.100067,507.116,-0.119,-0.302,-2.188,-0.415,0.127,-0.000
38982.799,33.606979,73.100067,507.132,-0.119,-0.302,-2.191,-0.415,0.127,-0.001
38982.806,33.606979,73.100067,507.148,-0.119,-0.303,-2.194,-0.414,0.126,-0.001
38982.814,33.606979,73.100067,507.164,-0.119,-0.303,-2.197,-0.414,0.127,-0.001
38982.821,33.606979,73.100067,507.180,-0.119,-0.304,-2.201,-0.413,0.126,-0.001
38982.829,33.606979,73.100067,507.197,-0.119,-0.304,-2.204,-0.414,0.126,-0.001
38982.836,33.606979,73.100067,507.213,-0.119,-0.304,-2.207,-0.413,0.127,-0.001
38982.843,33.606979,73.100067,507.229,-0.119,-0.305,-2.210,-0.415,0.127,-0.002
38982.851,33.606979,73.100067,507.245,-0.120,-0.306,-2.213,-0.415,0.128,-0.002
38982.858,33.606979,73.100067,507.262,-0.120,-0.306,-2.216,-0.416,0.127,-0.002
38982.865,33.606979,73.100067,507.278,-0.120,-0.307,-2.218,-0.415,0.128,-0.002
38982.873,33.606979,73.100067,507.294,-0.120,-0.307,-2.221,-0.416,0.129,-0.002
38982.880,33.606979,73.100067,507.310,-0.120,-0.307,-2.224,-0.416,0.130,-0.001
38982.887,33.606979,73.100067,507.326,-0.120,-0.308,-2.227,-0.416,0.129,-0.002
38982.973,33.606979,73.100067,507.519,-0.122,-0.312,-2.264,-0.417,0.130,0.004
38982.980,33.606979,73.100067,507.536,-0.122,-0.312,-2.267,-0.417,0.130,0.004
38982.988,33.606979,73.100067,507.552,-0.123,-0.313,-2.270,-0.417,0.130,0.004
38982.995,33.606979,73.100067,507.569,-0.123,-0.313,-2.273,-0.416,0.130,0.004
38983.002,33.606979,73.100067,507.586,-0.123,-0.314,-2.276,-0.417,0.130,0.004
38983.010,33.606979,73.100067,507.602,-0.123,-0.314,-2.279,-0.417,0.130,0.005
38983.017,33.606979,73.100067,507.619,-0.123,-0.315,-2.282,-0.417,0.130,0.006
38983.024,33.606979,73.100067,507.636,-0.123,-0.315,-2.286,-0.417,0.131,0.006
38983.032,33.606979,73.100067,507.653,-0.124,-0.316,-2.289,-0.418,0.132,0.005
38983.039,33.606979,73.100067,507.669,-0.124,-0.316,-2.292,-0.418,0.132,0.005
38983.046,33.606979,73.100067,507.686,-0.124,-0.316,-2.295,-0.417,0.132,0.005
38983.054,33.606979,73.100067,507.703,-0.124,-0.317,-2.298,-0.416,0.132,0.005
38983.061,33.606979,73.100067,507.720,-0.124,-0.318,-2.301,-0.416,0.131,0.004
38983.068,33.606979,73.100067,507.737,-0.125,-0.319,-2.304,-0.415,0.132,0.004
38983.076,33.606979,73.100067,507.754,-0.125,-0.319,-2.307,-0.415,0.133,0.003
38983.083,33.606979,73.100067,507.771,-0.125,-0.319,-2.310,-0.416,0.132,0.004
38983.090,33.606979,73.100067,507.788,-0.125,-0.320,-2.313,-0.415,0.132,0.004
38983.098,33.606979,73.100067,507.805,-0.125,-0.320,-2.316,-0.416,0.131,0.004
38983.105,33.606979,73.100067,507.822,-0.125,-0.320,-2.319,-0.417,0.131,0.003
38983.112,33.606979,73.100067,507.839,-0.126,-0.321,-2.322,-0.417,0.131,0.004
38983.120,33.606979,73.100067,507.856,-0.126,-0.321,-2.326,-0.417,0.131,0.004
38983.127,33.606979,73.100067,507.873,-0.126,-0.321,-2.329,-0.417,0.130,0.003
38983.134,33.606979,73.100067,507.890,-0.126,-0.322,-2.332,-0.417,0.131,0.003
38983.142,33.606979,73.100067,507.908,-0.127,-0.322,-2.335,-0.416,0.131,0.003
38983.149,33.606979,73.100067,507.925,-0.127,-0.323,-2.338,-0.416,0.132,0.002
38983.157,33.606979,73.100067,507.942,-0.127,-0.323,-2.341,-0.416,0.131,0.002
38983.220,33.606979,73.100067,508.091,-0.128,-0.326,-2.364,-0.416,0.127,0.004
38983.228,33.606979,73.100067,508.109,-0.129,-0.326,-2.367,-0.416,0.127,0.003
38983.235,33.606979,73.100067,508.126,-0.129,-0.327,-2.370,-0.415,0.127,0.002
38983.242,33.606979,73.100067,508.144,-0.129,-0.327,-2.373,-0.416,0.127,0.002
38983.250,33.606979,73.100067,508.161,-0.129,-0.328,-2.376,-0.417,0.127,0.002
38983.257,33.606979,73.100067,508.180,-0.129,-0.328,-2.379,-0.417,0.126,0.002
38983.281,33.606979,73.100067,506.907,-0.082,-0.191,-2.113,-0.538,0.170,-0.002
38983.288,33.606979,73.100067,506.922,-0.082,-0.191,-2.116,-0.537,0.171,-0.002
38983.295,33.606979,73.100067,506.938,-0.082,-0.191,-2.119,-0.538,0.171,-0.003
38983.303,33.606979,73.100067,506.953,-0.082,-0.192,-2.121,-0.538,0.171,-0.003
38983.310,33.606979,73.100067,506.969,-0.082,-0.192,-2.124,-0.538,0.172,-0.004
38983.317,33.606979,73.100067,506.984,-0.083,-0.192,-2.127,-0.538,0.172,-0.004
38983.325,33.606979,73.100067,507.000,-0.083,-0.192,-2.129,-0.538,0.172,-0.004
38983.332,33.606979,73.100067,507.016,-0.083,-0.193,-2.132,-0.539,0.173,-0.004
38983.339,33.606979,73.100067,507.031,-0.083,-0.193,-2.135,-0.538,0.173,-0.004
38983.347,33.606979,73.100067,507.047,-0.083,-0.194,-2.138,-0.538,0.173,-0.004
38983.354,33.606979,73.100067,507.062,-0.083,-0.194,-2.141,-0.538,0.173,-0.004
38983.361,33.606979,73.100067,507.078,-0.083,-0.194,-2.144,-0.538,0.174,-0.005
38983.369,33.606979,73.100067,507.094,-0.083,-0.194,-2.147,-0.539,0.174,-0.004
38983.376,33.606979,73.100067,507.110,-0.083,-0.194,-2.150,-0.538,0.174,-0.005
38983.383,33.606979,73.100067,507.125,-0.083,-0.194,-2.153,-0.538,0.174,-0.005
38983.391,33.606979,73.100067,507.141,-0.083,-0.195,-2.156,-0.537,0.174,-0.005
38983.398,33.606979,73.100067,507.157,-0.084,-0.195,-2.159,-0.538,0.175,-0.005
38983.405,33.606979,73.100067,507.173,-0.084,-0.195,-2.161,-0.538,0.175,-0.005
38983.413,33.606979,73.100067,507.189,-0.084,-0.195,-2.164,-0.539,0.175,-0.005
38983.420,33.606979,73.100067,507.205,-0.084,-0.196,-2.167,-0.539,0.174,-0.005
38983.427,33.606979,73.100067,507.221,-0.084,-0.196,-2.169,-0.540,0.173,-0.005
38983.435,33.606979,73.100067,507.237,-0.084,-0.197,-2.172,-0.539,0.173,-0.005
38983.442,33.606979,73.100067,507.252,-0.084,-0.197,-2.174,-0.540,0.173,-0.006
38983.449,33.606979,73.100067,507.269,-0.084,-0.197,-2.177,-0.539,0.173,-0.006
38983.457,33.606979,73.100067,507.284,-0.084,-0.197,-2.180,-0.540,0.172,-0.006
38983.464,33.606979,73.100067,507.301,-0.084,-0.198,-2.182,-0.540,0.172,-0.006
38983.471,33.606979,73.100067,507.317,-0.084,-0.198,-2.185,-0.540,0.172,-0.005
38983.479,33.606979,73.100067,507.332,-0.084,-0.198,-2.188,-0.540,0.172,-0.005
38983.486,33.606979,73.100067,507.349,-0.085,-0.199,-2.191,-0.539,0.171,-0.006
38983.493,33.606979,73.100067,507.365,-0.084,-0.199,-2.193,-0.539,0.171,-0.007
38983.501,33.606979,73.100067,507.381,-0.085,-0.199,-2.196,-0.539,0.171,-0.007
38983.508,33.606979,73.100067,507.397,-0.085,-0.200,-2.199,-0.539,0.171,-0.006
38983.515,33.606979,73.100067,507.413,-0.085,-0.200,-2.202,-0.540,0.171,-0.006
38983.523,33.606979,73.100067,507.429,-0.085,-0.200,-2.204,-0.540,0.171,-0.006
38983.530,33.606979,73.100067,507.445,-0.085,-0.200,-2.207,-0.540,0.171,-0.006
38983.537,33.606979,73.100067,507.461,-0.085,-0.201,-2.210,-0.541,0.170,-0.006
38983.545,33.606979,73.100067,507.477,-0.085,-0.201,-2.213,-0.541,0.170,-0.006
38983.552,33.606979,73.100067,507.494,-0.085,-0.201,-2.216,-0.541,0.170,-0.007
38983.559,33.606979,73.100067,507.510,-0.085,-0.202,-2.219,-0.541,0.170,-0.006
38983.567,33.606979,73.100067,507.526,-0.085,-0.202,-2.221,-0.541,0.170,-0.005
38983.574,33.606979,73.100067,507.543,-0.085,-0.202,-2.224,-0.542,0.169,-0.005
38983.581,33.606979,73.100067,507.559,-0.085,-0.202,-2.226,-0.544,0.168,-0.005
38983.589,33.606979,73.100067,507.575,-0.085,-0.203,-2.229,-0.544,0.169,-0.006
38983.596,33.606979,73.100067,507.591,-0.084,-0.203,-2.231,-0.544,0.169,-0.006
38983.603,33.606979,73.100067,507.608,-0.085,-0.203,-2.234,-0.544,0.168,-0.006
38983.611,33.606979,73.100067,507.624,-0.085,-0.204,-2.237,-0.543,0.169,-0.006
38983.618,33.606979,73.100067,507.641,-0.085,-0.204,-2.239,-0.544,0.168,-0.006
38983.625,33.606979,73.100067,507.657,-0.085,-0.204,-2.242,-0.544,0.169,-0.005
38983.633,33.606979,73.100067,507.674,-0.086,-0.205,-2.244,-0.544,0.168,-0.005
38983.640,33.606979,73.100067,507.690,-0.086,-0.205,-2.247,-0.544,0.166,-0.005
38983.647,33.606979,73.100067,507.706,-0.086,-0.205,-2.249,-0.544,0.167,-0.005
38983.654,33.606979,73.100067,507.723,-0.085,-0.205,-2.252,-0.544,0.166,-0.004
38983.662,33.606979,73.100067,507.740,-0.085,-0.205,-2.255,-0.543,0.166,-0.005
38983.669,33.606979,73.100067,507.756,-0.086,-0.205,-2.258,-0.544,0.166,-0.004
38983.677,33.606979,73.100067,507.773,-0.086,-0.205,-2.260,-0.543,0.166,-0.004
38983.684,33.606979,73.100067,507.789,-0.086,-0.206,-2.262,-0.543,0.165,-0.004
38983.691,33.606979,73.100067,507.806,-0.086,-0.206,-2.265,-0.542,0.165,-0.004
38983.698,33.606979,73.100067,507.822,-0.086,-0.206,-2.268,-0.541,0.166,-0.004
38983.773,33.606979,73.100067,507.992,-0.087,-0.208,-2.294,-0.542,0.167,0.000
38983.782,33.606979,73.100067,508.012,-0.087,-0.208,-2.297,-0.542,0.167,0.001
38983.789,33.606979,73.100067,508.029,-0.088,-0.209,-2.300,-0.543,0.168,0.001
38983.796,33.606979,73.100067,508.046,-0.088,-0.209,-2.303,-0.543,0.168,0.001
38983.804,33.606979,73.100067,508.063,-0.087,-0.209,-2.306,-0.543,0.168,0.001
38983.811,33.606979,73.100067,508.079,-0.088,-0.209,-2.308,-0.544,0.168,0.001
38983.818,33.606979,73.100067,508.097,-0.088,-0.210,-2.311,-0.545,0.168,0.001
38983.826,33.606979,73.100067,508.113,-0.088,-0.210,-2.314,-0.545,0.168,0.001
38983.833,33.606979,73.100067,508.130,-0.088,-0.210,-2.317,-0.545,0.167,0.001
38983.840,33.606979,73.100067,508.147,-0.088,-0.210,-2.319,-0.545,0.167,0.002
38983.848,33.606979,73.100067,508.164,-0.089,-0.210,-2.322,-0.545,0.167,0.003
38983.855,33.606979,73.100067,508.181,-0.089,-0.210,-2.325,-0.544,0.168,0.002
38983.862,33.606979,73.100067,508.198,-0.089,-0.211,-2.328,-0.545,0.168,0.003
38983.994,33.606979,73.100067,508.508,-0.092,-0.214,-2.377,-0.543,0.169,0.003
38984.001,33.606979,73.100067,508.525,-0.092,-0.214,-2.380,-0.544,0.170,0.003
38984.008,33.606979,73.100067,508.543,-0.092,-0.214,-2.383,-0.544,0.170,0.004
38984.016,33.606979,73.100067,508.560,-0.092,-0.214,-2.385,-0.544,0.169,0.003
38984.023,33.606979,73.100067,508.578,-0.092,-0.214,-2.388,-0.544,0.169,0.003
38984.030,33.606979,73.100067,508.595,-0.092,-0.215,-2.391,-0.543,0.170,0.003
38984.037,33.606979,73.100067,508.613,-0.092,-0.215,-2.394,-0.543,0.170,0.002
38984.045,33.606979,73.100067,508.630,-0.092,-0.215,-2.396,-0.543,0.170,0.002
38984.052,33.606979,73.100067,508.648,-0.092,-0.216,-2.399,-0.543,0.171,0.002
38984.060,33.606979,73.100067,508.665,-0.092,-0.216,-2.402,-0.543,0.171,0.002
38984.067,33.606979,73.100067,508.683,-0.092,-0.216,-2.405,-0.543,0.172,0.002
38984.074,33.606979,73.100067,508.701,-0.093,-0.217,-2.408,-0.543,0.171,0.002
38984.082,33.606979,73.100067,508.718,-0.093,-0.217,-2.410,-0.543,0.170,0.001
38984.089,33.606979,73.100067,508.736,-0.093,-0.217,-2.413,-0.543,0.171,0.002
38984.096,33.606979,73.100067,508.754,-0.093,-0.218,-2.416,-0.543,0.172,0.001
38984.104,33.606979,73.100067,508.772,-0.093,-0.218,-2.418,-0.543,0.172,0.002
38984.111,33.606979,73.100067,508.789,-0.093,-0.218,-2.421,-0.544,0.172,0.001
38984.118,33.606979,73.100067,508.807,-0.093,-0.218,-2.424,-0.544,0.172,0.001
38984.126,33.606979,73.100067,508.825,-0.093,-0.218,-2.427,-0.544,0.172,0.000
38984.133,33.606979,73.100067,508.843,-0.093,-0.218,-2.429,-0.543,0.172,0.000
38984.141,33.606979,73.100067,508.861,-0.093,-0.218,-2.432,-0.544,0.172,-0.000
38984.148,33.606979,73.100067,508.879,-0.093,-0.219,-2.435,-0.544,0.171,-0.000
38984.155,33.606979,73.100067,508.897,-0.093,-0.219,-2.439,-0.544,0.171,0.000
38984.163,33.606979,73.100067,508.915,-0.094,-0.219,-2.441,-0.543,0.172,0.000
38984.170,33.606979,73.100067,508.933,-0.094,-0.219,-2.444,-0.543,0.172,-0.000
38984.177,33.606979,73.100067,508.951,-0.094,-0.220,-2.447,-0.543,0.172,-0.001
38984.185,33.606979,73.100067,508.969,-0.094,-0.220,-2.449,-0.543,0.172,-0.001
38984.192,33.606979,73.100067,508.987,-0.094,-0.220,-2.452,-0.542,0.172,0.000
38984.199,33.606979,73.100067,509.005,-0.094,-0.220,-2.455,-0.542,0.172,0.000
38984.207,33.606979,73.100067,509.023,-0.094,-0.220,-2.458,-0.542,0.171,0.000
38984.214,33.606979,73.100067,509.041,-0.094,-0.221,-2.460,-0.543,0.171,0.001
38984.221,33.606979,73.100067,509.059,-0.094,-0.221,-2.463,-0.542,0.171,0.001
38984.229,33.606979,73.100067,509.077,-0.094,-0.221,-2.466,-0.543,0.172,0.001
38984.236,33.606979,73.100067,509.095,-0.095,-0.222,-2.468,-0.544,0.171,0.000
38984.243,33.606979,73.100067,509.113,-0.095,-0.222,-2.471,-0.544,0.170,-0.000
38984.251,33.606979,73.100067,509.132,-0.095,-0.222,-2.473,-0.544,0.171,-0.000
38984.329,33.606979,73.100067,507.652,-0.066,-0.132,-2.130,-0.617,0.192,-0.000
38984.337,33.606979,73.100067,507.668,-0.066,-0.133,-2.132,-0.617,0.192,0.001
38984.344,33.606979,73.100067,507.683,-0.066,-0.133,-2.135,-0.616,0.191,0.001
38984.351,33.606979,73.100067,507.699,-0.066,-0.133,-2.137,-0.616,0.192,0.001
38984.359,33.606979,73.100067,507.715,-0.066,-0.134,-2.140,-0.616,0.192,-0.000
38984.366,33.606979,73.100067,507.730,-0.066,-0.134,-2.142,-0.616,0.192,-0.001
38984.373,33.606979,73.100067,507.746,-0.066,-0.134,-2.144,-0.616,0.192,-0.002
38984.381,33.606979,73.100067,507.762,-0.066,-0.134,-2.147,-0.617,0.192,-0.002
38984.388,33.606979,73.100067,507.778,-0.067,-0.134,-2.149,-0.617,0.192,-0.001
38984.395,33.606979,73.100067,507.794,-0.067,-0.134,-2.151,-0.616,0.193,-0.001
38984.403,33.606979,73.100067,507.810,-0.067,-0.134,-2.154,-0.617,0.193,-0.001
38984.410,33.606979,73.100067,507.825,-0.067,-0.134,-2.156,-0.617,0.193,-0.000
38984.418,33.606979,73.100067,507.841,-0.067,-0.134,-2.158,-0.616,0.193,-0.001
38984.425,33.606979,73.100067,507.857,-0.067,-0.134,-2.161,-0.616,0.192,-0.002
38984.432,33.606979,73.100067,507.873,-0.067,-0.134,-2.164,-0.617,0.192,-0.001
38984.440,33.606979,73.100067,507.889,-0.067,-0.134,-2.166,-0.617,0.193,-0.000
38984.549,33.606979,73.100067,508.128,-0.068,-0.137,-2.200,-0.617,0.193,0.001
38984.558,33.606979,73.100067,508.147,-0.068,-0.137,-2.203,-0.616,0.194,0.001
38984.565,33.606979,73.100067,508.163,-0.068,-0.137,-2.206,-0.616,0.194,0.001
38984.573,33.606979,73.100067,508.179,-0.069,-0.137,-2.208,-0.617,0.194,0.001
38984.580,33.606979,73.100067,508.196,-0.069,-0.137,-2.210,-0.618,0.194,0.000
38984.587,33.606979,73.100067,508.212,-0.069,-0.137,-2.213,-0.619,0.194,0.000
38984.594,33.606979,73.100067,508.228,-0.069,-0.137,-2.215,-0.620,0.195,-0.000
38984.602,33.606979,73.100067,508.245,-0.069,-0.137,-2.217,-0.619,0.195,-0.000
38984.609,33.606979,73.100067,508.261,-0.069,-0.137,-2.219,-0.618,0.195,-0.001
38984.617,33.606979,73.100067,508.277,-0.069,-0.138,-2.222,-0.618,0.195,-0.001
38984.624,33.606979,73.100067,508.293,-0.069,-0.137,-2.224,-0.619,0.195,-0.001
38984.631,33.606979,73.100067,508.310,-0.069,-0.137,-2.226,-0.619,0.194,-0.002
38984.639,33.606979,73.100067,508.326,-0.069,-0.137,-2.228,-0.619,0.194,-0.002
38984.646,33.606979,73.100067,508.342,-0.069,-0.138,-2.231,-0.619,0.195,-0.002
38984.803,33.606979,73.100067,508.697,-0.070,-0.141,-2.282,-0.624,0.195,0.001
38984.811,33.606979,73.100067,508.714,-0.070,-0.141,-2.284,-0.622,0.195,0.002
38984.818,33.606979,73.100067,508.731,-0.070,-0.141,-2.287,-0.622,0.195,0.001
38984.825,33.606979,73.100067,508.748,-0.069,-0.141,-2.289,-0.622,0.194,0.001
38984.833,33.606979,73.100067,508.764,-0.069,-0.141,-2.291,-0.622,0.195,0.001
38984.840,33.606979,73.100067,508.781,-0.069,-0.141,-2.294,-0.622,0.195,0.002
38984.847,33.606979,73.100067,508.798,-0.069,-0.141,-2.296,-0.621,0.195,0.003
38984.855,33.606979,73.100067,508.815,-0.069,-0.141,-2.298,-0.622,0.195,0.003
38984.862,33.606979,73.100067,508.832,-0.069,-0.141,-2.301,-0.621,0.195,0.004
38984.869,33.606979,73.100067,508.849,-0.069,-0.141,-2.303,-0.621,0.196,0.004
38984.877,33.606979,73.100067,508.866,-0.070,-0.141,-2.306,-0.621,0.195,0.004
38984.884,33.606979,73.100067,508.883,-0.070,-0.142,-2.308,-0.622,0.195,0.004
38984.891,33.606979,73.100067,508.899,-0.070,-0.142,-2.310,-0.622,0.195,0.003
38984.899,33.606979,73.100067,508.916,-0.070,-0.142,-2.312,-0.622,0.195,0.002
38984.984,33.606979,73.100067,509.116,-0.070,-0.143,-2.339,-0.623,0.194,0.004
38984.992,33.606979,73.100067,509.134,-0.070,-0.143,-2.341,-0.623,0.194,0.004
38984.999,33.606979,73.100067,509.151,-0.070,-0.143,-2.344,-0.623,0.194,0.005
38985.007,33.606979,73.100067,509.168,-0.070,-0.144,-2.346,-0.624,0.194,0.004
38985.014,33.606979,73.100067,509.185,-0.070,-0.144,-2.348,-0.624,0.194,0.004
38985.021,33.606979,73.100067,509.203,-0.070,-0.144,-2.350,-0.623,0.195,0.005
38985.029,33.606979,73.100067,509.220,-0.070,-0.144,-2.353,-0.624,0.195,0.005
38985.036,33.606979,73.100067,509.237,-0.070,-0.144,-2.356,-0.624,0.196,0.004
38985.043,33.606979,73.100067,509.254,-0.070,-0.144,-2.358,-0.625,0.197,0.004
38985.051,33.606979,73.100067,509.272,-0.070,-0.144,-2.361,-0.625,0.197,0.004
38985.058,33.606979,73.100067,509.289,-0.070,-0.144,-2.363,-0.625,0.197,0.004
38985.065,33.606979,73.100067,509.306,-0.070,-0.144,-2.366,-0.625,0.197,0.005
38985.073,33.606979,73.100067,509.324,-0.071,-0.144,-2.368,-0.626,0.197,0.005
38985.080,33.606979,73.100067,509.341,-0.071,-0.144,-2.370,-0.627,0.197,0.005
38985.087,33.606979,73.100067,509.358,-0.071,-0.144,-2.372,-0.628,0.197,0.004
38985.095,33.606979,73.100067,509.376,-0.071,-0.144,-2.375,-0.629,0.197,0.004
38985.102,33.606979,73.100067,509.393,-0.071,-0.145,-2.377,-0.629,0.197,0.005
38985.109,33.606979,73.100067,509.411,-0.071,-0.145,-2.380,-0.630,0.197,0.004
38985.117,33.606979,73.100067,509.428,-0.071,-0.145,-2.382,-0.630,0.197,0.004
38985.124,33.606979,73.100067,509.446,-0.071,-0.145,-2.384,-0.629,0.197,0.003
38985.131,33.606979,73.100067,509.463,-0.070,-0.145,-2.387,-0.629,0.197,0.002
38985.139,33.606979,73.100067,509.481,-0.070,-0.145,-2.389,-0.630,0.197,0.003
38985.146,33.606979,73.100067,509.499,-0.070,-0.146,-2.391,-0.630,0.197,0.003
38985.154,33.606979,73.100067,509.516,-0.070,-0.146,-2.393,-0.630,0.197,0.002
38985.292,33.606979,73.100067,507.928,-0.052,-0.086,-1.999,-0.676,0.215,0.003
38985.300,33.606979,73.100067,507.942,-0.052,-0.086,-2.002,-0.676,0.214,0.003
38985.307,33.606979,73.100067,507.957,-0.052,-0.087,-2.004,-0.676,0.213,0.003
38985.314,33.606979,73.100067,507.972,-0.052,-0.087,-2.005,-0.676,0.214,0.003
38985.322,33.606979,73.100067,507.987,-0.052,-0.087,-2.007,-0.676,0.213,0.004
38985.329,33.606979,73.100067,508.001,-0.052,-0.087,-2.009,-0.676,0.213,0.004
38985.336,33.606979,73.100067,508.016,-0.052,-0.087,-2.011,-0.676,0.214,0.004
38985.344,33.606979,73.100067,508.031,-0.053,-0.087,-2.013,-0.675,0.215,0.003
38985.351,33.606979,73.100067,508.045,-0.052,-0.087,-2.015,-0.675,0.215,0.004
38985.358,33.606979,73.100067,508.060,-0.053,-0.087,-2.017,-0.675,0.215,0.004
38985.366,33.606979,73.100067,508.075,-0.053,-0.088,-2.019,-0.676,0.214,0.003
38985.373,33.606979,73.100067,508.090,-0.053,-0.088,-2.021,-0.676,0.214,0.003
38985.380,33.606979,73.100067,508.105,-0.053,-0.087,-2.023,-0.676,0.214,0.003
38985.387,33.606979,73.100067,508.119,-0.053,-0.087,-2.025,-0.675,0.214,0.004
38985.395,33.606979,73.100067,508.135,-0.053,-0.087,-2.026,-0.677,0.215,0.004
38985.402,33.606979,73.100067,508.149,-0.053,-0.087,-2.028,-0.677,0.216,0.005
38985.410,33.606979,73.100067,508.164,-0.053,-0.087,-2.030,-0.678,0.217,0.006
38985.417,33.606979,73.100067,508.179,-0.053,-0.087,-2.032,-0.677,0.217,0.006
38985.424,33.606979,73.100067,508.194,-0.053,-0.087,-2.034,-0.677,0.217,0.006
38985.432,33.606979,73.100067,508.209,-0.053,-0.087,-2.036,-0.677,0.218,0.006
38985.439,33.606979,73.100067,508.224,-0.053,-0.087,-2.038,-0.678,0.218,0.005
38985.446,33.606979,73.100067,508.239,-0.053,-0.087,-2.041,-0.678,0.217,0.005
38985.454,33.606979,73.100067,508.254,-0.053,-0.087,-2.042,-0.678,0.217,0.004
38985.461,33.606979,73.100067,508.269,-0.052,-0.087,-2.044,-0.678,0.217,0.005
38985.468,33.606979,73.100067,508.284,-0.052,-0.088,-2.047,-0.678,0.217,0.004
38985.476,33.606979,73.100067,508.299,-0.052,-0.087,-2.049,-0.678,0.217,0.004
38985.483,33.606979,73.100067,508.314,-0.052,-0.087,-2.050,-0.678,0.216,0.004
38985.490,33.606979,73.100067,508.329,-0.052,-0.087,-2.053,-0.678,0.215,0.004
38985.498,33.606979,73.100067,508.344,-0.052,-0.087,-2.055,-0.678,0.214,0.003
38985.505,33.606979,73.100067,508.359,-0.053,-0.087,-2.057,-0.679,0.215,0.004
38985.512,33.606979,73.100067,508.374,-0.053,-0.087,-2.059,-0.680,0.215,0.004
38985.597,33.606979,73.100067,508.549,-0.053,-0.087,-2.082,-0.679,0.215,0.007
38985.604,33.606979,73.100067,508.564,-0.053,-0.087,-2.084,-0.680,0.215,0.006
38985.611,33.606979,73.100067,508.579,-0.052,-0.087,-2.085,-0.680,0.216,0.006
38985.619,33.606979,73.100067,508.595,-0.052,-0.087,-2.087,-0.680,0.216,0.007
38985.626,33.606979,73.100067,508.610,-0.053,-0.087,-2.089,-0.680,0.217,0.008
38985.633,33.606979,73.100067,508.625,-0.053,-0.087,-2.091,-0.680,0.218,0.008
38985.641,33.606979,73.100067,508.640,-0.053,-0.087,-2.093,-0.680,0.217,0.008
38985.648,33.606979,73.100067,508.656,-0.053,-0.087,-2.095,-0.680,0.217,0.007
38985.655,33.606979,73.100067,508.671,-0.052,-0.087,-2.097,-0.680,0.216,0.008
38985.662,33.606979,73.100067,508.686,-0.052,-0.087,-2.099,-0.680,0.216,0.008
38985.670,33.606979,73.100067,508.702,-0.052,-0.087,-2.100,-0.680,0.216,0.008
38985.677,33.606979,73.100067,508.717,-0.053,-0.087,-2.102,-0.680,0.216,0.009
38985.685,33.606979,73.100067,508.733,-0.053,-0.087,-2.104,-0.681,0.215,0.010
38985.692,33.606979,73.100067,508.748,-0.053,-0.087,-2.106,-0.680,0.215,0.009
38985.699,33.606979,73.100067,508.764,-0.053,-0.087,-2.108,-0.680,0.216,0.009
38985.707,33.606979,73.100067,508.779,-0.053,-0.087,-2.110,-0.681,0.215,0.009
38985.714,33.606979,73.100067,508.795,-0.052,-0.088,-2.111,-0.680,0.214,0.010
38985.834,33.606979,73.100067,509.050,-0.053,-0.088,-2.144,-0.684,0.213,0.012
38985.842,33.606979,73.100067,509.067,-0.053,-0.088,-2.147,-0.685,0.213,0.012
38985.849,33.606979,73.100067,509.082,-0.053,-0.088,-2.148,-0.686,0.214,0.012
38985.856,33.606979,73.100067,509.098,-0.053,-0.088,-2.151,-0.686,0.214,0.012
38985.864,33.606979,73.100067,509.114,-0.053,-0.088,-2.153,-0.686,0.213,0.013
38985.871,33.606979,73.100067,509.130,-0.053,-0.088,-2.154,-0.686,0.214,0.013
38985.878,33.606979,73.100067,509.145,-0.053,-0.088,-2.156,-0.686,0.214,0.013
38985.886,33.606979,73.100067,509.161,-0.053,-0.088,-2.158,-0.686,0.214,0.013
38985.893,33.606979,73.100067,509.177,-0.053,-0.088,-2.160,-0.686,0.214,0.013
38985.900,33.606979,73.100067,509.193,-0.053,-0.088,-2.162,-0.687,0.214,0.013
38985.908,33.606979,73.100067,509.208,-0.053,-0.088,-2.164,-0.687,0.214,0.013
38985.915,33.606979,73.100067,509.225,-0.053,-0.089,-2.166,-0.687,0.214,0.013
38985.922,33.606979,73.100067,509.241,-0.053,-0.088,-2.168,-0.688,0.214,0.014
38985.930,33.606979,73.100067,509.256,-0.053,-0.088,-2.169,-0.688,0.214,0.014
38985.937,33.606979,73.100067,509.272,-0.053,-0.089,-2.171,-0.688,0.214,0.013
38985.944,33.606979,73.100067,509.288,-0.053,-0.089,-2.173,-0.688,0.214,0.012
38985.952,33.606979,73.100067,509.304,-0.053,-0.088,-2.174,-0.689,0.214,0.012
38985.959,33.606979,73.100067,509.320,-0.053,-0.089,-2.176,-0.688,0.214,0.013
38985.966,33.606979,73.100067,509.336,-0.053,-0.089,-2.177,-0.689,0.214,0.013
38985.974,33.606979,73.100067,509.352,-0.053,-0.089,-2.179,-0.689,0.215,0.013
38985.981,33.606979,73.100067,509.368,-0.053,-0.089,-2.181,-0.689,0.214,0.013
38985.988,33.606979,73.100067,509.384,-0.053,-0.089,-2.183,-0.689,0.213,0.015
38985.995,33.606979,73.100067,509.400,-0.053,-0.089,-2.185,-0.690,0.214,0.016
38986.003,33.606979,73.100067,509.416,-0.053,-0.089,-2.187,-0.690,0.213,0.016
38986.010,33.606979,73.100067,509.432,-0.054,-0.089,-2.189,-0.691,0.214,0.016
38986.017,33.606979,73.100067,509.448,-0.054,-0.089,-2.191,-0.691,0.214,0.017
38986.025,33.606979,73.100067,509.464,-0.054,-0.089,-2.193,-0.691,0.214,0.017
38986.032,33.606979,73.100067,509.480,-0.054,-0.089,-2.195,-0.691,0.215,0.017
38986.039,33.606979,73.100067,509.496,-0.054,-0.089,-2.197,-0.692,0.214,0.017
38986.047,33.606979,73.100067,509.512,-0.054,-0.090,-2.199,-0.691,0.213,0.017
38986.054,33.606979,73.100067,509.528,-0.054,-0.090,-2.201,-0.690,0.213,0.017
38986.061,33.606979,73.100067,509.544,-0.054,-0.090,-2.203,-0.690,0.213,0.017
38986.069,33.606979,73.100067,509.560,-0.054,-0.090,-2.205,-0.690,0.213,0.017
38986.076,33.606979,73.100067,509.577,-0.054,-0.090,-2.207,-0.690,0.214,0.016
38986.083,33.606979,73.100067,509.593,-0.054,-0.090,-2.209,-0.690,0.214,0.017
38986.091,33.606979,73.100067,509.609,-0.054,-0.090,-2.211,-0.690,0.213,0.017
38986.164,33.606979,73.100067,509.773,-0.056,-0.091,-2.231,-0.690,0.213,0.019
38986.171,33.606979,73.100067,509.789,-0.056,-0.091,-2.233,-0.690,0.214,0.019
38986.179,33.606979,73.100067,509.806,-0.056,-0.091,-2.235,-0.690,0.213,0.019
38986.186,33.606979,73.100067,509.822,-0.056,-0.091,-2.237,-0.689,0.213,0.020
38986.194,33.606979,73.100067,509.838,-0.056,-0.091,-2.239,-0.690,0.212,0.020
38986.201,33.606979,73.100067,509.855,-0.056,-0.091,-2.241,-0.690,0.212,0.020
38986.208,33.606979,73.100067,509.871,-0.056,-0.090,-2.243,-0.690,0.212,0.020
38986.216,33.606979,73.100067,509.888,-0.056,-0.091,-2.245,-0.689,0.211,0.020
38986.223,33.606979,73.100067,509.904,-0.056,-0.090,-2.246,-0.690,0.211,0.020
38986.230,33.606979,73.100067,509.921,-0.055,-0.090,-2.248,-0.689,0.211,0.021
38986.238,33.606979,73.100067,509.937,-0.056,-0.091,-2.250,-0.690,0.211,0.020
38986.245,33.606979,73.100067,509.954,-0.056,-0.091,-2.252,-0.690,0.211,0.020
38986.252,33.606979,73.100067,509.970,-0.056,-0.090,-2.254,-0.689,0.211,0.020
38986.260,33.606979,73.100067,509.987,-0.056,-0.091,-2.255,-0.689,0.210,0.020
38986.283,33.606979,73.100067,507.965,-0.044,-0.052,-1.800,-0.718,0.220,0.018
38986.291,33.606979,73.100067,507.978,-0.044,-0.052,-1.801,-0.717,0.220,0.019
38986.298,33.606979,73.100067,507.991,-0.044,-0.052,-1.803,-0.717,0.220,0.018
38986.305,33.606979,73.100067,508.004,-0.044,-0.052,-1.804,-0.717,0.221,0.019
38986.313,33.606979,73.100067,508.018,-0.044,-0.052,-1.806,-0.717,0.221,0.018
38986.320,33.606979,73.100067,508.031,-0.045,-0.053,-1.808,-0.717,0.221,0.018
38986.327,33.606979,73.100067,508.044,-0.045,-0.053,-1.809,-0.717,0.221,0.018
38986.335,33.606979,73.100067,508.057,-0.045,-0.053,-1.810,-0.717,0.221,0.018
38986.342,33.606979,73.100067,508.071,-0.045,-0.053,-1.812,-0.717,0.221,0.018
38986.349,33.606979,73.100067,508.084,-0.045,-0.053,-1.813,-0.717,0.222,0.018
38986.447,33.606979,73.100067,508.262,-0.045,-0.052,-1.835,-0.721,0.222,0.016
38986.454,33.606979,73.100067,508.276,-0.045,-0.052,-1.837,-0.720,0.222,0.016
38986.462,33.606979,73.100067,508.289,-0.046,-0.052,-1.838,-0.721,0.222,0.017
38986.469,33.606979,73.100067,508.303,-0.046,-0.052,-1.840,-0.721,0.222,0.018
38986.476,33.606979,73.100067,508.316,-0.046,-0.052,-1.841,-0.722,0.222,0.019
38986.484,33.606979,73.100067,508.330,-0.046,-0.052,-1.843,-0.721,0.222,0.020
38986.491,33.606979,73.100067,508.343,-0.046,-0.053,-1.844,-0.722,0.222,0.020
38986.498,33.606979,73.100067,508.356,-0.046,-0.052,-1.846,-0.722,0.223,0.020
38986.505,33.606979,73.100067,508.370,-0.046,-0.052,-1.848,-0.722,0.222,0.020
38986.513,33.606979,73.100067,508.384,-0.046,-0.052,-1.850,-0.722,0.221,0.020
38986.520,33.606979,73.100067,508.397,-0.046,-0.052,-1.852,-0.722,0.222,0.019
38986.527,33.606979,73.100067,508.411,-0.046,-0.052,-1.853,-0.722,0.221,0.019
38986.535,33.606979,73.100067,508.424,-0.046,-0.052,-1.854,-0.721,0.221,0.020
38986.542,33.606979,73.100067,508.438,-0.046,-0.052,-1.855,-0.721,0.220,0.020
38986.550,33.606979,73.100067,508.452,-0.046,-0.052,-1.857,-0.721,0.222,0.021
38986.557,33.606979,73.100067,508.465,-0.046,-0.052,-1.859,-0.721,0.222,0.020
38986.564,33.606979,73.100067,508.479,-0.046,-0.052,-1.861,-0.721,0.221,0.021
38986.571,33.606979,73.100067,508.492,-0.046,-0.052,-1.863,-0.721,0.221,0.021
38986.579,33.606979,73.100067,508.506,-0.046,-0.052,-1.865,-0.721,0.221,0.020
38986.586,33.606979,73.100067,508.520,-0.046,-0.052,-1.866,-0.721,0.221,0.020
38986.594,33.606979,73.100067,508.533,-0.046,-0.052,-1.868,-0.721,0.221,0.020
38986.601,33.606979,73.100067,508.547,-0.047,-0.052,-1.870,-0.720,0.221,0.020
38986.608,33.606979,73.100067,508.561,-0.047,-0.052,-1.872,-0.719,0.221,0.019
38986.615,33.606979,73.100067,508.575,-0.047,-0.052,-1.873,-0.720,0.222,0.020
38986.623,33.606979,73.100067,508.588,-0.047,-0.052,-1.875,-0.720,0.222,0.019
38986.630,33.606979,73.100067,508.602,-0.047,-0.052,-1.877,-0.720,0.222,0.020
38986.637,33.606979,73.100067,508.616,-0.047,-0.052,-1.878,-0.721,0.222,0.019
38986.645,33.606979,73.100067,508.630,-0.047,-0.052,-1.880,-0.721,0.223,0.018
38986.652,33.606979,73.100067,508.643,-0.047,-0.052,-1.882,-0.721,0.223,0.017
38986.660,33.606979,73.100067,508.657,-0.047,-0.052,-1.884,-0.721,0.222,0.016
38986.667,33.606979,73.100067,508.671,-0.047,-0.052,-1.885,-0.722,0.222,0.017
38986.674,33.606979,73.100067,508.685,-0.047,-0.052,-1.887,-0.723,0.222,0.017
38986.682,33.606979,73.100067,508.699,-0.047,-0.052,-1.889,-0.722,0.222,0.017
38986.689,33.606979,73.100067,508.713,-0.047,-0.052,-1.891,-0.722,0.222,0.016
38986.696,33.606979,73.100067,508.727,-0.047,-0.052,-1.892,-0.722,0.223,0.016
38986.704,33.606979,73.100067,508.740,-0.047,-0.052,-1.894,-0.722,0.224,0.016
38986.711,33.606979,73.100067,508.754,-0.047,-0.051,-1.895,-0.722,0.224,0.017
38986.718,33.606979,73.100067,508.768,-0.047,-0.051,-1.897,-0.722,0.225,0.017
38986.726,33.606979,73.100067,508.782,-0.047,-0.051,-1.898,-0.722,0.224,0.017
38986.789,33.606979,73.100067,508.902,-0.047,-0.052,-1.911,-0.726,0.224,0.017
38986.796,33.606979,73.100067,508.917,-0.048,-0.051,-1.913,-0.726,0.224,0.018
38986.804,33.606979,73.100067,508.931,-0.048,-0.052,-1.916,-0.727,0.224,0.018
38986.811,33.606979,73.100067,508.945,-0.048,-0.051,-1.917,-0.727,0.224,0.018
38986.818,33.606979,73.100067,508.959,-0.048,-0.051,-1.919,-0.727,0.224,0.019
38986.826,33.606979,73.100067,508.973,-0.048,-0.051,-1.920,-0.727,0.225,0.020
38986.833,33.606979,73.100067,508.987,-0.048,-0.051,-1.922,-0.728,0.224,0.020
38986.840,33.606979,73.100067,509.001,-0.048,-0.051,-1.924,-0.728,0.225,0.019
38986.848,33.606979,73.100067,509.015,-0.048,-0.051,-1.925,-0.728,0.225,0.020
38986.855,33.606979,73.100067,509.030,-0.047,-0.050,-1.927,-0.729,0.225,0.020
38986.862,33.606979,73.100067,509.044,-0.048,-0.050,-1.928,-0.729,0.225,0.020
38986.870,33.606979,73.100067,509.058,-0.047,-0.050,-1.930,-0.730,0.225,0.020
38986.877,33.606979,73.100067,509.072,-0.047,-0.050,-1.931,-0.731,0.225,0.021
38986.884,33.606979,73.100067,509.086,-0.048,-0.050,-1.933,-0.731,0.226,0.022
38986.891,33.606979,73.100067,509.100,-0.048,-0.050,-1.934,-0.731,0.226,0.023
38986.899,33.606979,73.100067,509.115,-0.048,-0.050,-1.936,-0.732,0.226,0.023
38986.906,33.606979,73.100067,509.129,-0.048,-0.050,-1.938,-0.732,0.226,0.024
38986.914,33.606979,73.100067,509.143,-0.048,-0.050,-1.939,-0.733,0.226,0.023
38986.921,33.606979,73.100067,509.157,-0.048,-0.050,-1.941,-0.733,0.227,0.023
38986.928,33.606979,73.100067,509.171,-0.048,-0.050,-1.942,-0.733,0.227,0.022
38986.935,33.606979,73.100067,509.185,-0.048,-0.050,-1.944,-0.733,0.226,0.022
38986.943,33.606979,73.100067,509.200,-0.048,-0.050,-1.945,-0.733,0.226,0.022
38986.950,33.606979,73.100067,509.214,-0.048,-0.049,-1.946,-0.733,0.226,0.023
38986.957,33.606979,73.100067,509.228,-0.048,-0.050,-1.948,-0.733,0.227,0.024
38986.965,33.606979,73.100067,509.243,-0.048,-0.049,-1.949,-0.734,0.227,0.023
38986.972,33.606979,73.100067,509.257,-0.048,-0.049,-1.951,-0.733,0.227,0.023
38986.980,33.606979,73.100067,509.271,-0.048,-0.049,-1.953,-0.734,0.227,0.024
38986.987,33.606979,73.100067,509.286,-0.048,-0.049,-1.955,-0.734,0.227,0.024
38986.994,33.606979,73.100067,509.300,-0.048,-0.049,-1.956,-0.735,0.227,0.024
38987.001,33.606979,73.100067,509.314,-0.048,-0.049,-1.958,-0.735,0.226,0.024
38987.009,33.606979,73.100067,509.329,-0.048,-0.049,-1.959,-0.736,0.226,0.025
38987.016,33.606979,73.100067,509.343,-0.048,-0.049,-1.961,-0.735,0.226,0.024
38987.023,33.606979,73.100067,509.357,-0.048,-0.049,-1.963,-0.735,0.226,0.024
38987.031,33.606979,73.100067,509.371,-0.048,-0.049,-1.964,-0.735,0.227,0.024
38987.142,33.606979,73.100067,509.592,-0.047,-0.050,-1.990,-0.739,0.231,0.022
38987.149,33.606979,73.100067,509.607,-0.047,-0.050,-1.991,-0.739,0.232,0.022
38987.157,33.606979,73.100067,509.621,-0.047,-0.049,-1.992,-0.741,0.232,0.023
38987.164,33.606979,73.100067,509.636,-0.047,-0.049,-1.994,-0.741,0.233,0.023
38987.172,33.606979,73.100067,509.651,-0.047,-0.049,-1.996,-0.741,0.233,0.023
38987.179,33.606979,73.100067,509.665,-0.047,-0.049,-1.998,-0.741,0.233,0.024
38987.186,33.606979,73.100067,509.680,-0.047,-0.049,-1.999,-0.741,0.233,0.024
38987.194,33.606979,73.100067,509.694,-0.048,-0.049,-2.001,-0.742,0.233,0.024
38987.201,33.606979,73.100067,509.709,-0.048,-0.049,-2.002,-0.742,0.232,0.024
38987.208,33.606979,73.100067,509.724,-0.048,-0.049,-2.004,-0.742,0.233,0.024
38987.215,33.606979,73.100067,509.738,-0.048,-0.049,-2.006,-0.742,0.234,0.023
38987.223,33.606979,73.100067,509.754,-0.048,-0.049,-2.007,-0.742,0.234,0.024
38987.230,33.606979,73.100067,509.768,-0.048,-0.049,-2.009,-0.743,0.234,0.024
38987.238,33.606979,73.100067,509.783,-0.048,-0.049,-2.010,-0.743,0.234,0.024
38987.245,33.606979,73.100067,509.798,-0.048,-0.049,-2.011,-0.744,0.235,0.024
38987.253,33.606979,73.100067,509.813,-0.048,-0.049,-2.013,-0.744,0.234,0.023
38987.276,33.606979,73.100075,507.790,-0.039,-0.024,-1.573,-0.766,0.242,0.025
38987.283,33.606979,73.100075,507.801,-0.039,-0.024,-1.574,-0.767,0.243,0.026
38987.291,33.606979,73.100075,507.813,-0.039,-0.023,-1.576,-0.767,0.243,0.027
38987.298,33.606979,73.100075,507.824,-0.039,-0.023,-1.577,-0.767,0.242,0.028
38987.305,33.606979,73.100075,507.836,-0.039,-0.023,-1.579,-0.767,0.242,0.028
38987.312,33.606979,73.100075,507.847,-0.039,-0.023,-1.580,-0.767,0.243,0.028
38987.320,33.606979,73.100075,507.859,-0.039,-0.022,-1.581,-0.767,0.243,0.028
38987.327,33.606979,73.100075,507.871,-0.039,-0.022,-1.582,-0.767,0.243,0.028
38987.335,33.606979,73.100075,507.882,-0.039,-0.022,-1.584,-0.767,0.242,0.028
38987.342,33.606979,73.100075,507.894,-0.039,-0.022,-1.585,-0.767,0.242,0.028
38987.349,33.606979,73.100075,507.905,-0.039,-0.022,-1.586,-0.767,0.243,0.028
38987.357,33.606979,73.100075,507.917,-0.039,-0.022,-1.587,-0.767,0.243,0.030
38987.364,33.606979,73.100075,507.929,-0.039,-0.021,-1.588,-0.768,0.244,0.030
38987.371,33.606979,73.100067,507.940,-0.039,-0.021,-1.590,-0.768,0.243,0.031
38987.378,33.606979,73.100067,507.952,-0.039,-0.021,-1.592,-0.768,0.244,0.031
38987.386,33.606979,73.100067,507.964,-0.039,-0.021,-1.593,-0.768,0.244,0.032
38987.393,33.606979,73.100067,507.975,-0.039,-0.021,-1.594,-0.768,0.243,0.032
38987.401,33.606979,73.100067,507.987,-0.039,-0.021,-1.595,-0.768,0.243,0.033
38987.408,33.606979,73.100067,507.999,-0.039,-0.021,-1.597,-0.768,0.243,0.033
38987.415,33.606979,73.100067,508.010,-0.039,-0.020,-1.599,-0.767,0.242,0.034
38987.423,33.606979,73.100067,508.022,-0.039,-0.020,-1.600,-0.767,0.242,0.034
38987.430,33.606979,73.100067,508.034,-0.039,-0.020,-1.602,-0.767,0.241,0.034
38987.437,33.606979,73.100067,508.046,-0.039,-0.020,-1.603,-0.768,0.241,0.035
38987.444,33.606979,73.100067,508.057,-0.039,-0.020,-1.604,-0.768,0.240,0.034
38987.452,33.606979,73.100067,508.069,-0.039,-0.020,-1.605,-0.767,0.240,0.035
38987.459,33.606979,73.100067,508.081,-0.039,-0.020,-1.606,-0.767,0.241,0.034
38987.467,33.606979,73.100067,508.093,-0.039,-0.020,-1.608,-0.768,0.241,0.034
38987.474,33.606979,73.100067,508.105,-0.039,-0.019,-1.609,-0.768,0.241,0.035
38987.481,33.606979,73.100067,508.116,-0.039,-0.019,-1.611,-0.768,0.241,0.035
38987.488,33.606979,73.100067,508.128,-0.039,-0.019,-1.612,-0.769,0.241,0.035
38987.552,33.606979,73.100067,508.230,-0.039,-0.019,-1.624,-0.773,0.242,0.038
38987.560,33.606979,73.100067,508.244,-0.039,-0.019,-1.625,-0.773,0.242,0.037
38987.568,33.606979,73.100067,508.256,-0.039,-0.019,-1.627,-0.773,0.243,0.038
38987.575,33.606979,73.100067,508.268,-0.039,-0.019,-1.628,-0.772,0.242,0.038
38987.582,33.606979,73.100067,508.280,-0.039,-0.019,-1.629,-0.772,0.242,0.037
38987.590,33.606979,73.100067,508.292,-0.039,-0.019,-1.630,-0.772,0.241,0.037
38987.597,33.606979,73.100067,508.304,-0.039,-0.019,-1.631,-0.773,0.241,0.037
38987.604,33.606979,73.100067,508.316,-0.039,-0.019,-1.633,-0.773,0.241,0.038
38987.611,33.606979,73.100067,508.328,-0.039,-0.019,-1.634,-0.773,0.242,0.038
38987.619,33.606979,73.100067,508.339,-0.039,-0.019,-1.636,-0.773,0.242,0.038
38987.626,33.606979,73.100067,508.351,-0.039,-0.018,-1.638,-0.773,0.243,0.038
38987.633,33.606979,73.100067,508.363,-0.039,-0.018,-1.639,-0.772,0.243,0.038
38987.641,33.606979,73.100067,508.375,-0.039,-0.018,-1.641,-0.773,0.242,0.038
38987.648,33.606979,73.100067,508.387,-0.039,-0.018,-1.642,-0.773,0.243,0.039
38987.655,33.606979,73.100067,508.399,-0.039,-0.018,-1.643,-0.773,0.243,0.041
38987.662,33.606979,73.100067,508.411,-0.039,-0.017,-1.644,-0.773,0.242,0.042
38987.670,33.606979,73.100067,508.423,-0.039,-0.017,-1.646,-0.772,0.242,0.042
38987.677,33.606979,73.100067,508.436,-0.039,-0.017,-1.648,-0.773,0.242,0.041
38987.685,33.606979,73.100067,508.448,-0.039,-0.017,-1.649,-0.774,0.241,0.041
38987.692,33.606979,73.100067,508.460,-0.039,-0.018,-1.651,-0.774,0.242,0.042
38987.699,33.606979,73.100067,508.472,-0.039,-0.017,-1.652,-0.774,0.242,0.042
38987.706,33.606979,73.100067,508.484,-0.039,-0.017,-1.653,-0.774,0.242,0.043
38987.714,33.606979,73.100067,508.496,-0.039,-0.017,-1.654,-0.774,0.242,0.044
38987.721,33.606979,73.100067,508.508,-0.039,-0.017,-1.656,-0.775,0.242,0.043
38987.728,33.606979,73.100067,508.520,-0.039,-0.016,-1.657,-0.774,0.242,0.043
38987.736,33.606979,73.100067,508.532,-0.039,-0.016,-1.658,-0.776,0.243,0.044
38987.743,33.606979,73.100067,508.544,-0.039,-0.016,-1.659,-0.776,0.243,0.044
38987.750,33.606979,73.100067,508.556,-0.039,-0.016,-1.660,-0.776,0.243,0.044
38987.757,33.606979,73.100067,508.568,-0.039,-0.017,-1.661,-0.776,0.244,0.044
38987.765,33.606979,73.100067,508.581,-0.039,-0.016,-1.663,-0.778,0.244,0.044
38987.772,33.606979,73.100067,508.593,-0.039,-0.016,-1.664,-0.779,0.245,0.045
38987.869,33.606979,73.100067,508.755,-0.038,-0.014,-1.683,-0.779,0.245,0.045
38987.878,33.606979,73.100067,508.771,-0.038,-0.014,-1.684,-0.779,0.245,0.045
38987.886,33.606979,73.100067,508.783,-0.038,-0.014,-1.686,-0.779,0.247,0.046
38987.893,33.606979,73.100067,508.796,-0.038,-0.014,-1.687,-0.778,0.246,0.045
38987.901,33.606979,73.100067,508.808,-0.037,-0.013,-1.689,-0.777,0.247,0.047
38987.908,33.606979,73.100067,508.820,-0.037,-0.013,-1.689,-0.777,0.247,0.048
38987.915,33.606979,73.100067,508.833,-0.037,-0.013,-1.690,-0.777,0.247,0.048
38987.923,33.606979,73.100067,508.845,-0.037,-0.013,-1.692,-0.777,0.246,0.048
38987.930,33.606979,73.100067,508.858,-0.037,-0.013,-1.693,-0.777,0.246,0.049
38987.937,33.606979,73.100067,508.870,-0.037,-0.013,-1.695,-0.777,0.246,0.049
38987.944,33.606979,73.100067,508.882,-0.037,-0.013,-1.696,-0.777,0.247,0.049
38987.952,33.606979,73.100067,508.895,-0.037,-0.013,-1.697,-0.777,0.246,0.050
38987.959,33.606979,73.100067,508.907,-0.037,-0.013,-1.698,-0.777,0.246,0.050
38987.967,33.606979,73.100067,508.920,-0.037,-0.012,-1.699,-0.777,0.247,0.050
38987.974,33.606979,73.100067,508.932,-0.037,-0.012,-1.700,-0.777,0.246,0.051
38987.981,33.606979,73.100067,508.945,-0.037,-0.012,-1.702,-0.778,0.247,0.051
38987.988,33.606979,73.100067,508.957,-0.037,-0.012,-1.703,-0.777,0.246,0.052
38987.996,33.606979,73.100067,508.970,-0.037,-0.011,-1.704,-0.776,0.246,0.052
38988.003,33.606979,73.100067,508.982,-0.037,-0.011,-1.706,-0.776,0.246,0.053
38988.010,33.606979,73.100067,508.995,-0.037,-0.011,-1.707,-0.777,0.247,0.053
38988.018,33.606979,73.100067,509.007,-0.037,-0.011,-1.708,-0.776,0.247,0.053
38988.025,33.606979,73.100067,509.019,-0.037,-0.011,-1.709,-0.776,0.247,0.053
38988.032,33.606979,73.100067,509.032,-0.037,-0.011,-1.711,-0.778,0.248,0.053
38988.039,33.606979,73.100067,509.044,-0.037,-0.011,-1.712,-0.779,0.247,0.054
38988.047,33.606979,73.100067,509.057,-0.037,-0.011,-1.714,-0.779,0.247,0.055
38988.054,33.606979,73.100067,509.070,-0.037,-0.011,-1.715,-0.779,0.246,0.055
38988.117,33.606979,73.100067,509.178,-0.038,-0.011,-1.726,-0.783,0.245,0.054
38988.126,33.606979,73.100067,509.193,-0.037,-0.010,-1.728,-0.783,0.244,0.054
38988.133,33.606979,73.100067,509.205,-0.037,-0.010,-1.729,-0.783,0.244,0.054
38988.141,33.606979,73.100067,509.218,-0.037,-0.010,-1.730,-0.784,0.245,0.055
38988.148,33.606979,73.100067,509.231,-0.037,-0.010,-1.731,-0.784,0.244,0.055
38988.155,33.606979,73.100067,509.244,-0.037,-0.010,-1.733,-0.785,0.244,0.054
38988.163,33.606979,73.100067,509.257,-0.037,-0.009,-1.734,-0.786,0.243,0.054
38988.170,33.606979,73.100067,509.269,-0.038,-0.009,-1.736,-0.785,0.243,0.054
38988.177,33.606979,73.100067,509.282,-0.038,-0.009,-1.737,-0.786,0.243,0.055
38988.185,33.606979,73.100067,509.295,-0.038,-0.009,-1.739,-0.786,0.243,0.055
38988.192,33.606979,73.100067,509.307,-0.037,-0.009,-1.740,-0.786,0.243,0.054
38988.199,33.606979,73.100067,509.320,-0.038,-0.009,-1.742,-0.785,0.243,0.054
38988.207,33.606979,73.100067,509.333,-0.037,-0.009,-1.743,-0.786,0.242,0.053
38988.214,33.606979,73.100067,509.346,-0.038,-0.008,-1.744,-0.786,0.241,0.054
38988.221,33.606979,73.100067,509.358,-0.038,-0.008,-1.745,-0.786,0.242,0.054
38988.228,33.606979,73.100067,509.371,-0.038,-0.008,-1.746,-0.786,0.242,0.054
38988.236,33.606979,73.100067,509.384,-0.038,-0.008,-1.747,-0.787,0.242,0.054
38988.243,33.606979,73.100067,509.397,-0.038,-0.008,-1.748,-0.787,0.241,0.053
38988.251,33.606979,73.100067,509.411,-0.037,-0.008,-1.750,-0.787,0.241,0.053
38988.274,33.606979,73.100075,507.483,-0.025,0.005,-1.352,-0.801,0.253,0.052
38988.282,33.606979,73.100075,507.493,-0.025,0.005,-1.354,-0.800,0.253,0.052
38988.289,33.606979,73.100075,507.502,-0.025,0.005,-1.355,-0.799,0.254,0.053
38988.296,33.606979,73.100075,507.512,-0.026,0.005,-1.356,-0.799,0.253,0.053
38988.304,33.606979,73.100075,507.522,-0.026,0.005,-1.357,-0.799,0.254,0.053
38988.311,33.606979,73.100075,507.532,-0.026,0.006,-1.358,-0.799,0.254,0.053
38988.318,33.606979,73.100075,507.542,-0.025,0.006,-1.359,-0.799,0.253,0.054
38988.326,33.606979,73.100075,507.552,-0.025,0.006,-1.360,-0.799,0.254,0.054
38988.333,33.606979,73.100075,507.562,-0.026,0.006,-1.361,-0.800,0.253,0.053
38988.340,33.606979,73.100075,507.572,-0.026,0.006,-1.362,-0.799,0.253,0.053
38988.348,33.606979,73.100075,507.582,-0.026,0.007,-1.363,-0.800,0.253,0.054
38988.355,33.606979,73.100075,507.592,-0.026,0.007,-1.364,-0.801,0.253,0.053
38988.362,33.606979,73.100075,507.602,-0.026,0.007,-1.365,-0.801,0.254,0.053
38988.370,33.606979,73.100075,507.612,-0.026,0.006,-1.366,-0.801,0.254,0.053
38988.377,33.606979,73.100075,507.622,-0.026,0.007,-1.367,-0.801,0.254,0.053
38988.384,33.606979,73.100075,507.632,-0.026,0.007,-1.369,-0.801,0.254,0.052
38988.392,33.606979,73.100075,507.642,-0.026,0.007,-1.371,-0.800,0.254,0.052
38988.477,33.606979,73.100075,507.760,-0.025,0.008,-1.382,-0.792,0.256,0.054
38988.485,33.606979,73.100075,507.770,-0.025,0.008,-1.383,-0.791,0.256,0.054
38988.492,33.606979,73.100075,507.781,-0.024,0.009,-1.384,-0.790,0.257,0.054
38988.499,33.606979,73.100075,507.791,-0.024,0.008,-1.385,-0.790,0.257,0.055
38988.507,33.606979,73.100075,507.801,-0.024,0.009,-1.386,-0.791,0.257,0.055
38988.514,33.606979,73.100075,507.811,-0.024,0.009,-1.387,-0.790,0.257,0.054
38988.521,33.606979,73.100075,507.821,-0.024,0.009,-1.388,-0.790,0.257,0.054
38988.529,33.606979,73.100075,507.831,-0.024,0.009,-1.389,-0.790,0.257,0.053
38988.536,33.606979,73.100075,507.842,-0.024,0.009,-1.390,-0.790,0.258,0.053
38988.543,33.606979,73.100075,507.852,-0.024,0.010,-1.391,-0.790,0.258,0.053
38988.662,33.606979,73.100075,508.018,-0.024,0.011,-1.406,-0.792,0.262,0.058
38988.669,33.606979,73.100075,508.028,-0.024,0.011,-1.407,-0.793,0.263,0.059
38988.676,33.606979,73.100075,508.038,-0.024,0.012,-1.408,-0.794,0.263,0.059
38988.684,33.606979,73.100075,508.048,-0.024,0.012,-1.410,-0.794,0.263,0.060
38988.691,33.606979,73.100075,508.059,-0.024,0.012,-1.410,-0.794,0.263,0.060
38988.698,33.606979,73.100075,508.069,-0.024,0.012,-1.411,-0.794,0.263,0.060
38988.706,33.606979,73.100075,508.079,-0.024,0.012,-1.413,-0.794,0.263,0.060
38988.713,33.606979,73.100075,508.089,-0.024,0.012,-1.414,-0.794,0.263,0.060
38988.720,33.606979,73.100075,508.100,-0.024,0.012,-1.415,-0.794,0.263,0.060
38988.727,33.606979,73.100075,508.110,-0.024,0.012,-1.416,-0.795,0.264,0.060
38988.735,33.606979,73.100075,508.120,-0.024,0.013,-1.417,-0.795,0.264,0.060
38988.742,33.606979,73.100075,508.131,-0.024,0.013,-1.419,-0.796,0.264,0.061
38988.749,33.606979,73.100075,508.141,-0.024,0.013,-1.420,-0.797,0.264,0.061
38988.757,33.606979,73.100075,508.152,-0.025,0.013,-1.420,-0.797,0.265,0.061
38988.764,33.606979,73.100075,508.162,-0.025,0.013,-1.421,-0.797,0.265,0.061
38988.771,33.606979,73.100075,508.172,-0.025,0.013,-1.423,-0.797,0.265,0.061
38988.779,33.606979,73.100075,508.183,-0.024,0.013,-1.424,-0.797,0.265,0.061
38988.786,33.606979,73.100075,508.193,-0.025,0.014,-1.425,-0.797,0.264,0.060
38988.860,33.606979,73.100075,508.299,-0.023,0.015,-1.433,-0.798,0.267,0.059
38988.869,33.606979,73.100075,508.312,-0.023,0.015,-1.434,-0.796,0.267,0.059
38988.876,33.606979,73.100075,508.322,-0.024,0.015,-1.435,-0.797,0.267,0.059
38988.884,33.606979,73.100075,508.333,-0.024,0.015,-1.437,-0.797,0.267,0.060
38988.891,33.606979,73.100075,508.343,-0.024,0.015,-1.438,-0.797,0.267,0.060
38988.898,33.606979,73.100075,508.354,-0.024,0.016,-1.439,-0.797,0.268,0.060
38988.906,33.606979,73.100075,508.364,-0.024,0.016,-1.440,-0.798,0.268,0.060
38988.913,33.606979,73.100075,508.375,-0.024,0.016,-1.441,-0.797,0.267,0.060
38988.920,33.606979,73.100075,508.385,-0.024,0.016,-1.442,-0.798,0.267,0.060
38988.927,33.606979,73.100075,508.396,-0.024,0.016,-1.443,-0.799,0.267,0.060
38988.935,33.606979,73.100075,508.407,-0.024,0.017,-1.444,-0.799,0.267,0.060
38988.942,33.606979,73.100075,508.417,-0.024,0.017,-1.445,-0.800,0.267,0.061
38988.949,33.606979,73.100075,508.428,-0.023,0.017,-1.446,-0.799,0.267,0.061
38988.957,33.606979,73.100075,508.438,-0.023,0.017,-1.447,-0.799,0.268,0.061
38988.964,33.606979,73.100075,508.449,-0.023,0.018,-1.448,-0.798,0.268,0.061
38988.971,33.606979,73.100075,508.459,-0.023,0.018,-1.449,-0.797,0.267,0.061
38988.978,33.606979,73.100075,508.470,-0.023,0.018,-1.449,-0.797,0.267,0.060
38989.064,33.606979,73.100075,508.595,-0.024,0.019,-1.461,-0.802,0.265,0.061
38989.072,33.606979,73.100075,508.606,-0.024,0.019,-1.462,-0.803,0.266,0.060
38989.080,33.606979,73.100075,508.617,-0.024,0.019,-1.463,-0.803,0.266,0.060
38989.087,33.606979,73.100075,508.628,-0.023,0.019,-1.464,-0.803,0.266,0.061
38989.094,33.606979,73.100075,508.639,-0.024,0.019,-1.465,-0.803,0.267,0.061
38989.101,33.606979,73.100075,508.649,-0.024,0.019,-1.466,-0.803,0.267,0.061
38989.109,33.606979,73.100075,508.660,-0.024,0.020,-1.467,-0.802,0.267,0.061
38989.116,33.606979,73.100075,508.671,-0.023,0.020,-1.468,-0.802,0.268,0.061
38989.124,33.606979,73.100075,508.682,-0.023,0.020,-1.470,-0.802,0.267,0.061
38989.131,33.606979,73.100075,508.693,-0.023,0.020,-1.471,-0.802,0.268,0.062
38989.138,33.606979,73.100075,508.703,-0.023,0.020,-1.471,-0.803,0.268,0.061
38989.146,33.606979,73.100075,508.714,-0.023,0.020,-1.472,-0.802,0.268,0.061
38989.153,33.606979,73.100075,508.725,-0.023,0.020,-1.473,-0.802,0.268,0.060
38989.160,33.606979,73.100075,508.736,-0.023,0.020,-1.474,-0.802,0.268,0.061
38989.168,33.606979,73.100075,508.747,-0.023,0.020,-1.475,-0.803,0.268,0.062
38989.175,33.606979,73.100075,508.757,-0.023,0.021,-1.477,-0.803,0.268,0.061
38989.182,33.606979,73.100075,508.768,-0.023,0.021,-1.477,-0.803,0.268,0.062
38989.190,33.606979,73.100075,508.779,-0.023,0.021,-1.478,-0.803,0.267,0.061
38989.197,33.606979,73.100075,508.790,-0.023,0.021,-1.479,-0.803,0.267,0.061
38989.358,33.606979,73.100075,507.203,-0.015,0.025,-1.150,-0.802,0.280,0.063
38989.365,33.606979,73.100075,507.212,-0.015,0.025,-1.151,-0.802,0.280,0.063
38989.373,33.606979,73.100075,507.220,-0.015,0.025,-1.152,-0.803,0.280,0.064
38989.380,33.606979,73.100075,507.229,-0.015,0.025,-1.152,-0.803,0.280,0.064
38989.387,33.606979,73.100075,507.237,-0.015,0.025,-1.153,-0.803,0.280,0.065
38989.395,33.606979,73.100075,507.246,-0.015,0.025,-1.154,-0.803,0.281,0.064
38989.402,33.606979,73.100075,507.254,-0.015,0.025,-1.155,-0.803,0.281,0.065
38989.409,33.606979,73.100075,507.263,-0.015,0.025,-1.156,-0.803,0.281,0.063
38989.417,33.606979,73.100075,507.271,-0.015,0.026,-1.157,-0.802,0.280,0.064
38989.424,33.606979,73.100075,507.280,-0.015,0.026,-1.158,-0.803,0.280,0.064
38989.431,33.606979,73.100075,507.288,-0.015,0.025,-1.159,-0.803,0.280,0.064
38989.438,33.606979,73.100075,507.296,-0.014,0.025,-1.160,-0.804,0.281,0.064
38989.446,33.606979,73.100075,507.305,-0.014,0.026,-1.161,-0.803,0.281,0.065
38989.453,33.606979,73.100075,507.314,-0.015,0.026,-1.162,-0.802,0.281,0.065
38989.461,33.606979,73.100075,507.322,-0.014,0.026,-1.163,-0.801,0.280,0.065
38989.547,33.606979,73.100075,507.423,-0.015,0.027,-1.174,-0.802,0.283,0.066
38989.554,33.606979,73.100075,507.431,-0.015,0.027,-1.175,-0.802,0.283,0.067
38989.561,33.606979,73.100075,507.440,-0.014,0.027,-1.176,-0.801,0.284,0.066
38989.569,33.606979,73.100075,507.448,-0.014,0.028,-1.177,-0.802,0.284,0.066
38989.576,33.606979,73.100075,507.457,-0.014,0.027,-1.178,-0.802,0.284,0.066
38989.583,33.606979,73.100075,507.466,-0.014,0.027,-1.179,-0.802,0.285,0.066
38989.590,33.606979,73.100075,507.474,-0.014,0.028,-1.180,-0.803,0.284,0.066
38989.598,33.606979,73.100075,507.483,-0.014,0.028,-1.181,-0.803,0.284,0.067
38989.605,33.606979,73.100075,507.492,-0.014,0.028,-1.182,-0.803,0.285,0.067
38989.613,33.606979,73.100075,507.500,-0.014,0.029,-1.183,-0.803,0.285,0.068
38989.620,33.606979,73.100075,507.509,-0.014,0.029,-1.184,-0.804,0.285,0.068
38989.627,33.606979,73.100075,507.518,-0.013,0.029,-1.184,-0.804,0.286,0.068
38989.635,33.606979,73.100075,507.526,-0.013,0.029,-1.185,-0.803,0.286,0.067
38989.642,33.606979,73.100075,507.535,-0.013,0.029,-1.185,-0.803,0.286,0.069
38989.649,33.606979,73.100075,507.544,-0.013,0.030,-1.185,-0.803,0.286,0.068
38989.656,33.606979,73.100075,507.552,-0.013,0.030,-1.186,-0.803,0.286,0.068
38989.664,33.606979,73.100075,507.561,-0.013,0.030,-1.187,-0.803,0.286,0.068
38989.671,33.606979,73.100075,507.570,-0.013,0.030,-1.188,-0.804,0.285,0.068
38989.679,33.606979,73.100075,507.579,-0.013,0.030,-1.188,-0.804,0.286,0.069
38989.686,33.606979,73.100075,507.587,-0.013,0.030,-1.190,-0.805,0.285,0.069
38989.693,33.606979,73.100075,507.596,-0.013,0.031,-1.190,-0.805,0.285,0.069
38989.700,33.606979,73.100075,507.605,-0.013,0.031,-1.191,-0.804,0.285,0.069
38989.708,33.606979,73.100075,507.613,-0.013,0.031,-1.192,-0.804,0.285,0.069
38989.782,33.606979,73.100075,507.702,-0.013,0.032,-1.199,-0.802,0.288,0.072
38989.789,33.606979,73.100075,507.711,-0.013,0.032,-1.200,-0.803,0.288,0.073
38989.797,33.606979,73.100075,507.720,-0.013,0.032,-1.201,-0.803,0.288,0.072
38989.804,33.606979,73.100075,507.729,-0.013,0.033,-1.201,-0.803,0.288,0.072
38989.812,33.606979,73.100075,507.737,-0.013,0.033,-1.202,-0.804,0.289,0.072
38989.819,33.606979,73.100075,507.746,-0.013,0.033,-1.203,-0.804,0.290,0.072
38989.826,33.606979,73.100075,507.755,-0.013,0.033,-1.204,-0.804,0.290,0.073
38989.833,33.606979,73.100075,507.764,-0.013,0.033,-1.204,-0.805,0.291,0.073
38989.841,33.606979,73.100075,507.773,-0.013,0.034,-1.205,-0.805,0.291,0.073
38989.848,33.606979,73.100075,507.781,-0.013,0.034,-1.206,-0.805,0.291,0.073
38989.855,33.606979,73.100075,507.790,-0.013,0.034,-1.208,-0.805,0.291,0.072
38989.863,33.606979,73.100075,507.799,-0.013,0.034,-1.208,-0.805,0.291,0.071
38989.870,33.606979,73.100075,507.808,-0.012,0.034,-1.209,-0.805,0.290,0.071
38989.877,33.606979,73.100075,507.817,-0.012,0.034,-1.210,-0.806,0.290,0.070
38989.885,33.606979,73.100075,507.826,-0.012,0.034,-1.211,-0.806,0.290,0.069
38989.892,33.606979,73.100075,507.835,-0.012,0.035,-1.212,-0.806,0.290,0.069
38989.899,33.606979,73.100075,507.843,-0.012,0.035,-1.213,-0.806,0.290,0.068
38989.906,33.606979,73.100075,507.852,-0.012,0.035,-1.214,-0.805,0.290,0.068
38989.914,33.606979,73.100075,507.861,-0.012,0.035,-1.215,-0.805,0.290,0.068
38990.102,33.606979,73.100075,508.092,-0.013,0.040,-1.234,-0.804,0.292,0.072
38990.111,33.606979,73.100075,508.103,-0.013,0.040,-1.235,-0.803,0.293,0.073
38990.118,33.606979,73.100075,508.112,-0.013,0.040,-1.237,-0.804,0.293,0.073
38990.126,33.606979,73.100075,508.121,-0.013,0.040,-1.237,-0.804,0.293,0.073
38990.133,33.606979,73.100075,508.130,-0.013,0.041,-1.238,-0.803,0.292,0.072
38990.140,33.606979,73.100075,508.139,-0.013,0.041,-1.239,-0.803,0.293,0.073
38990.148,33.606979,73.100075,508.148,-0.013,0.041,-1.240,-0.804,0.293,0.074
38990.155,33.606979,73.100075,508.157,-0.013,0.041,-1.241,-0.804,0.293,0.074
38990.162,33.606979,73.100075,508.167,-0.013,0.042,-1.241,-0.805,0.293,0.074
38990.170,33.606979,73.100075,508.176,-0.013,0.042,-1.242,-0.805,0.293,0.074
38990.177,33.606979,73.100075,508.185,-0.013,0.042,-1.243,-0.805,0.293,0.075
38990.184,33.606979,73.100075,508.194,-0.013,0.042,-1.243,-0.806,0.293,0.075
38990.192,33.606979,73.100075,508.203,-0.013,0.042,-1.245,-0.806,0.293,0.075
38990.199,33.606979,73.100075,508.212,-0.013,0.042,-1.245,-0.806,0.293,0.074
38990.206,33.606979,73.100075,508.221,-0.013,0.043,-1.246,-0.806,0.293,0.074
38990.213,33.606979,73.100075,508.230,-0.012,0.043,-1.246,-0.807,0.294,0.074
38990.221,33.606979,73.100075,508.239,-0.012,0.043,-1.247,-0.807,0.294,0.075
38990.302,33.606979,73.100075,506.736,-0.008,0.040,-0.963,-0.805,0.297,0.079
38990.309,33.606979,73.100075,506.743,-0.008,0.041,-0.964,-0.805,0.298,0.078
38990.316,33.606979,73.100075,506.750,-0.008,0.042,-0.964,-0.806,0.298,0.078
38990.323,33.606979,73.100075,506.757,-0.008,0.042,-0.965,-0.807,0.298,0.077
38990.331,33.606979,73.100075,506.764,-0.008,0.042,-0.965,-0.807,0.298,0.077
38990.338,33.606979,73.100075,506.771,-0.008,0.043,-0.966,-0.807,0.298,0.078
38990.346,33.606979,73.100075,506.778,-0.008,0.042,-0.966,-0.807,0.298,0.076
38990.353,33.606979,73.100075,506.785,-0.007,0.043,-0.967,-0.807,0.298,0.076
38990.360,33.606979,73.100075,506.793,-0.008,0.043,-0.968,-0.808,0.298,0.075
38990.368,33.606979,73.100075,506.800,-0.008,0.043,-0.968,-0.808,0.299,0.076
38990.375,33.606979,73.100075,506.807,-0.008,0.044,-0.969,-0.807,0.299,0.077
38990.382,33.606979,73.100075,506.814,-0.008,0.044,-0.970,-0.807,0.299,0.076
38990.389,33.606979,73.100075,506.821,-0.008,0.044,-0.970,-0.808,0.299,0.075
38990.397,33.606979,73.100075,506.828,-0.008,0.044,-0.971,-0.808,0.300,0.076
38990.404,33.606979,73.100075,506.835,-0.008,0.044,-0.972,-0.808,0.300,0.076
38990.411,33.606979,73.100075,506.842,-0.008,0.044,-0.973,-0.808,0.300,0.077
38990.419,33.606979,73.100075,506.849,-0.008,0.045,-0.973,-0.808,0.301,0.076
38990.426,33.606979,73.100075,506.856,-0.008,0.045,-0.974,-0.808,0.301,0.076
38990.433,33.606979,73.100075,506.864,-0.008,0.045,-0.975,-0.808,0.300,0.076
38990.441,33.606979,73.100075,506.871,-0.008,0.045,-0.975,-0.808,0.300,0.077
38990.448,33.606979,73.100075,506.878,-0.008,0.045,-0.976,-0.809,0.300,0.077
38990.455,33.606979,73.100075,506.885,-0.007,0.045,-0.977,-0.809,0.299,0.077
38990.463,33.606979,73.100075,506.892,-0.007,0.046,-0.977,-0.809,0.300,0.077
38990.547,33.606979,73.100075,506.975,-0.006,0.048,-0.985,-0.815,0.303,0.076
38990.554,33.606979,73.100075,506.982,-0.006,0.048,-0.985,-0.815,0.302,0.076
38990.562,33.606979,73.100075,506.989,-0.007,0.048,-0.986,-0.815,0.303,0.076
38990.569,33.606979,73.100075,506.997,-0.007,0.048,-0.986,-0.815,0.303,0.075
38990.576,33.606979,73.100075,507.004,-0.006,0.048,-0.988,-0.815,0.303,0.075
38990.584,33.606979,73.100075,507.011,-0.006,0.048,-0.988,-0.814,0.302,0.075
38990.591,33.606979,73.100075,507.018,-0.006,0.048,-0.989,-0.814,0.303,0.075
38990.598,33.606979,73.100075,507.025,-0.006,0.048,-0.989,-0.814,0.302,0.074
38990.605,33.606979,73.100075,507.033,-0.006,0.049,-0.990,-0.814,0.302,0.074
38990.613,33.606979,73.100075,507.040,-0.006,0.049,-0.990,-0.814,0.302,0.074
38990.620,33.606979,73.100075,507.047,-0.006,0.049,-0.991,-0.815,0.301,0.073
38990.627,33.606979,73.100075,507.054,-0.006,0.049,-0.992,-0.815,0.300,0.073
38990.635,33.606979,73.100075,507.061,-0.006,0.049,-0.992,-0.816,0.300,0.074
38990.642,33.606979,73.100075,507.069,-0.006,0.049,-0.992,-0.816,0.300,0.073
38990.649,33.606979,73.100075,507.076,-0.006,0.049,-0.993,-0.815,0.300,0.072
38990.656,33.606979,73.100075,507.083,-0.006,0.050,-0.994,-0.816,0.300,0.072
38990.664,33.606979,73.100075,507.090,-0.006,0.050,-0.995,-0.817,0.300,0.071
38990.671,33.606979,73.100075,507.098,-0.006,0.050,-0.996,-0.817,0.300,0.072
38990.678,33.606979,73.100075,507.105,-0.006,0.050,-0.996,-0.817,0.299,0.072
38990.821,33.606979,73.100075,507.248,-0.004,0.052,-1.007,-0.822,0.299,0.074
38990.829,33.606979,73.100075,507.256,-0.005,0.053,-1.008,-0.821,0.299,0.075
38990.836,33.606979,73.100075,507.263,-0.005,0.053,-1.009,-0.823,0.299,0.076
38990.843,33.606979,73.100075,507.270,-0.005,0.053,-1.010,-0.823,0.298,0.076
38990.850,33.606979,73.100075,507.278,-0.004,0.054,-1.011,-0.824,0.297,0.076
38990.858,33.606979,73.100075,507.285,-0.004,0.054,-1.011,-0.825,0.298,0.077
38990.865,33.606979,73.100075,507.292,-0.004,0.054,-1.012,-0.825,0.298,0.078
38990.872,33.606979,73.100075,507.300,-0.004,0.054,-1.012,-0.826,0.298,0.078
38990.880,33.606979,73.100075,507.307,-0.004,0.054,-1.013,-0.827,0.298,0.078
38990.887,33.606979,73.100075,507.315,-0.004,0.055,-1.014,-0.829,0.298,0.078
38990.894,33.606979,73.100075,507.322,-0.004,0.055,-1.015,-0.830,0.297,0.077
38990.901,33.606979,73.100075,507.329,-0.004,0.055,-1.016,-0.830,0.297,0.076
38990.909,33.606979,73.100075,507.337,-0.004,0.055,-1.017,-0.830,0.296,0.075
38990.916,33.606979,73.100075,507.344,-0.004,0.055,-1.017,-0.830,0.296,0.076
38990.923,33.606979,73.100075,507.352,-0.004,0.055,-1.018,-0.830,0.295,0.077
38991.008,33.606979,73.100075,507.438,-0.004,0.058,-1.025,-0.833,0.296,0.080
38991.015,33.606979,73.100075,507.445,-0.004,0.058,-1.026,-0.832,0.296,0.080
38991.022,33.606979,73.100075,507.453,-0.003,0.058,-1.026,-0.833,0.296,0.080
38991.029,33.606979,73.100075,507.460,-0.003,0.058,-1.027,-0.832,0.298,0.080
38991.037,33.606979,73.100075,507.468,-0.003,0.058,-1.028,-0.832,0.298,0.080
38991.044,33.606979,73.100075,507.475,-0.003,0.059,-1.029,-0.833,0.298,0.080
38991.051,33.606979,73.100075,507.483,-0.003,0.059,-1.029,-0.833,0.298,0.081
38991.059,33.606979,73.100075,507.490,-0.003,0.059,-1.030,-0.834,0.298,0.080
38991.066,33.606979,73.100075,507.498,-0.003,0.059,-1.030,-0.834,0.299,0.081
38991.073,33.606979,73.100075,507.505,-0.003,0.059,-1.031,-0.835,0.299,0.081
38991.080,33.606979,73.100075,507.513,-0.003,0.060,-1.031,-0.834,0.299,0.081
38991.088,33.606979,73.100075,507.520,-0.003,0.060,-1.033,-0.835,0.299,0.083
38991.095,33.606979,73.100075,507.528,-0.003,0.060,-1.033,-0.835,0.299,0.083
38991.103,33.606979,73.100075,507.536,-0.003,0.060,-1.033,-0.836,0.299,0.083
38991.110,33.606979,73.100075,507.543,-0.003,0.060,-1.034,-0.835,0.299,0.083
38991.117,33.606979,73.100075,507.551,-0.003,0.060,-1.034,-0.835,0.298,0.084
38991.125,33.606979,73.100075,507.558,-0.003,0.061,-1.034,-0.835,0.298,0.083
38991.209,33.606979,73.100075,507.647,-0.003,0.063,-1.042,-0.836,0.300,0.086
38991.217,33.606979,73.100075,507.654,-0.003,0.063,-1.042,-0.835,0.300,0.086
38991.224,33.606979,73.100075,507.662,-0.002,0.064,-1.042,-0.835,0.299,0.086
38991.232,33.606979,73.100075,507.670,-0.003,0.064,-1.043,-0.836,0.299,0.086
38991.239,33.606979,73.100075,507.677,-0.003,0.064,-1.044,-0.836,0.299,0.085
38991.246,33.606979,73.100075,507.685,-0.003,0.065,-1.044,-0.835,0.299,0.086
38991.254,33.606979,73.100075,507.693,-0.003,0.065,-1.045,-0.836,0.299,0.085
38991.277,33.606979,73.100075,506.324,-0.004,0.053,-0.806,-0.823,0.297,0.086
38991.285,33.606979,73.100075,506.329,-0.004,0.053,-0.806,-0.823,0.297,0.087
38991.292,33.606979,73.100075,506.335,-0.003,0.054,-0.807,-0.823,0.297,0.087
38991.299,33.606979,73.100075,506.341,-0.003,0.054,-0.807,-0.823,0.297,0.087
38991.306,33.606979,73.100075,506.347,-0.003,0.054,-0.808,-0.823,0.297,0.087
38991.314,33.606979,73.100075,506.353,-0.003,0.054,-0.808,-0.824,0.297,0.088
38991.321,33.606979,73.100075,506.359,-0.003,0.054,-0.809,-0.824,0.297,0.088
38991.329,33.606979,73.100075,506.365,-0.002,0.054,-0.809,-0.824,0.297,0.088
38991.336,33.606979,73.100075,506.371,-0.002,0.054,-0.810,-0.824,0.297,0.089
38991.343,33.606979,73.100075,506.377,-0.002,0.054,-0.811,-0.825,0.298,0.088
38991.351,33.606979,73.100075,506.383,-0.002,0.054,-0.811,-0.825,0.299,0.089
38991.358,33.606979,73.100075,506.389,-0.001,0.055,-0.812,-0.825,0.298,0.090
38991.365,33.606979,73.100075,506.395,-0.001,0.055,-0.812,-0.825,0.298,0.090
38991.372,33.606979,73.100075,506.401,-0.001,0.055,-0.812,-0.825,0.298,0.091
38991.380,33.606979,73.100075,506.407,-0.002,0.055,-0.813,-0.824,0.298,0.090
38991.387,33.606979,73.100075,506.413,-0.002,0.055,-0.814,-0.824,0.297,0.091
38991.395,33.606979,73.100075,506.419,-0.002,0.055,-0.814,-0.824,0.297,0.092
38991.402,33.606979,73.100075,506.425,-0.002,0.055,-0.814,-0.824,0.298,0.092
38991.409,33.606979,73.100075,506.431,-0.002,0.055,-0.815,-0.825,0.297,0.092
38991.416,33.606979,73.100075,506.437,-0.002,0.055,-0.815,-0.825,0.297,0.092
38991.424,33.606979,73.100075,506.443,-0.002,0.055,-0.816,-0.825,0.297,0.092
38991.431,33.606979,73.100075,506.449,-0.001,0.055,-0.817,-0.824,0.297,0.092
38991.438,33.606979,73.100075,506.454,-0.001,0.056,-0.818,-0.825,0.297,0.091
38991.446,33.606979,73.100075,506.461,-0.001,0.056,-0.819,-0.826,0.296,0.091
38991.612,33.606979,73.100075,506.597,0.002,0.061,-0.830,-0.831,0.298,0.093
38991.619,33.606979,73.100075,506.603,0.002,0.061,-0.831,-0.830,0.297,0.093
38991.626,33.606979,73.100075,506.609,0.002,0.061,-0.831,-0.830,0.297,0.094
38991.634,33.606979,73.100075,506.615,0.002,0.061,-0.832,-0.831,0.297,0.095
38991.641,33.606979,73.100075,506.621,0.002,0.062,-0.833,-0.830,0.298,0.095
38991.648,33.606979,73.100075,506.628,0.002,0.062,-0.833,-0.830,0.298,0.095
38991.656,33.606979,73.100075,506.634,0.003,0.062,-0.834,-0.830,0.297,0.096
38991.663,33.606979,73.100075,506.640,0.003,0.062,-0.834,-0.831,0.297,0.096
38991.670,33.606979,73.100075,506.646,0.003,0.062,-0.834,-0.832,0.296,0.096
38991.677,33.606979,73.100075,506.652,0.003,0.062,-0.835,-0.831,0.296,0.096
38991.685,33.606979,73.100075,506.658,0.003,0.062,-0.835,-0.832,0.296,0.096
38991.692,33.606979,73.100075,506.664,0.003,0.062,-0.836,-0.832,0.297,0.096
38991.699,33.606979,73.100075,506.670,0.003,0.062,-0.836,-0.832,0.297,0.097
38991.707,33.606979,73.100075,506.676,0.003,0.063,-0.837,-0.832,0.296,0.097
38991.714,33.606979,73.100075,506.682,0.003,0.063,-0.837,-0.831,0.297,0.097
38991.721,33.606979,73.100075,506.688,0.004,0.063,-0.838,-0.832,0.297,0.097
38991.807,33.606979,73.100075,506.761,0.005,0.065,-0.844,-0.837,0.301,0.100
38991.814,33.606979,73.100075,506.767,0.005,0.065,-0.844,-0.837,0.301,0.100
38991.822,33.606979,73.100075,506.773,0.005,0.065,-0.845,-0.837,0.301,0.100
38991.829,33.606979,73.100075,506.779,0.005,0.065,-0.845,-0.838,0.300,0.101
38991.836,33.606979,73.100075,506.785,0.005,0.065,-0.846,-0.838,0.301,0.102
38991.843,33.606979,73.100075,506.791,0.005,0.066,-0.846,-0.838,0.301,0.102
38991.851,33.606979,73.100075,506.797,0.005,0.066,-0.847,-0.839,0.300,0.102
38991.858,33.606979,73.100075,506.804,0.005,0.066,-0.848,-0.839,0.300,0.103
38991.865,33.606979,73.100075,506.810,0.006,0.066,-0.848,-0.839,0.300,0.103
38991.872,33.606979,73.100075,506.816,0.006,0.066,-0.849,-0.840,0.300,0.103
38991.880,33.606979,73.100075,506.822,0.006,0.067,-0.850,-0.840,0.299,0.103
38991.887,33.606979,73.100075,506.828,0.006,0.067,-0.850,-0.840,0.299,0.103
38991.894,33.606979,73.100075,506.835,0.006,0.067,-0.850,-0.840,0.299,0.103
38991.902,33.606979,73.100075,506.841,0.006,0.068,-0.851,-0.840,0.300,0.104
38991.909,33.606979,73.100075,506.847,0.006,0.068,-0.852,-0.841,0.300,0.104
38991.916,33.606979,73.100075,506.853,0.006,0.068,-0.852,-0.841,0.299,0.104
38992.025,33.606979,73.100075,506.946,0.008,0.070,-0.861,-0.840,0.297,0.109
38992.032,33.606979,73.100075,506.952,0.008,0.070,-0.861,-0.840,0.297,0.109
38992.039,33.606979,73.100075,506.959,0.008,0.070,-0.862,-0.841,0.297,0.109
38992.046,33.606979,73.100075,506.965,0.008,0.070,-0.862,-0.841,0.298,0.109
38992.054,33.606979,73.100075,506.971,0.008,0.071,-0.862,-0.842,0.298,0.109
38992.061,33.606979,73.100075,506.977,0.008,0.071,-0.863,-0.842,0.298,0.109
38992.068,33.606979,73.100075,506.984,0.008,0.071,-0.864,-0.842,0.298,0.109
38992.076,33.606979,73.100075,506.990,0.008,0.071,-0.864,-0.843,0.298,0.109
38992.083,33.606979,73.100075,506.996,0.008,0.071,-0.864,-0.843,0.298,0.109
38992.090,33.606979,73.100075,507.003,0.008,0.072,-0.865,-0.843,0.299,0.109
38992.098,33.606979,73.100075,507.009,0.008,0.072,-0.865,-0.842,0.298,0.109
38992.105,33.606979,73.100075,507.015,0.008,0.072,-0.866,-0.841,0.299,0.109
38992.112,33.606979,73.100075,507.022,0.009,0.072,-0.867,-0.841,0.298,0.109
38992.120,33.606979,73.100075,507.028,0.009,0.072,-0.867,-0.841,0.298,0.109
38992.127,33.606979,73.100075,507.034,0.009,0.073,-0.868,-0.841,0.298,0.109
38992.134,33.606979,73.100075,507.041,0.009,0.073,-0.869,-0.841,0.298,0.109
38992.142,33.606979,73.100075,507.047,0.009,0.073,-0.869,-0.841,0.298,0.110
38992.149,33.606979,73.100075,507.054,0.009,0.073,-0.870,-0.841,0.299,0.109
38992.156,33.606979,73.100075,507.060,0.009,0.074,-0.871,-0.841,0.299,0.109
38992.164,33.606979,73.100075,507.066,0.009,0.074,-0.872,-0.841,0.299,0.109
38992.171,33.606979,73.100075,507.073,0.008,0.074,-0.872,-0.841,0.299,0.110
38992.342,33.606979,73.100075,506.007,0.010,0.063,-0.687,-0.823,0.299,0.109
38992.349,33.606979,73.100075,506.012,0.009,0.063,-0.687,-0.823,0.299,0.109
38992.357,33.606979,73.100075,506.017,0.010,0.063,-0.688,-0.823,0.299,0.109
38992.364,33.606979,73.100075,506.022,0.009,0.063,-0.689,-0.823,0.300,0.109
38992.371,33.606979,73.100075,506.027,0.010,0.063,-0.689,-0.824,0.300,0.110
38992.379,33.606979,73.100075,506.032,0.010,0.063,-0.690,-0.823,0.300,0.110
38992.386,33.606979,73.100075,506.037,0.010,0.063,-0.690,-0.824,0.301,0.110
38992.393,33.606979,73.100075,506.042,0.010,0.063,-0.690,-0.824,0.300,0.109
38992.401,33.606979,73.100075,506.047,0.010,0.064,-0.691,-0.826,0.300,0.109
38992.408,33.606979,73.100075,506.052,0.011,0.064,-0.691,-0.826,0.300,0.110
38992.415,33.606979,73.100075,506.057,0.011,0.064,-0.691,-0.825,0.300,0.111
38992.423,33.606979,73.100075,506.062,0.011,0.064,-0.692,-0.826,0.300,0.111
38992.430,33.606979,73.100075,506.067,0.011,0.064,-0.692,-0.825,0.301,0.110
38992.437,33.606979,73.100075,506.072,0.011,0.064,-0.692,-0.825,0.301,0.110
38992.444,33.606979,73.100075,506.078,0.011,0.065,-0.693,-0.826,0.301,0.110
38992.452,33.606979,73.100075,506.083,0.011,0.065,-0.694,-0.826,0.301,0.109
38992.537,33.606979,73.100075,506.141,0.013,0.067,-0.697,-0.828,0.301,0.111
38992.544,33.606979,73.100075,506.147,0.013,0.067,-0.698,-0.829,0.302,0.111
38992.551,33.606979,73.100075,506.152,0.013,0.067,-0.698,-0.829,0.302,0.110
38992.558,33.606979,73.100075,506.157,0.013,0.067,-0.698,-0.828,0.301,0.111
38992.566,33.606979,73.100075,506.162,0.014,0.067,-0.699,-0.829,0.302,0.112
38992.573,33.606979,73.100075,506.167,0.014,0.068,-0.699,-0.829,0.301,0.111
38992.581,33.606979,73.100075,506.172,0.014,0.068,-0.699,-0.829,0.300,0.112
38992.588,33.606979,73.100075,506.177,0.014,0.068,-0.699,-0.830,0.300,0.112
38992.595,33.606979,73.100075,506.182,0.014,0.068,-0.700,-0.831,0.301,0.112
38992.602,33.606979,73.100075,506.188,0.014,0.068,-0.700,-0.830,0.300,0.113
38992.610,33.606979,73.100075,506.193,0.014,0.068,-0.701,-0.831,0.300,0.112
38992.617,33.606979,73.100075,506.198,0.014,0.068,-0.701,-0.831,0.300,0.112
38992.624,33.606979,73.100075,506.203,0.014,0.068,-0.702,-0.831,0.299,0.112
38992.632,33.606979,73.100075,506.208,0.014,0.068,-0.702,-0.831,0.299,0.111
38992.639,33.606979,73.100075,506.213,0.015,0.069,-0.702,-0.830,0.299,0.111
38992.646,33.606979,73.100075,506.218,0.015,0.069,-0.703,-0.830,0.299,0.111
38992.653,33.606979,73.100075,506.223,0.015,0.069,-0.703,-0.831,0.299,0.111
38992.661,33.606979,73.100075,506.228,0.015,0.069,-0.704,-0.831,0.299,0.111
38992.668,33.606979,73.100075,506.234,0.015,0.069,-0.704,-0.831,0.299,0.110
38992.675,33.606979,73.100075,506.239,0.015,0.069,-0.704,-0.831,0.299,0.110
38992.683,33.606979,73.100075,506.244,0.015,0.069,-0.705,-0.831,0.301,0.111
38992.757,33.606979,73.100075,506.296,0.016,0.071,-0.710,-0.834,0.294,0.116
38992.765,33.606979,73.100075,506.302,0.016,0.072,-0.710,-0.833,0.298,0.116
38992.773,33.606979,73.100075,506.308,0.016,0.072,-0.711,-0.834,0.295,0.116
38992.780,33.606979,73.100075,506.313,0.016,0.072,-0.711,-0.833,0.297,0.116
38992.787,33.606979,73.100075,506.318,0.016,0.072,-0.712,-0.832,0.298,0.116
38992.795,33.606979,73.100075,506.323,0.016,0.073,-0.712,-0.831,0.299,0.115
38992.802,33.606979,73.100075,506.328,0.016,0.073,-0.713,-0.831,0.300,0.116
38992.809,33.606979,73.100075,506.334,0.016,0.073,-0.713,-0.831,0.299,0.117
38992.817,33.606979,73.100075,506.339,0.016,0.074,-0.715,-0.832,0.302,0.116
38992.824,33.606979,73.100075,506.344,0.016,0.074,-0.715,-0.832,0.301,0.117
38992.831,33.606979,73.100075,506.349,0.017,0.075,-0.715,-0.831,0.302,0.118
38992.838,33.606979,73.100075,506.355,0.017,0.075,-0.716,-0.831,0.300,0.118
38992.846,33.606979,73.100075,506.360,0.017,0.075,-0.715,-0.831,0.299,0.118
38992.853,33.606979,73.100075,506.365,0.017,0.075,-0.716,-0.831,0.300,0.119
38992.860,33.606979,73.100075,506.370,0.017,0.075,-0.716,-0.832,0.297,0.121
38992.868,33.606979,73.100075,506.375,0.017,0.076,-0.717,-0.832,0.300,0.121
38992.875,33.606979,73.100075,506.381,0.017,0.076,-0.717,-0.833,0.298,0.122
38992.882,33.606979,73.100075,506.386,0.017,0.076,-0.717,-0.833,0.296,0.122
38992.889,33.606979,73.100075,506.391,0.017,0.076,-0.717,-0.834,0.297,0.122
38992.897,33.606979,73.100075,506.396,0.017,0.076,-0.718,-0.834,0.294,0.123
38992.982,33.606979,73.100075,506.458,0.017,0.077,-0.724,-0.834,0.294,0.125
38992.990,33.606979,73.100075,506.463,0.017,0.077,-0.724,-0.834,0.296,0.124
38992.997,33.606979,73.100075,506.468,0.017,0.077,-0.724,-0.835,0.295,0.124
38993.004,33.606979,73.100075,506.474,0.017,0.078,-0.724,-0.835,0.296,0.125
38993.011,33.606979,73.100075,506.479,0.017,0.078,-0.725,-0.835,0.296,0.125
38993.019,33.606979,73.100075,506.484,0.016,0.078,-0.725,-0.835,0.297,0.125
38993.026,33.606979,73.100075,506.490,0.017,0.078,-0.726,-0.836,0.295,0.125
38993.033,33.606979,73.100075,506.495,0.017,0.078,-0.727,-0.835,0.295,0.125
38993.040,33.606979,73.100075,506.500,0.017,0.079,-0.727,-0.836,0.294,0.124
38993.048,33.606979,73.100075,506.505,0.017,0.079,-0.728,-0.836,0.296,0.124
38993.055,33.606979,73.100075,506.511,0.016,0.079,-0.728,-0.836,0.295,0.124
38993.198,33.606979,73.100075,506.616,0.017,0.083,-0.736,-0.836,0.292,0.125
38993.206,33.606979,73.100075,506.621,0.017,0.083,-0.736,-0.834,0.293,0.125
38993.213,33.606979,73.100075,506.626,0.017,0.083,-0.736,-0.835,0.293,0.125
38993.221,33.606979,73.100075,506.632,0.017,0.084,-0.737,-0.835,0.293,0.125
38993.228,33.606979,73.100075,506.637,0.017,0.084,-0.738,-0.836,0.292,0.125
38993.235,33.606979,73.100075,506.643,0.017,0.084,-0.739,-0.836,0.293,0.124
38993.243,33.606979,73.100075,506.648,0.017,0.084,-0.739,-0.837,0.291,0.125
38993.250,33.606979,73.100075,506.654,0.017,0.084,-0.740,-0.837,0.292,0.125
38993.258,33.606979,73.100075,506.659,0.017,0.084,-0.740,-0.838,0.291,0.125
38993.281,33.606979,73.100075,505.642,0.011,0.065,-0.578,-0.817,0.285,0.128
38993.288,33.606979,73.100075,505.647,0.011,0.065,-0.579,-0.817,0.285,0.128
38993.296,33.606979,73.100075,505.651,0.012,0.065,-0.579,-0.818,0.284,0.128
38993.303,33.606979,73.100075,505.655,0.012,0.065,-0.580,-0.817,0.284,0.128
38993.310,33.606979,73.100075,505.659,0.012,0.065,-0.580,-0.817,0.283,0.129
38993.317,33.606979,73.100075,505.664,0.011,0.066,-0.581,-0.818,0.284,0.129
38993.325,33.606979,73.100075,505.668,0.011,0.066,-0.582,-0.817,0.285,0.129
38993.332,33.606979,73.100075,505.672,0.011,0.066,-0.582,-0.817,0.285,0.129
38993.340,33.606979,73.100075,505.677,0.012,0.065,-0.582,-0.817,0.286,0.130
38993.347,33.606979,73.100075,505.681,0.012,0.065,-0.582,-0.817,0.286,0.129
38993.354,33.606979,73.100075,505.685,0.012,0.066,-0.583,-0.816,0.287,0.130
38993.440,33.606979,73.100075,505.736,0.013,0.068,-0.588,-0.819,0.287,0.129
38993.448,33.606979,73.100075,505.740,0.013,0.068,-0.589,-0.820,0.287,0.130
38993.455,33.606979,73.100075,505.744,0.013,0.068,-0.588,-0.821,0.286,0.130
38993.463,33.606979,73.100075,505.749,0.014,0.069,-0.588,-0.822,0.286,0.130
38993.470,33.606979,73.100075,505.753,0.014,0.069,-0.589,-0.822,0.286,0.129
38993.477,33.606979,73.100075,505.757,0.014,0.069,-0.589,-0.822,0.285,0.130
38993.484,33.606979,73.100075,505.762,0.014,0.069,-0.590,-0.822,0.285,0.130
38993.492,33.606979,73.100075,505.766,0.014,0.069,-0.591,-0.823,0.285,0.130
38993.499,33.606979,73.100075,505.770,0.014,0.069,-0.591,-0.822,0.285,0.130
38993.507,33.606979,73.100075,505.775,0.014,0.069,-0.591,-0.822,0.286,0.130
38993.514,33.606979,73.100075,505.779,0.014,0.069,-0.591,-0.822,0.285,0.130
38993.521,33.606979,73.100075,505.783,0.014,0.069,-0.591,-0.821,0.285,0.131
38993.529,33.606979,73.100075,505.788,0.014,0.070,-0.591,-0.821,0.284,0.131
38993.536,33.606979,73.100075,505.792,0.014,0.070,-0.592,-0.822,0.284,0.131
38993.543,33.606979,73.100075,505.796,0.014,0.070,-0.593,-0.823,0.285,0.131
38993.550,33.606979,73.100075,505.801,0.015,0.070,-0.593,-0.823,0.285,0.132
38993.558,33.606979,73.100075,505.805,0.015,0.070,-0.594,-0.823,0.285,0.132
38993.565,33.606979,73.100075,505.809,0.015,0.071,-0.594,-0.824,0.286,0.132
38993.651,33.606979,73.100075,505.861,0.015,0.072,-0.599,-0.824,0.283,0.135
38993.660,33.606979,73.100075,505.866,0.015,0.072,-0.600,-0.824,0.282,0.135
38993.667,33.606979,73.100075,505.870,0.016,0.072,-0.600,-0.824,0.282,0.135
38993.675,33.606979,73.100075,505.875,0.016,0.072,-0.600,-0.825,0.281,0.135
38993.682,33.606979,73.100075,505.879,0.016,0.072,-0.601,-0.824,0.281,0.136
38993.689,33.606979,73.100075,505.883,0.016,0.072,-0.601,-0.825,0.281,0.135
38993.697,33.606979,73.100075,505.888,0.016,0.072,-0.601,-0.825,0.282,0.134
38993.704,33.606979,73.100075,505.892,0.016,0.072,-0.602,-0.825,0.281,0.134
38993.711,33.606979,73.100075,505.897,0.016,0.072,-0.602,-0.825,0.281,0.134
38993.718,33.606979,73.100075,505.901,0.016,0.073,-0.602,-0.826,0.281,0.133
38993.726,33.606979,73.100075,505.905,0.016,0.073,-0.602,-0.826,0.280,0.133
38993.733,33.606979,73.100075,505.910,0.016,0.073,-0.601,-0.827,0.281,0.133
38993.740,33.606979,73.100075,505.914,0.016,0.073,-0.601,-0.827,0.280,0.134
38993.748,33.606979,73.100075,505.919,0.016,0.074,-0.601,-0.828,0.281,0.134
38993.755,33.606979,73.100075,505.923,0.016,0.074,-0.601,-0.828,0.279,0.134
38993.762,33.606979,73.100075,505.927,0.016,0.074,-0.602,-0.828,0.281,0.134
38993.769,33.606979,73.100075,505.932,0.016,0.074,-0.602,-0.828,0.280,0.134
38993.777,33.606979,73.100075,505.936,0.016,0.074,-0.603,-0.830,0.279,0.135
38993.784,33.606979,73.100075,505.940,0.016,0.074,-0.603,-0.830,0.279,0.135
38993.791,33.606979,73.100075,505.945,0.017,0.074,-0.603,-0.830,0.278,0.135
38993.798,33.606979,73.100075,505.949,0.016,0.074,-0.604,-0.830,0.279,0.136
38993.806,33.606979,73.100075,505.954,0.017,0.075,-0.604,-0.831,0.278,0.135
38993.959,33.606979,73.100075,506.047,0.019,0.077,-0.612,-0.836,0.278,0.138
38993.966,33.606979,73.100075,506.051,0.019,0.077,-0.612,-0.835,0.279,0.137
38993.973,33.606979,73.100075,506.056,0.019,0.077,-0.613,-0.836,0.278,0.137
38993.981,33.606979,73.100075,506.060,0.019,0.077,-0.613,-0.835,0.278,0.138
38993.988,33.606979,73.100075,506.064,0.019,0.078,-0.613,-0.835,0.279,0.137
38993.995,33.606979,73.100075,506.069,0.019,0.078,-0.613,-0.835,0.278,0.138
38994.002,33.606979,73.100075,506.073,0.019,0.078,-0.613,-0.835,0.278,0.139
38994.010,33.606979,73.100075,506.078,0.019,0.078,-0.613,-0.835,0.278,0.138
38994.017,33.606979,73.100075,506.082,0.019,0.078,-0.613,-0.835,0.278,0.139
38994.024,33.606979,73.100075,506.087,0.019,0.078,-0.614,-0.835,0.279,0.139
38994.031,33.606979,73.100075,506.091,0.019,0.079,-0.614,-0.836,0.279,0.139
38994.139,33.606979,73.100075,506.158,0.019,0.081,-0.621,-0.837,0.277,0.137
38994.146,33.606979,73.100075,506.162,0.019,0.081,-0.621,-0.837,0.277,0.137
38994.154,33.606979,73.100075,506.167,0.019,0.081,-0.621,-0.838,0.278,0.137
38994.161,33.606979,73.100075,506.171,0.019,0.081,-0.622,-0.839,0.278,0.137
38994.168,33.606979,73.100075,506.176,0.019,0.081,-0.622,-0.838,0.277,0.137
38994.176,33.606979,73.100075,506.180,0.019,0.081,-0.623,-0.838,0.277,0.136
38994.183,33.606979,73.100075,506.185,0.019,0.081,-0.623,-0.839,0.277,0.136
38994.190,33.606979,73.100075,506.189,0.019,0.082,-0.624,-0.839,0.277,0.137
38994.198,33.606979,73.100075,506.194,0.019,0.082,-0.625,-0.839,0.278,0.137
38994.205,33.606979,73.100075,506.199,0.019,0.082,-0.625,-0.839,0.277,0.137
38994.212,33.606979,73.100075,506.203,0.020,0.082,-0.626,-0.839,0.277,0.137
38994.219,33.606979,73.100075,506.208,0.020,0.082,-0.626,-0.839,0.277,0.136
38994.227,33.606979,73.100075,506.212,0.020,0.082,-0.627,-0.840,0.277,0.136
38994.234,33.606979,73.100075,506.217,0.020,0.082,-0.627,-0.840,0.277,0.136
38994.242,33.606979,73.100075,506.222,0.020,0.083,-0.627,-0.840,0.277,0.136
38994.265,33.606979,73.100075,505.354,-0.001,0.136,-0.498,-0.893,0.251,0.139
38994.273,33.606979,73.100075,505.358,-0.002,0.136,-0.498,-0.894,0.252,0.140
38994.280,33.606979,73.100075,505.362,-0.002,0.137,-0.499,-0.893,0.251,0.140
38994.287,33.606979,73.100075,505.365,-0.002,0.137,-0.499,-0.894,0.252,0.141
38994.295,33.606979,73.100075,505.369,-0.002,0.137,-0.499,-0.894,0.251,0.141
38994.302,33.606979,73.100075,505.373,-0.002,0.137,-0.499,-0.894,0.252,0.142
38994.309,33.606979,73.100075,505.376,-0.002,0.137,-0.500,-0.894,0.252,0.142
38994.317,33.606979,73.100075,505.380,-0.002,0.138,-0.501,-0.893,0.252,0.142
38994.391,33.606979,73.100075,505.418,-0.003,0.141,-0.503,-0.896,0.251,0.146
38994.399,33.606979,73.100075,505.421,-0.003,0.141,-0.504,-0.897,0.251,0.146
38994.406,33.606979,73.100075,505.425,-0.003,0.141,-0.504,-0.897,0.250,0.146
38994.413,33.606979,73.100075,505.429,-0.003,0.141,-0.504,-0.897,0.250,0.146
38994.421,33.606979,73.100075,505.432,-0.002,0.141,-0.504,-0.897,0.251,0.147
38994.428,33.606979,73.100075,505.436,-0.003,0.141,-0.505,-0.897,0.252,0.148
38994.435,33.606979,73.100075,505.440,-0.003,0.142,-0.506,-0.898,0.253,0.148
38994.443,33.606979,73.100075,505.444,-0.003,0.142,-0.506,-0.899,0.253,0.148
38994.450,33.606979,73.100075,505.447,-0.003,0.142,-0.506,-0.900,0.252,0.148
38994.457,33.606979,73.100075,505.451,-0.003,0.142,-0.506,-0.899,0.252,0.148
38994.465,33.606979,73.100075,505.455,-0.003,0.142,-0.506,-0.899,0.252,0.149
38994.472,33.606979,73.100075,505.458,-0.002,0.143,-0.507,-0.899,0.252,0.149
38994.479,33.606979,73.100075,505.462,-0.003,0.143,-0.507,-0.899,0.253,0.149
38994.487,33.606979,73.100075,505.466,-0.003,0.143,-0.507,-0.900,0.253,0.149
38994.494,33.606979,73.100075,505.470,-0.003,0.144,-0.508,-0.900,0.253,0.149
38994.501,33.606979,73.100075,505.473,-0.003,0.144,-0.508,-0.901,0.254,0.150
38994.509,33.606979,73.100075,505.477,-0.003,0.144,-0.508,-0.901,0.254,0.150
38994.516,33.606979,73.100075,505.481,-0.003,0.145,-0.509,-0.902,0.254,0.150
38994.523,33.606979,73.100075,505.484,-0.002,0.145,-0.510,-0.903,0.254,0.151
38994.531,33.606979,73.100075,505.488,-0.003,0.145,-0.510,-0.903,0.254,0.152
38994.538,33.606979,73.100075,505.492,-0.003,0.145,-0.511,-0.903,0.254,0.151
38994.545,33.606979,73.100075,505.496,-0.003,0.145,-0.512,-0.903,0.253,0.151
38994.620,33.606979,73.100075,505.534,-0.002,0.149,-0.514,-0.902,0.256,0.155
38994.628,33.606979,73.100075,505.538,-0.002,0.149,-0.515,-0.902,0.256,0.155
38994.635,33.606979,73.100075,505.542,-0.001,0.149,-0.515,-0.902,0.256,0.155
38994.642,33.606979,73.100075,505.546,-0.001,0.150,-0.515,-0.902,0.256,0.154
38994.650,33.606979,73.100075,505.549,-0.001,0.150,-0.516,-0.902,0.256,0.155
38994.657,33.606979,73.100075,505.553,-0.001,0.150,-0.516,-0.902,0.257,0.155
38994.664,33.606979,73.100075,505.557,-0.001,0.150,-0.516,-0.902,0.257,0.155
38994.672,33.606979,73.100075,505.561,-0.001,0.150,-0.516,-0.902,0.258,0.156
