t_s,px,py,pz,vn,ve,vd,qw,qx,qy,qz,bgx,bgy,bgz,bax,bay,baz,P_px,P_py,P_pz,P_vn,P_ve,P_vd,P_rn,P_re,P_rd,P_bgx,P_bgy,P_bgz,P_bax,P_bay,P_baz,innov_pn,innov_pe,innov_pd,innov_vn,innov_ve,innov_vd,S_pn,S_pe,S_pd,S_vn,S_ve,S_vd,rejected
37027.662,1545875.000000,5088042.000000,3510465.250000,-41.362396,2.411025,48.492985,-0.008462,-0.102485,-0.602363,0.791570,0.004196,0.007203,-0.000582,-0.254619,-3.142126,-1.928692,0.142291,0.138445,0.138876,0.000978,0.000513,0.000631,0.000000,0.000000,0.000000,0.000000,0.000000,0.000000,0.000005,0.000004,0.000003,63.330910,261.049133,59.302189,7.440258,17.008678,60.901535,6.393981,6.390057,6.390451,0.010991,0.010514,0.010632,0
37027.670,1545874.875000,5088042.000000,3510464.750000,-41.429043,2.418378,48.545937,-0.008452,-0.102352,-0.602129,0.791766,0.004196,0.007203,-0.000582,-0.254619,-3.142126,-1.928692,0.142355,0.138498,0.138936,0.000979,0.000514,0.000631,0.000000,0.000000,0.000000,0.000000,0.000000,0.000000,0.000005,0.000004,0.000003,63.330910,261.049133,59.302189,7.440258,17.008678,60.901535,6.393981,6.390057,6.390451,0.010991,0.010514,0.010632,0
37027.677,1545874.875000,5088041.500000,3510464.250000,-41.487396,2.424626,48.593002,-0.008438,-0.102237,-0.601923,0.791937,0.004196,0.007203,-0.000582,-0.254619,-3.142126,-1.928692,0.142411,0.138546,0.138989,0.000981,0.000514,0.000632,0.000000,0.000000,0.000000,0.000000,0.000000,0.000000,0.000005,0.000004,0.000003,63.330910,261.049133,59.302189,7.440258,17.008678,60.901535,6.393981,6.390057,6.390451,0.010991,0.010514,0.010632,0
37027.684,1545874.875000,5088041.500000,3510463.750000,-41.546989,2.431056,48.639931,-0.008430,-0.102115,-0.601719,0.792108,0.004196,0.007203,-0.000582,-0.254619,-3.142126,-1.928692,0.142468,0.138594,0.139042,0.000982,0.000515,0.000633,0.000000,0.000000,0.000000,0.000000,0.000000,0.000000,0.000005,0.000004,0.000003,63.330910,261.049133,59.302189,7.440258,17.008678,60.901535,6.393981,6.390057,6.390451,0.010991,0.010514,0.010632,0
37027.691,1545874.750000,5088041.500000,3510463.250000,-41.606468,2.437591,48.687080,-0.008428,-0.102007,-0.601511,0.792281,0.004196,0.007203,-0.000582,-0.254619,-3.142126,-1.928692,0.142525,0.138642,0.139096,0.000984,0.000515,0.000633,0.000000,0.000000,0.000000,0.000000,0.000000,0.000000,0.000005,0.000004,0.000003,63.330910,261.049133,59.302189,7.440258,17.008678,60.901535,6.393981,6.390057,6.390451,0.010991,0.010514,0.010632,0
37027.698,1545874.750000,5088041.500000,3510463.000000,-41.665901,2.444393,48.734238,-0.008415,-0.101888,-0.601307,0.792451,0.004196,0.007203,-0.000582,-0.254619,-3.142126,-1.928692,0.142582,0.138690,0.139150,0.000985,0.000516,0.000634,0.000000,0.000000,0.000000,0.000000,0.000000,0.000000,0.000005,0.000004,0.000003,63.330910,261.049133,59.302189,7.440258,17.008678,60.901535,6.393981,6.390057,6.390451,0.010991,0.010514,0.010632,0
37027.705,1545874.625000,5088041.500000,3510462.500000,-41.724724,2.450639,48.780918,-0.008410,-0.101767,-0.601105,0.792620,0.004196,0.007203,-0.000582,-0.254619,-3.142126,-1.928692,0.142638,0.138737,0.139203,0.000987,0.000517,0.000635,0.000000,0.000000,0.000000,0.000000,0.000000,0.000000,0.000005,0.000004,0.000003,63.330910,261.049133,59.302189,7.440258,17.008678,60.901535,6.393981,6.390057,6.390451,0.010991,0.010514,0.010632,0
37027.713,1545874.625000,5088041.000000,3510462.000000,-41.784889,2.457404,48.829105,-0.008407,-0.101649,-0.600901,0.792789,0.004196,0.007203,-0.000582,-0.254619,-3.142126,-1.928692,0.142696,0.138786,0.139258,0.000988,0.000517,0.000636,0.000000,0.000000,0.000000,0.000000,0.000000,0.000000,0.000005,0.000004,0.000003,63.330910,261.049133,59.302189,7.440258,17.008678,60.901535,6.393981,6.390057,6.390451,0.010991,0.010514,0.010632,0
37027.720,1545874.500000,5088041.000000,3510461.500000,-41.843948,2.463926,48.876915,-0.008393,-0.101536,-0.600696,0.792960,0.004196,0.007203,-0.000582,-0.254619,-3.142126,-1.928692,0.142754,0.138835,0.139312,0.000990,0.000518,0.000636,0.000000,0.000000,0.000000,0.000000,0.000000,0.000000,0.000005,0.000004,0.000003,63.330910,261.049133,59.302189,7.440258,17.008678,60.901535,6.393981,6.390057,6.390451,0.010991,0.010514,0.010632,0
37027.727,1545874.500000,5088041.000000,3510461.250000,-41.902374,2.470455,48.923698,-0.008381,-0.101421,-0.600490,0.793130,0.004196,0.007203,-0.000582,-0.254619,-3.142126,-1.928692,0.142810,0.138882,0.139365,0.000991,0.000518,0.000637,0.000000,0.000000,0.000000,0.000000,0.000000,0.000000,0.000005,0.000004,0.000003,63.330910,261.049133,59.302189,7.440258,17.008678,60.901535,6.393981,6.390057,6.390451,0.010991,0.010514,0.010632,0
37027.734,1545874.500000,5088041.000000,3510460.750000,-41.961761,2.477175,48.971424,-0.008372,-0.101295,-0.600282,0.793304,0.004196,0.007203,-0.000582,-0.254619,-3.142126,-1.928692,0.142868,0.138931,0.139420,0.000993,0.000519,0.000638,0.000000,0.000000,0.000000,0.000000,0.000000,0.000000,0.000005,0.000004,0.000003,63.330910,261.049133,59.302189,7.440258,17.008678,60.901535,6.393981,6.390057,6.390451,0.010991,0.010514,0.010632,0
37027.741,1545874.375000,5088040.500000,3510460.250000,-42.020962,2.483587,49.018925,-0.008366,-0.101181,-0.600077,0.793473,0.004196,0.007203,-0.000582,-0.254619,-3.142126,-1.928692,0.142926,0.138979,0.139474,0.000994,0.000519,0.000638,0.000000,0.000000,0.000000,0.000000,0.000000,0.000000,0.000005,0.000004,0.000003,63.330910,261.049133,59.302189,7.440258,17.008678,60.901535,6.393981,6.390057,6.390451,0.010991,0.010514,0.010632,0
37027.749,1545874.375000,5088040.500000,3510459.750000,-42.080391,2.490017,49.066299,-0.008362,-0.101065,-0.599870,0.793645,0.004196,0.007203,-0.000582,-0.254619,-3.142126,-1.928692,0.142984,0.139028,0.139528,0.000996,0.000520,0.000639,0.000000,0.000000,0.000000,0.000000,0.000000,0.000000,0.000005,0.000004,0.000003,63.330910,261.049133,59.302189,7.440258,17.008678,60.901535,6.393981,6.390057,6.390451,0.010991,0.010514,0.010632,0
37027.756,1545874.250000,5088040.500000,3510459.250000,-42.139862,2.496494,49.114182,-0.008361,-0.100947,-0.599662,0.793817,0.004196,0.007203,-0.000582,-0.254619,-3.142126,-1.928692,0.143042,0.139076,0.139583,0.000997,0.000520,0.000640,0.000000,0.000000,0.000000,0.000000,0.000000,0.000000,0.000005,0.000004,0.000003,63.330910,261.049133,59.302189,7.440258,17.008678,60.901535,6.393981,6.390057,6.390451,0.010991,0.010514,0.010632,0
37027.763,1545874.250000,5088040.500000,3510459.000000,-42.199444,2.503091,49.161705,-0.008355,-0.100837,-0.599460,0.793984,0.004196,0.007203,-0.000582,-0.254619,-3.142126,-1.928692,0.143100,0.139125,0.139637,0.000999,0.000521,0.000641,0.000000,0.000000,0.000000,0.000000,0.000000,0.000000,0.000005,0.000004,0.000003,63.330910,261.049133,59.302189,7.440258,17.008678,60.901535,6.393981,6.390057,6.390451,0.010991,0.010514,0.010632,0
37027.770,1545874.125000,5088040.000000,3510458.500000,-42.258617,2.509742,49.209560,-0.008347,-0.100712,-0.599247,0.794160,0.004196,0.007203,-0.000582,-0.254619,-3.142126,-1.928692,0.143158,0.139174,0.139692,0.001000,0.000521,0.000641,0.000000,0.000000,0.000000,0.000000,0.000000,0.000000,0.000005,0.000004,0.000003,63.330910,261.049133,59.302189,7.440258,17.008678,60.901535,6.393981,6.390057,6.390451,0.010991,0.010514,0.010632,0
37027.777,1545874.125000,5088040.000000,3510458.000000,-42.317410,2.516316,49.256538,-0.008339,-0.100600,-0.599045,0.794326,0.004196,0.007203,-0.000582,-0.254619,-3.142126,-1.928692,0.143215,0.139222,0.139746,0.001002,0.000522,0.000642,0.000000,0.000000,0.000000,0.000000,0.000000,0.000000,0.000005,0.000004,0.000003,63.330910,261.049133,59.302189,7.440258,17.008678,60.901535,6.393981,6.390057,6.390451,0.010991,0.010514,0.010632,0
37027.785,1545874.125000,5088040.000000,3510457.500000,-42.376648,2.522696,49.304108,-0.008323,-0.100489,-0.598835,0.794500,0.004196,0.007203,-0.000582,-0.254619,-3.142126,-1.928692,0.143274,0.139271,0.139801,0.001003,0.000522,0.000643,0.000000,0.000000,0.000000,0.000000,0.000000,0.000000,0.000005,0.000004,0.000003,63.330910,261.049133,59.302189,7.440258,17.008678,60.901535,6.393981,6.390057,6.390451,0.010991,0.010514,0.010632,0
37027.792,1545874.000000,5088040.000000,3510457.000000,-42.436081,2.529062,49.351887,-0.008313,-0.100370,-0.598625,0.794673,0.004196,0.007203,-0.000582,-0.254619,-3.142126,-1.928692,0.143332,0.139320,0.139855,0.001005,0.000523,0.000643,0.000000,0.000000,0.000000,0.000000,0.000000,0.000000,0.000005,0.000004,0.000003,63.330910,261.049133,59.302189,7.440258,17.008678,60.901535,6.393981,6.390057,6.390451,0.010991,0.010514,0.010632,0
37027.799,1545874.000000,5088040.000000,3510456.750000,-42.494835,2.535854,49.399105,-0.008304,-0.100251,-0.598423,0.794840,0.004196,0.007203,-0.000582,-0.254619,-3.142126,-1.928692,0.143390,0.139368,0.139909,0.001007,0.000523,0.000644,0.000000,0.000000,0.000000,0.000000,0.000000,0.000000,0.000005,0.000004,0.000003,63.330910,261.049133,59.302189,7.440258,17.008678,60.901535,6.393981,6.390057,6.390451,0.010991,0.010514,0.010632,0
37027.806,1545873.875000,5088039.500000,3510456.250000,-42.554436,2.542465,49.446877,-0.008308,-0.100125,-0.598220,0.795009,0.004196,0.007203,-0.000582,-0.254619,-3.142126,-1.928692,0.143449,0.139417,0.139964,0.001008,0.000524,0.000645,0.000000,0.000000,0.000000,0.000000,0.000000,0.000000,0.000005,0.000004,0.000003,63.330910,261.049133,59.302189,7.440258,17.008678,60.901535,6.393981,6.390057,6.390451,0.010991,0.010514,0.010632,0
37027.813,1545873.875000,5088039.500000,3510455.750000,-42.613876,2.548918,49.495079,-0.008300,-0.100001,-0.598026,0.795170,0.004196,0.007203,-0.000582,-0.254619,-3.142126,-1.928692,0.143508,0.139466,0.140020,0.001010,0.000524,0.000646,0.000000,0.000000,0.000000,0.000000,0.000000,0.000000,0.000005,0.000004,0.000003,63.330910,261.049133,59.302189,7.440258,17.008678,60.901535,6.393981,6.390057,6.390451,0.010991,0.010514,0.010632,0
37027.820,1545873.750000,5088039.500000,3510455.250000,-42.672638,2.555662,49.542534,-0.008297,-0.099886,-0.597821,0.795339,0.004196,0.007203,-0.000582,-0.254619,-3.142126,-1.928692,0.143566,0.139514,0.140074,0.001011,0.000525,0.000646,0.000000,0.000000,0.000000,0.000000,0.000000,0.000000,0.000005,0.000004,0.000003,63.330910,261.049133,59.302189,7.440258,17.008678,60.901535,6.393981,6.390057,6.390451,0.010991,0.010514,0.010632,0
37027.828,1545873.750000,5088039.500000,3510454.750000,-42.732014,2.562099,49.590591,-0.008300,-0.099758,-0.597617,0.795508,0.004196,0.007203,-0.000582,-0.254619,-3.142126,-1.928692,0.143625,0.139563,0.140129,0.001013,0.000525,0.000647,0.000000,0.000000,0.000000,0.000000,0.000000,0.000000,0.000005,0.000004,0.000003,63.330910,261.049133,59.302189,7.440258,17.008678,60.901535,6.393981,6.390057,6.390451,0.010991,0.010514,0.010632,0
37027.835,1545873.750000,5088039.000000,3510454.500000,-42.791061,2.568835,49.639126,-0.008295,-0.099650,-0.597397,0.795687,0.004196,0.007203,-0.000582,-0.254619,-3.142126,-1.928692,0.143684,0.139613,0.140184,0.001014,0.000526,0.000648,0.000000,0.000000,0.000000,0.000000,0.000000,0.000000,0.000005,0.000004,0.000003,63.330910,261.049133,59.302189,7.440258,17.008678,60.901535,6.393981,6.390057,6.390451,0.010991,0.010514,0.010632,0
37027.842,1545873.625000,5088039.000000,3510454.000000,-42.849461,2.575113,49.686722,-0.008281,-0.099535,-0.597185,0.795861,0.004196,0.007203,-0.000582,-0.254619,-3.142126,-1.928692,0.143742,0.139661,0.140239,0.001016,0.000527,0.000649,0.000000,0.000000,0.000000,0.000000,0.000000,0.000000,0.000005,0.000004,0.000003,63.330910,261.049133,59.302189,7.440258,17.008678,60.901535,6.393981,6.390057,6.390451,0.010991,0.010514,0.010632,0
37027.849,1545873.625000,5088039.000000,3510453.500000,-42.909512,2.581653,49.734653,-0.008270,-0.099425,-0.596973,0.796033,0.004196,0.007203,-0.000582,-0.254619,-3.142126,-1.928692,0.143802,0.139711,0.140294,0.001017,0.000527,0.000649,0.000000,0.000000,0.000000,0.000000,0.000000,0.000000,0.000005,0.000004,0.000003,63.330910,261.049133,59.302189,7.440258,17.008678,60.901535,6.393981,6.390057,6.390451,0.010991,0.010514,0.010632,0
37027.856,1545873.500000,5088039.000000,3510453.000000,-42.969124,2.588362,49.782829,-0.008258,-0.099314,-0.596763,0.796205,0.004196,0.007203,-0.000582,-0.254619,-3.142126,-1.928692,0.143861,0.139760,0.140350,0.001019,0.000528,0.000650,0.000000,0.000000,0.000000,0.000000,0.000000,0.000000,0.000005,0.000004,0.000003,63.330910,261.049133,59.302189,7.440258,17.008678,60.901535,6.393981,6.390057,6.390451,0.010991,0.010514,0.010632,0
37027.863,1545873.500000,5088038.500000,3510452.500000,-43.028942,2.595095,49.830860,-0.008244,-0.099196,-0.596546,0.796382,0.004196,0.007203,-0.000582,-0.254619,-3.142126,-1.928692,0.143921,0.139810,0.140405,0.001020,0.000528,0.000651,0.000000,0.000000,0.000000,0.000000,0.000000,0.000000,0.000005,0.000004,0.000003,63.330910,261.049133,59.302189,7.440258,17.008678,60.901535,6.393981,6.390057,6.390451,0.010991,0.010514,0.010632,0
37027.871,1545873.375000,5088038.500000,3510452.000000,-43.088509,2.601500,49.878952,-0.008235,-0.099075,-0.596336,0.796555,0.004196,0.007203,-0.000582,-0.254619,-3.142126,-1.928692,0.143981,0.139859,0.140461,0.001022,0.000529,0.000651,0.000000,0.000000,0.000000,0.000000,0.000000,0.000000,0.000005,0.000004,0.000003,63.330910,261.049133,59.302189,7.440258,17.008678,60.901535,6.393981,6.390057,6.390451,0.010991,0.010514,0.010632,0
37027.878,1545873.375000,5088038.500000,3510451.750000,-43.147957,2.608099,49.927345,-0.008231,-0.098960,-0.596126,0.796727,0.004196,0.007203,-0.000582,-0.254619,-3.142126,-1.928692,0.144041,0.139909,0.140517,0.001023,0.000529,0.000652,0.000000,0.000000,0.000000,0.000000,0.000000,0.000000,0.000005,0.000004,0.000003,63.330910,261.049133,59.302189,7.440258,17.008678,60.901535,6.393981,6.390057,6.390451,0.010991,0.010514,0.010632,0
37027.885,1545873.250000,5088038.500000,3510451.250000,-43.207699,2.614660,49.975555,-0.008216,-0.098846,-0.595916,0.796898,0.004196,0.007203,-0.000582,-0.254619,-3.142126,-1.928692,0.144101,0.139958,0.140573,0.001025,0.000530,0.000653,0.000000,0.000000,0.000000,0.000000,0.000000,0.000000,0.000005,0.000004,0.000003,63.330910,261.049133,59.302189,7.440258,17.008678,60.901535,6.393981,6.390057,6.390451,0.010991,0.010514,0.010632,0
37027.892,1545873.250000,5088038.000000,3510450.750000,-43.266388,2.621190,50.023357,-0.008199,-0.098736,-0.595708,0.797067,0.004196,0.007203,-0.000582,-0.254619,-3.142126,-1.928692,0.144160,0.140007,0.140628,0.001027,0.000530,0.000654,0.000000,0.000000,0.000000,0.000000,0.000000,0.000000,0.000005,0.000004,0.000003,63.330910,261.049133,59.302189,7.440258,17.008678,60.901535,6.393981,6.390057,6.390451,0.010991,0.010514,0.010632,0
37027.899,1545873.250000,5088038.000000,3510450.250000,-43.326080,2.627766,50.071564,-0.008193,-0.098628,-0.595496,0.797239,0.004196,0.007203,-0.000582,-0.254619,-3.142126,-1.928692,0.144220,0.140057,0.140684,0.001028,0.000531,0.000654,0.000000,0.000000,0.000000,0.000000,0.000000,0.000000,0.000005,0.000004,0.000003,63.330910,261.049133,59.302189,7.440258,17.008678,60.901535,6.393981,6.390057,6.390451,0.010991,0.010514,0.010632,0
37027.907,1545873.125000,5088038.000000,3510449.750000,-43.385780,2.634417,50.120167,-0.008188,-0.098512,-0.595284,0.797412,0.004196,0.007203,-0.000582,-0.254619,-3.142126,-1.928692,0.144280,0.140107,0.140740,0.001030,0.000531,0.000655,0.000000,0.000000,0.000000,0.000000,0.000000,0.000000,0.000005,0.000004,0.000003,63.330910,261.049133,59.302189,7.440258,17.008678,60.901535,6.393981,6.390057,6.390451,0.010991,0.010514,0.010632,0
37027.914,1545873.125000,5088038.000000,3510449.250000,-43.445641,2.641045,50.168816,-0.008185,-0.098398,-0.595068,0.797587,0.004196,0.007203,-0.000582,-0.254619,-3.142126,-1.928692,0.144341,0.140157,0.140796,0.001031,0.000532,0.000656,0.000000,0.000000,0.000000,0.000000,0.000000,0.000000,0.000005,0.000004,0.000003,63.330910,261.049133,59.302189,7.440258,17.008678,60.901535,6.393981,6.390057,6.390451,0.010991,0.010514,0.010632,0
37027.921,1545873.000000,5088038.000000,3510449.000000,-43.504940,2.647738,50.216137,-0.008169,-0.098288,-0.594855,0.797759,0.004196,0.007203,-0.000582,-0.254619,-3.142126,-1.928692,0.144401,0.140206,0.140851,0.001033,0.000532,0.000657,0.000000,0.000000,0.000000,0.000000,0.000000,0.000000,0.000005,0.000004,0.000003,63.330910,261.049133,59.302189,7.440258,17.008678,60.901535,6.393981,6.390057,6.390451,0.010991,0.010514,0.010632,0
37027.928,1545873.000000,5088037.500000,3510448.500000,-43.564556,2.654299,50.264229,-0.008161,-0.098184,-0.594643,0.797930,0.004196,0.007203,-0.000582,-0.254619,-3.142126,-1.928692,0.144461,0.140256,0.140908,0.001034,0.000533,0.000657,0.000000,0.000000,0.000000,0.000000,0.000000,0.000000,0.000005,0.000004,0.000003,63.330910,261.049133,59.302189,7.440258,17.008678,60.901535,6.393981,6.390057,6.390451,0.010991,0.010514,0.010632,0
37027.935,1545872.875000,5088037.500000,3510448.000000,-43.623901,2.660809,50.311886,-0.008154,-0.098071,-0.594427,0.798105,0.004196,0.007203,-0.000582,-0.254619,-3.142126,-1.928692,0.144521,0.140305,0.140963,0.001036,0.000534,0.000658,0.000000,0.000000,0.000000,0.000000,0.000000,0.000000,0.000005,0.000004,0.000003,63.330910,261.049133,59.302189,7.440258,17.008678,60.901535,6.393981,6.390057,6.390451,0.010991,0.010514,0.010632,0
37027.942,1545872.875000,5088037.500000,3510447.500000,-43.683754,2.667461,50.360619,-0.008139,-0.097954,-0.594216,0.798277,0.004196,0.007203,-0.000582,-0.254619,-3.142126,-1.928692,0.144582,0.140355,0.141020,0.001038,0.000534,0.000659,0.000000,0.000000,0.000000,0.000000,0.000000,0.000000,0.000005,0.000004,0.000003,63.330910,261.049133,59.302189,7.440258,17.008678,60.901535,6.393981,6.390057,6.390451,0.010991,0.010514,0.010632,0
37027.950,1545872.750000,5088037.500000,3510447.000000,-43.743305,2.674146,50.409389,-0.008128,-0.097836,-0.594000,0.798452,0.004196,0.007203,-0.000582,-0.254619,-3.142126,-1.928692,0.144643,0.140405,0.141076,0.001039,0.000535,0.000659,0.000000,0.000000,0.000000,0.000000,0.000000,0.000000,0.000005,0.000004,0.000003,63.330910,261.049133,59.302189,7.440258,17.008678,60.901535,6.393981,6.390057,6.390451,0.010991,0.010514,0.010632,0
37027.957,1545872.750000,5088037.000000,3510446.500000,-43.802975,2.680745,50.458122,-0.008118,-0.097723,-0.593782,0.798628,0.004196,0.007203,-0.000582,-0.254619,-3.142126,-1.928692,0.144704,0.140456,0.141133,0.001041,0.000535,0.000660,0.000000,0.000000,0.000000,0.000000,0.000000,0.000000,0.000005,0.000004,0.000003,63.330910,261.049133,59.302189,7.440258,17.008678,60.901535,6.393981,6.390057,6.390451,0.010991,0.010514,0.010632,0
37027.964,1545872.750000,5088037.000000,3510446.250000,-43.861504,2.687378,50.506069,-0.008109,-0.097601,-0.593566,0.798804,0.004196,0.007203,-0.000582,-0.254619,-3.142126,-1.928692,0.144765,0.140505,0.141189,0.001042,0.000536,0.000661,0.000000,0.000000,0.000000,0.000000,0.000000,0.000000,0.000005,0.000004,0.000003,63.330910,261.049133,59.302189,7.440258,17.008678,60.901535,6.393981,6.390057,6.390451,0.010991,0.010514,0.010632,0
37027.971,1545872.625000,5088037.000000,3510445.750000,-43.921288,2.694150,50.554649,-0.008095,-0.097485,-0.593349,0.798980,0.004196,0.007203,-0.000582,-0.254619,-3.142126,-1.928692,0.144826,0.140556,0.141246,0.001044,0.000536,0.000662,0.000000,0.000000,0.000000,0.000000,0.000000,0.000000,0.000005,0.000004,0.000003,63.330910,261.049133,59.302189,7.440258,17.008678,60.901535,6.393981,6.390057,6.390451,0.010991,0.010514,0.010632,0
37027.978,1545872.625000,5088037.000000,3510445.250000,-43.981339,2.701218,50.603424,-0.008096,-0.097370,-0.593140,0.799149,0.004196,0.007203,-0.000582,-0.254619,-3.142126,-1.928692,0.144887,0.140606,0.141302,0.001045,0.000537,0.000662,0.000000,0.000000,0.000000,0.000000,0.000000,0.000000,0.000005,0.000004,0.000003,63.330910,261.049133,59.302189,7.440258,17.008678,60.901535,6.393981,6.390057,6.390451,0.010991,0.010514,0.010632,0
37027.985,1545872.500000,5088036.500000,3510444.750000,-44.040318,2.707680,50.651680,-0.008085,-0.097255,-0.592936,0.799314,0.004196,0.007203,-0.000582,-0.254619,-3.142126,-1.928692,0.144948,0.140656,0.141358,0.001047,0.000537,0.000663,0.000000,0.000000,0.000000,0.000000,0.000000,0.000000,0.000005,0.000004,0.000003,63.330910,261.049133,59.302189,7.440258,17.008678,60.901535,6.393981,6.390057,6.390451,0.010991,0.010514,0.010632,0
37027.993,1545872.500000,5088036.500000,3510444.250000,-44.100361,2.714522,50.700413,-0.008062,-0.097138,-0.592723,0.799487,0.004196,0.007203,-0.000582,-0.254619,-3.142126,-1.928692,0.145010,0.140706,0.141415,0.001049,0.000538,0.000664,0.000000,0.000000,0.000000,0.000000,0.000000,0.000000,0.000005,0.000004,0.000003,63.330910,261.049133,59.302189,7.440258,17.008678,60.901535,6.393981,6.390057,6.390451,0.010991,0.010514,0.010632,0
37028.000,1545872.375000,5088036.500000,3510443.750000,-44.159122,2.721132,50.748791,-0.008052,-0.097035,-0.592512,0.799656,0.004196,0.007203,-0.000582,-0.254619,-3.142126,-1.928692,0.145071,0.140756,0.141472,0.001050,0.000538,0.000665,0.000000,0.000000,0.000000,0.000000,0.000000,0.000000,0.000005,0.000004,0.000003,63.330910,261.049133,59.302189,7.440258,17.008678,60.901535,6.393981,6.390057,6.390451,0.010991,0.010514,0.010632,0
37028.007,1545872.375000,5088036.500000,3510443.250000,-44.219357,2.728048,50.797535,-0.008047,-0.096924,-0.592293,0.799832,0.004196,0.007203,-0.000582,-0.254619,-3.142126,-1.928692,0.145133,0.140807,0.141529,0.001052,0.000539,0.000665,0.000000,0.000000,0.000000,0.000000,0.000000,0.000000,0.000005,0.000004,0.000003,63.330910,261.049133,59.302189,7.440258,17.008678,60.901535,6.393981,6.390057,6.390451,0.010991,0.010514,0.010632,0
37028.014,1545872.250000,5088036.500000,3510443.000000,-44.279305,2.734832,50.846272,-0.008033,-0.096804,-0.592081,0.800003,0.004196,0.007203,-0.000582,-0.254619,-3.142126,-1.928692,0.145195,0.140857,0.141586,0.001053,0.000540,0.000666,0.000000,0.000000,0.000000,0.000000,0.000000,0.000000,0.000005,0.000004,0.000003,63.330910,261.049133,59.302189,7.440258,17.008678,60.901535,6.393981,6.390057,6.390451,0.010991,0.010514,0.010632,0
37028.021,1545872.250000,5088036.000000,3510442.500000,-44.339333,2.741577,50.895073,-0.008024,-0.096693,-0.591874,0.800170,0.004196,0.007203,-0.000582,-0.254619,-3.142126,-1.928692,0.145257,0.140908,0.141643,0.001055,0.000540,0.000667,0.000000,0.000000,0.000000,0.000000,0.000000,0.000000,0.000005,0.000004,0.000003,63.330910,261.049133,59.302189,7.440258,17.008678,60.901535,6.393981,6.390057,6.390451,0.010991,0.010514,0.010632,0
37028.028,1545872.250000,5088036.000000,3510442.000000,-44.398663,2.748263,50.943371,-0.008022,-0.096574,-0.591657,0.800345,0.004196,0.007203,-0.000582,-0.254619,-3.142126,-1.928692,0.145319,0.140958,0.141700,0.001056,0.000541,0.000668,0.000000,0.000000,0.000000,0.000000,0.000000,0.000000,0.000005,0.000004,0.000003,63.330910,261.049133,59.302189,7.440258,17.008678,60.901535,6.393981,6.390057,6.390451,0.010991,0.010514,0.010632,0
37028.035,1545872.125000,5088036.000000,3510441.500000,-44.458282,2.755124,50.992664,-0.008010,-0.096458,-0.591444,0.800516,0.004196,0.007203,-0.000582,-0.254619,-3.142126,-1.928692,0.145381,0.141009,0.141758,0.001058,0.000541,0.000668,0.000000,0.000000,0.000000,0.000000,0.000000,0.000000,0.000005,0.000004,0.000003,63.330910,261.049133,59.302189,7.440258,17.008678,60.901535,6.393981,6.390057,6.390451,0.010991,0.010514,0.010632,0
37028.043,1545872.125000,5088036.000000,3510441.000000,-44.519077,2.761641,51.042465,-0.008002,-0.096346,-0.591232,0.800686,0.004196,0.007203,-0.000582,-0.254619,-3.142126,-1.928692,0.145444,0.141061,0.141816,0.001060,0.000542,0.000669,0.000000,0.000000,0.000000,0.000000,0.000000,0.000000,0.000005,0.000004,0.000003,63.330910,261.049133,59.302189,7.440258,17.008678,60.901535,6.393981,6.390057,6.390451,0.010991,0.010514,0.010632,0
37028.050,1545872.000000,5088035.500000,3510440.500000,-44.578270,2.768363,51.091095,-0.007992,-0.096230,-0.591022,0.800855,0.004196,0.007203,-0.000582,-0.254619,-3.142126,-1.928692,0.145506,0.141111,0.141873,0.001061,0.000542,0.000670,0.000000,0.000000,0.000000,0.000000,0.000000,0.000000,0.000005,0.000004,0.000003,63.330910,261.049133,59.302189,7.440258,17.008678,60.901535,6.393981,6.390057,6.390451,0.010991,0.010514,0.010632,0
37028.057,1545872.000000,5088035.500000,3510440.000000,-44.638142,2.775337,51.140232,-0.007985,-0.096114,-0.590804,0.801030,0.004196,0.007203,-0.000582,-0.254619,-3.142126,-1.928692,0.145569,0.141162,0.141930,0.001063,0.000543,0.000670,0.000000,0.000000,0.000000,0.000000,0.000000,0.000000,0.000005,0.000004,0.000003,63.330910,261.049133,59.302189,7.440258,17.008678,60.901535,6.393981,6.390057,6.390451,0.010991,0.010514,0.010632,0
37028.064,1545871.875000,5088035.500000,3510439.500000,-44.698074,2.782303,51.189514,-0.007981,-0.096000,-0.590581,0.801208,0.004196,0.007203,-0.000582,-0.254619,-3.142126,-1.928692,0.145632,0.141213,0.141988,0.001065,0.000543,0.000671,0.000000,0.000000,0.000000,0.000000,0.000000,0.000000,0.000005,0.000004,0.000003,63.330910,261.049133,59.302189,7.440258,17.008678,60.901535,6.393981,6.390057,6.390451,0.010991,0.010514,0.010632,0
37028.071,1545871.875000,5088035.500000,3510439.250000,-44.757988,2.789081,51.238914,-0.007981,-0.095884,-0.590364,0.801382,0.004196,0.007203,-0.000582,-0.254619,-3.142126,-1.928692,0.145695,0.141264,0.142046,0.001066,0.000544,0.000672,0.000000,0.000000,0.000000,0.000000,0.000000,0.000000,0.000005,0.000004,0.000003,63.330910,261.049133,59.302189,7.440258,17.008678,60.901535,6.393981,6.390057,6.390451,0.010991,0.010514,0.010632,0
37028.079,1545871.750000,5088035.000000,3510438.750000,-44.818550,2.795744,51.289116,-0.007978,-0.095766,-0.590150,0.801554,0.004196,0.007203,-0.000582,-0.254619,-3.142126,-1.928692,0.145759,0.141316,0.142105,0.001068,0.000544,0.000673,0.000000,0.000000,0.000000,0.000000,0.000000,0.000000,0.000005,0.000004,0.000003,63.330910,261.049133,59.302189,7.440258,17.008678,60.901535,6.393981,6.390057,6.390451,0.010991,0.010514,0.010632,0
37028.086,1545871.750000,5088035.000000,3510438.250000,-44.878365,2.802424,51.338337,-0.007968,-0.095653,-0.589934,0.801726,0.004196,0.007203,-0.000582,-0.254619,-3.142126,-1.928692,0.145822,0.141368,0.142163,0.001069,0.000545,0.000673,0.000000,0.000000,0.000000,0.000000,0.000000,0.000000,0.000005,0.000004,0.000003,63.330910,261.049133,59.302189,7.440258,17.008678,60.901535,6.393981,6.390057,6.390451,0.010991,0.010514,0.010632,0
37028.093,1545871.625000,5088035.000000,3510437.750000,-44.938225,2.809332,51.387894,-0.007962,-0.095541,-0.589718,0.801899,0.004196,0.007203,-0.000582,-0.254619,-3.142126,-1.928692,0.145886,0.141419,0.142221,0.001071,0.000546,0.000674,0.000000,0.000000,0.000000,0.000000,0.000000,0.000000,0.000005,0.000004,0.000003,63.330910,261.049133,59.302189,7.440258,17.008678,60.901535,6.393981,6.390057,6.390451,0.010991,0.010514,0.010632,0
37028.100,1545871.625000,5088035.000000,3510437.250000,-44.998440,2.816175,51.437099,-0.007957,-0.095430,-0.589501,0.802072,0.004196,0.007203,-0.000582,-0.254619,-3.142126,-1.928692,0.145949,0.141470,0.142279,0.001073,0.000546,0.000675,0.000000,0.000000,0.000000,0.000000,0.000000,0.000000,0.000005,0.000004,0.000003,63.330910,261.049133,59.302189,7.440258,17.008678,60.901535,6.393981,6.390057,6.390451,0.010991,0.010514,0.010632,0
37028.108,1545871.625000,5088034.500000,3510436.750000,-45.058228,2.822844,51.486748,-0.007946,-0.095311,-0.589288,0.802242,0.004196,0.007203,-0.000582,-0.254619,-3.142126,-1.928692,0.146013,0.141522,0.142338,0.001074,0.000547,0.000676,0.000000,0.000000,0.000000,0.000000,0.000000,0.000000,0.000005,0.000004,0.000003,63.330910,261.049133,59.302189,7.440258,17.008678,60.901535,6.393981,6.390057,6.390451,0.010991,0.010514,0.010632,0
37028.115,1545871.500000,5088034.500000,3510436.250000,-45.117348,2.829543,51.535412,-0.007935,-0.095196,-0.589072,0.802414,0.004196,0.007203,-0.000582,-0.254619,-3.142126,-1.928692,0.146076,0.141573,0.142395,0.001076,0.000547,0.000676,0.000000,0.000000,0.000000,0.000000,0.000000,0.000000,0.000005,0.000004,0.000003,63.330910,261.049133,59.302189,7.440258,17.008678,60.901535,6.393981,6.390057,6.390451,0.010991,0.010514,0.010632,0
37028.122,1545871.500000,5088034.500000,3510435.750000,-45.177723,2.836459,51.584911,-0.007930,-0.095084,-0.588861,0.802583,0.004196,0.007203,-0.000582,-0.254619,-3.142126,-1.928692,0.146140,0.141624,0.142454,0.001077,0.000548,0.000677,0.000000,0.000000,0.000000,0.000000,0.000000,0.000000,0.000005,0.000004,0.000003,63.330910,261.049133,59.302189,7.440258,17.008678,60.901535,6.393981,6.390057,6.390451,0.010991,0.010514,0.010632,0
37028.129,1545871.375000,5088034.500000,3510435.250000,-45.237675,2.843210,51.634407,-0.007921,-0.094973,-0.588647,0.802753,0.004196,0.007203,-0.000582,-0.254619,-3.142126,-1.928692,0.146204,0.141676,0.142512,0.001079,0.000548,0.000678,0.000000,0.000000,0.000000,0.000000,0.000000,0.000000,0.000005,0.000004,0.000003,63.330910,261.049133,59.302189,7.440258,17.008678,60.901535,6.393981,6.390057,6.390451,0.010991,0.010514,0.010632,0
37028.136,1545871.375000,5088034.500000,3510434.750000,-45.297577,2.850264,51.684029,-0.007911,-0.094852,-0.588427,0.802929,0.004196,0.007203,-0.000582,-0.254619,-3.142126,-1.928692,0.146268,0.141728,0.142571,0.001081,0.000549,0.000679,0.000000,0.000000,0.000000,0.000000,0.000000,0.000000,0.000005,0.000004,0.000003,63.330910,261.049133,59.302189,7.440258,17.008678,60.901535,6.393981,6.390057,6.390451,0.010991,0.010514,0.010632,0
37028.144,1545871.250000,5088034.000000,3510434.500000,-45.358463,2.856968,51.734097,-0.007903,-0.094727,-0.588213,0.803100,0.004196,0.007203,-0.000582,-0.254619,-3.142126,-1.928692,0.146333,0.141780,0.142630,0.001082,0.000549,0.000679,0.000000,0.000000,0.000000,0.000000,0.000000,0.000000,0.000005,0.000004,0.000003,63.330910,261.049133,59.302189,7.440258,17.008678,60.901535,6.393981,6.390057,6.390451,0.010991,0.010514,0.010632,0
37028.166,1545874.625000,5088040.500000,3510461.000000,-42.736794,2.744526,48.300953,-0.001210,-0.097412,-0.600540,0.793638,0.004748,0.006772,-0.000571,-0.262361,-3.062919,-1.872196,0.141439,0.137556,0.138077,0.000977,0.000519,0.000636,0.000000,0.000000,0.000000,0.000000,0.000000,0.000000,0.000005,0.000004,0.000003,66.748589,268.512421,90.012581,7.959596,16.370205,66.416794,6.396333,6.391780,6.392630,0.011082,0.010549,0.010679,0
37028.173,1545874.625000,5088040.500000,3510460.500000,-42.796032,2.751676,48.347652,-0.001203,-0.097294,-0.600328,0.793813,0.004748,0.006772,-0.000571,-0.262361,-3.062919,-1.872196,0.141496,0.137604,0.138131,0.000979,0.000519,0.000636,0.000000,0.000000,0.000000,0.000000,0.000000,0.000000,0.000005,0.000004,0.000003,66.748589,268.512421,90.012581,7.959596,16.370205,66.416794,6.396333,6.391780,6.392630,0.011082,0.010549,0.010679,0
37028.180,1545874.500000,5088040.000000,3510460.000000,-42.855415,2.758703,48.394619,-0.001197,-0.097176,-0.600115,0.793989,0.004748,0.006772,-0.000571,-0.262361,-3.062919,-1.872196,0.141554,0.137653,0.138185,0.000980,0.000520,0.000637,0.000000,0.000000,0.000000,0.000000,0.000000,0.000000,0.000005,0.000004,0.000003,66.748589,268.512421,90.012581,7.959596,16.370205,66.416794,6.396333,6.391780,6.392630,0.011082,0.010549,0.010679,0
37028.188,1545874.500000,5088040.000000,3510459.500000,-42.914623,2.765608,48.441666,-0.001192,-0.097054,-0.599902,0.794164,0.004748,0.006772,-0.000571,-0.262361,-3.062919,-1.872196,0.141611,0.137701,0.138239,0.000982,0.000521,0.000638,0.000000,0.000000,0.000000,0.000000,0.000000,0.000000,0.000005,0.000004,0.000003,66.748589,268.512421,90.012581,7.959596,16.370205,66.416794,6.396333,6.391780,6.392630,0.011082,0.010549,0.010679,0
37028.195,1545874.375000,5088040.000000,3510459.250000,-42.974041,2.772398,48.488930,-0.001177,-0.096936,-0.599688,0.794340,0.004748,0.006772,-0.000571,-0.262361,-3.062919,-1.872196,0.141668,0.137750,0.138293,0.000983,0.000521,0.000639,0.000000,0.000000,0.000000,0.000000,0.000000,0.000000,0.000005,0.000004,0.000003,66.748589,268.512421,90.012581,7.959596,16.370205,66.416794,6.396333,6.391780,6.392630,0.011082,0.010549,0.010679,0
37028.202,1545874.375000,5088040.000000,3510458.750000,-43.033596,2.779536,48.535831,-0.001168,-0.096819,-0.599475,0.794515,0.004748,0.006772,-0.000571,-0.262361,-3.062919,-1.872196,0.141726,0.137798,0.138347,0.000985,0.000522,0.000639,0.000000,0.000000,0.000000,0.000000,0.000000,0.000000,0.000005,0.000004,0.000003,66.748589,268.512421,90.012581,7.959596,16.370205,66.416794,6.396333,6.391780,6.392630,0.011082,0.010549,0.010679,0
37028.209,1545874.375000,5088039.500000,3510458.250000,-43.093151,2.786582,48.583183,-0.001164,-0.096710,-0.599265,0.794687,0.004748,0.006772,-0.000571,-0.262361,-3.062919,-1.872196,0.141784,0.137847,0.138402,0.000986,0.000522,0.000640,0.000000,0.000000,0.000000,0.000000,0.000000,0.000000,0.000005,0.000004,0.000003,66.748589,268.512421,90.012581,7.959596,16.370205,66.416794,6.396333,6.391780,6.392630,0.011082,0.010549,0.010679,0
37028.216,1545874.250000,5088039.500000,3510457.750000,-43.152668,2.793657,48.630619,-0.001154,-0.096597,-0.599053,0.794860,0.004748,0.006772,-0.000571,-0.262361,-3.062919,-1.872196,0.141841,0.137895,0.138456,0.000988,0.000523,0.000641,0.000000,0.000000,0.000000,0.000000,0.000000,0.000000,0.000005,0.000004,0.000003,66.748589,268.512421,90.012581,7.959596,16.370205,66.416794,6.396333,6.391780,6.392630,0.011082,0.010549,0.010679,0
37028.224,1545874.250000,5088039.500000,3510457.250000,-43.211422,2.800567,48.677292,-0.001146,-0.096483,-0.598849,0.795028,0.004748,0.006772,-0.000571,-0.262361,-3.062919,-1.872196,0.141898,0.137944,0.138510,0.000989,0.000523,0.000641,0.000000,0.000000,0.000000,0.000000,0.000000,0.000000,0.000005,0.000004,0.000003,66.748589,268.512421,90.012581,7.959596,16.370205,66.416794,6.396333,6.391780,6.392630,0.011082,0.010549,0.010679,0
37028.231,1545874.125000,5088039.500000,3510457.000000,-43.271687,2.807690,48.724838,-0.001135,-0.096367,-0.598635,0.795203,0.004748,0.006772,-0.000571,-0.262361,-3.062919,-1.872196,0.141957,0.137993,0.138565,0.000991,0.000524,0.000642,0.000000,0.000000,0.000000,0.000000,0.000000,0.000000,0.000005,0.000004,0.000003,66.748589,268.512421,90.012581,7.959596,16.370205,66.416794,6.396333,6.391780,6.392630,0.011082,0.010549,0.010679,0
37028.238,1545874.125000,5088039.500000,3510456.500000,-43.331177,2.814703,48.771992,-0.001122,-0.096252,-0.598418,0.795381,0.004748,0.006772,-0.000571,-0.262361,-3.062919,-1.872196,0.142015,0.138042,0.138620,0.000992,0.000524,0.000643,0.000000,0.000000,0.000000,0.000000,0.000000,0.000000,0.000005,0.000004,0.000003,66.748589,268.512421,90.012581,7.959596,16.370205,66.416794,6.396333,6.391780,6.392630,0.011082,0.010549,0.010679,0
37028.245,1545874.000000,5088039.000000,3510456.000000,-43.390190,2.821840,48.819496,-0.001115,-0.096142,-0.598211,0.795549,0.004748,0.006772,-0.000571,-0.262361,-3.062919,-1.872196,0.142074,0.138091,0.138675,0.000994,0.000525,0.000644,0.000000,0.000000,0.000000,0.000000,0.000000,0.000000,0.000005,0.000004,0.000003,66.748589,268.512421,90.012581,7.959596,16.370205,66.416794,6.396333,6.391780,6.392630,0.011082,0.010549,0.010679,0
37028.252,1545874.000000,5088039.000000,3510455.500000,-43.450027,2.828682,48.866844,-0.001110,-0.096028,-0.597997,0.795724,0.004748,0.006772,-0.000571,-0.262361,-3.062919,-1.872196,0.142132,0.138140,0.138730,0.000995,0.000525,0.000644,0.000000,0.000000,0.000000,0.000000,0.000000,0.000000,0.000005,0.000004,0.000003,66.748589,268.512421,90.012581,7.959596,16.370205,66.416794,6.396333,6.391780,6.392630,0.011082,0.010549,0.010679,0
37028.260,1545874.000000,5088039.000000,3510455.000000,-43.512192,2.836143,48.915863,-0.001104,-0.095909,-0.597770,0.795909,0.004748,0.006772,-0.000571,-0.262361,-3.062919,-1.872196,0.142193,0.138191,0.138787,0.000997,0.000526,0.000645,0.000000,0.000000,0.000000,0.000000,0.000000,0.000000,0.000005,0.000004,0.000003,66.748589,268.512421,90.012581,7.959596,16.370205,66.416794,6.396333,6.391780,6.392630,0.011082,0.010549,0.010679,0
37028.282,1545877.000000,5088044.500000,3510478.500000,-41.146305,2.730381,45.827644,0.005014,-0.098281,-0.608792,0.787203,0.005252,0.006381,-0.000562,-0.269471,-2.990656,-1.824135,0.137753,0.134239,0.134576,0.000907,0.000498,0.000606,0.000000,0.000000,0.000000,0.000000,0.000000,0.000000,0.000005,0.000004,0.000003,64.119202,263.798523,69.366562,7.554381,15.108119,63.319271,6.392193,6.388191,6.388787,0.010997,0.010526,0.010645,0
37028.289,1545877.000000,5088044.500000,3510478.000000,-41.205765,2.737077,45.873829,0.005025,-0.098162,-0.608587,0.787376,0.005252,0.006381,-0.000562,-0.269471,-2.990656,-1.824135,0.137806,0.134285,0.134627,0.000909,0.000499,0.000606,0.000000,0.000000,0.000000,0.000000,0.000000,0.000000,0.000005,0.000004,0.000003,64.119202,263.798523,69.366562,7.554381,15.108119,63.319271,6.392193,6.388191,6.388787,0.010997,0.010526,0.010645,0
37028.297,1545876.875000,5088044.500000,3510477.500000,-41.265015,2.744068,45.919670,0.005030,-0.098049,-0.608379,0.787551,0.005252,0.006381,-0.000562,-0.269471,-2.990656,-1.824135,0.137859,0.134332,0.134679,0.000910,0.000499,0.000607,0.000000,0.000000,0.000000,0.000000,0.000000,0.000000,0.000005,0.000004,0.000003,64.119202,263.798523,69.366562,7.554381,15.108119,63.319271,6.392193,6.388191,6.388787,0.010997,0.010526,0.010645,0
37028.304,1545876.875000,5088044.500000,3510477.250000,-41.323738,2.750805,45.964901,0.005037,-0.097929,-0.608176,0.787723,0.005252,0.006381,-0.000562,-0.269471,-2.990656,-1.824135,0.137912,0.134378,0.134730,0.000911,0.000500,0.000608,0.000000,0.000000,0.000000,0.000000,0.000000,0.000000,0.000005,0.000004,0.000003,64.119202,263.798523,69.366562,7.554381,15.108119,63.319271,6.392193,6.388191,6.388787,0.010997,0.010526,0.010645,0
37028.311,1545876.750000,5088044.500000,3510476.750000,-41.382626,2.757849,46.010155,0.005045,-0.097815,-0.607972,0.787894,0.005252,0.006381,-0.000562,-0.269471,-2.990656,-1.824135,0.137965,0.134424,0.134781,0.000913,0.000500,0.000609,0.000000,0.000000,0.000000,0.000000,0.000000,0.000000,0.000005,0.000004,0.000003,64.119202,263.798523,69.366562,7.554381,15.108119,63.319271,6.392193,6.388191,6.388787,0.010997,0.010526,0.010645,0
37028.318,1545876.750000,5088044.000000,3510476.250000,-41.441254,2.764742,46.055710,0.005052,-0.097702,-0.607765,0.788067,0.005252,0.006381,-0.000562,-0.269471,-2.990656,-1.824135,0.138018,0.134470,0.134832,0.000914,0.000501,0.000609,0.000000,0.000000,0.000000,0.000000,0.000000,0.000000,0.000005,0.000004,0.000003,64.119202,263.798523,69.366562,7.554381,15.108119,63.319271,6.392193,6.388191,6.388787,0.010997,0.010526,0.010645,0
37028.326,1545876.750000,5088044.000000,3510476.000000,-41.500263,2.771949,46.100975,0.005056,-0.097586,-0.607552,0.788246,0.005252,0.006381,-0.000562,-0.269471,-2.990656,-1.824135,0.138070,0.134516,0.134883,0.000915,0.000501,0.000610,0.000000,0.000000,0.000000,0.000000,0.000000,0.000000,0.000005,0.000004,0.000003,64.119202,263.798523,69.366562,7.554381,15.108119,63.319271,6.392193,6.388191,6.388787,0.010997,0.010526,0.010645,0
37028.333,1545876.625000,5088044.000000,3510475.500000,-41.559395,2.779119,46.146069,0.005056,-0.097461,-0.607337,0.788427,0.005252,0.006381,-0.000562,-0.269471,-2.990656,-1.824135,0.138123,0.134562,0.134934,0.000917,0.000502,0.000611,0.000000,0.000000,0.000000,0.000000,0.000000,0.000000,0.000005,0.000004,0.000003,64.119202,263.798523,69.366562,7.554381,15.108119,63.319271,6.392193,6.388191,6.388787,0.010997,0.010526,0.010645,0
37028.340,1545876.625000,5088044.000000,3510475.000000,-41.617161,2.785917,46.191120,0.005065,-0.097352,-0.607126,0.788603,0.005252,0.006381,-0.000562,-0.269471,-2.990656,-1.824135,0.138176,0.134608,0.134984,0.000918,0.000502,0.000611,0.000000,0.000000,0.000000,0.000000,0.000000,0.000000,0.000005,0.000004,0.000003,64.119202,263.798523,69.366562,7.554381,15.108119,63.319271,6.392193,6.388191,6.388787,0.010997,0.010526,0.010645,0
37028.347,1545876.500000,5088044.000000,3510474.500000,-41.676056,2.792724,46.236340,0.005079,-0.097243,-0.606911,0.788782,0.005252,0.006381,-0.000562,-0.269471,-2.990656,-1.824135,0.138229,0.134654,0.135036,0.000919,0.000503,0.000612,0.000000,0.000000,0.000000,0.000000,0.000000,0.000000,0.000005,0.000004,0.000003,64.119202,263.798523,69.366562,7.554381,15.108119,63.319271,6.392193,6.388191,6.388787,0.010997,0.010526,0.010645,0
37028.354,1545876.500000,5088043.500000,3510474.250000,-41.734970,2.800134,46.281940,0.005086,-0.097125,-0.606705,0.788955,0.005252,0.006381,-0.000562,-0.269471,-2.990656,-1.824135,0.138282,0.134700,0.135087,0.000921,0.000503,0.000613,0.000000,0.000000,0.000000,0.000000,0.000000,0.000000,0.000005,0.000004,0.000003,64.119202,263.798523,69.366562,7.554381,15.108119,63.319271,6.392193,6.388191,6.388787,0.010997,0.010526,0.010645,0
37028.361,1545876.500000,5088043.500000,3510473.750000,-41.794052,2.807165,46.327690,0.005096,-0.097012,-0.606498,0.789128,0.005252,0.006381,-0.000562,-0.269471,-2.990656,-1.824135,0.138336,0.134747,0.135138,0.000922,0.000504,0.000614,0.000000,0.000000,0.000000,0.000000,0.000000,0.000000,0.000005,0.000004,0.000003,64.119202,263.798523,69.366562,7.554381,15.108119,63.319271,6.392193,6.388191,6.388787,0.010997,0.010526,0.010645,0
37028.369,1545876.375000,5088043.500000,3510473.250000,-41.853920,2.814675,46.373886,0.005100,-0.096893,-0.606285,0.789306,0.005252,0.006381,-0.000562,-0.269471,-2.990656,-1.824135,0.138390,0.134794,0.135191,0.000924,0.000504,0.000614,0.000000,0.000000,0.000000,0.000000,0.000000,0.000000,0.000005,0.000004,0.000003,64.119202,263.798523,69.366562,7.554381,15.108119,63.319271,6.392193,6.388191,6.388787,0.010997,0.010526,0.010645,0
37028.376,1545876.375000,5088043.500000,3510472.750000,-41.912743,2.821973,46.419174,0.005105,-0.096783,-0.606081,0.789476,0.005252,0.006381,-0.000562,-0.269471,-2.990656,-1.824135,0.138443,0.134840,0.135242,0.000925,0.000505,0.000615,0.000000,0.000000,0.000000,0.000000,0.000000,0.000000,0.000005,0.000004,0.000003,64.119202,263.798523,69.366562,7.554381,15.108119,63.319271,6.392193,6.388191,6.388787,0.010997,0.010526,0.010645,0
37028.383,1545876.250000,5088043.500000,3510472.500000,-41.971622,2.829158,46.464783,0.005115,-0.096664,-0.605875,0.789649,0.005252,0.006381,-0.000562,-0.269471,-2.990656,-1.824135,0.138497,0.134887,0.135294,0.000926,0.000505,0.000616,0.000000,0.000000,0.000000,0.000000,0.000000,0.000000,0.000005,0.000004,0.000003,64.119202,263.798523,69.366562,7.554381,15.108119,63.319271,6.392193,6.388191,6.388787,0.010997,0.010526,0.010645,0
37028.390,1545876.250000,5088043.000000,3510472.000000,-42.030373,2.836284,46.510738,0.005127,-0.096543,-0.605663,0.789826,0.005252,0.006381,-0.000562,-0.269471,-2.990656,-1.824135,0.138551,0.134933,0.135346,0.000928,0.000506,0.000616,0.000000,0.000000,0.000000,0.000000,0.000000,0.000000,0.000005,0.000004,0.000003,64.119202,263.798523,69.366562,7.554381,15.108119,63.319271,6.392193,6.388191,6.388787,0.010997,0.010526,0.010645,0
37028.398,1545876.125000,5088043.000000,3510471.500000,-42.089214,2.843658,46.556358,0.005131,-0.096431,-0.605459,0.789996,0.005252,0.006381,-0.000562,-0.269471,-2.990656,-1.824135,0.138605,0.134980,0.135397,0.000929,0.000506,0.000617,0.000000,0.000000,0.000000,0.000000,0.000000,0.000000,0.000005,0.000004,0.000003,64.119202,263.798523,69.366562,7.554381,15.108119,63.319271,6.392193,6.388191,6.388787,0.010997,0.010526,0.010645,0
37028.405,1545876.125000,5088043.000000,3510471.000000,-42.147991,2.850887,46.602303,0.005142,-0.096317,-0.605253,0.790168,0.005252,0.006381,-0.000562,-0.269471,-2.990656,-1.824135,0.138659,0.135027,0.135449,0.000930,0.000507,0.000618,0.000000,0.000000,0.000000,0.000000,0.000000,0.000000,0.000005,0.000004,0.000003,64.119202,263.798523,69.366562,7.554381,15.108119,63.319271,6.392193,6.388191,6.388787,0.010997,0.010526,0.010645,0
37028.412,1545876.125000,5088043.000000,3510470.750000,-42.206802,2.857927,46.648369,0.005158,-0.096196,-0.605050,0.790338,0.005252,0.006381,-0.000562,-0.269471,-2.990656,-1.824135,0.138713,0.135073,0.135501,0.000932,0.000507,0.000619,0.000000,0.000000,0.000000,0.000000,0.000000,0.000000,0.000005,0.000004,0.000003,64.119202,263.798523,69.366562,7.554381,15.108119,63.319271,6.392193,6.388191,6.388787,0.010997,0.010526,0.010645,0
37028.419,1545876.000000,5088043.000000,3510470.250000,-42.265697,2.865281,46.694115,0.005171,-0.096082,-0.604850,0.790505,0.005252,0.006381,-0.000562,-0.269471,-2.990656,-1.824135,0.138767,0.135120,0.135553,0.000933,0.000508,0.000619,0.000000,0.000000,0.000000,0.000000,0.000000,0.000000,0.000005,0.000004,0.000003,64.119202,263.798523,69.366562,7.554381,15.108119,63.319271,6.392193,6.388191,6.388787,0.010997,0.010526,0.010645,0
37028.426,1545876.000000,5088042.500000,3510469.750000,-42.324780,2.872629,46.739845,0.005184,-0.095965,-0.604642,0.790678,0.005252,0.006381,-0.000562,-0.269471,-2.990656,-1.824135,0.138821,0.135167,0.135605,0.000934,0.000508,0.000620,0.000000,0.000000,0.000000,0.000000,0.000000,0.000000,0.000005,0.000004,0.000003,64.119202,263.798523,69.366562,7.554381,15.108119,63.319271,6.392193,6.388191,6.388787,0.010997,0.010526,0.010645,0
37028.434,1545875.875000,5088042.500000,3510469.250000,-42.383820,2.880032,46.785721,0.005188,-0.095855,-0.604438,0.790848,0.005252,0.006381,-0.000562,-0.269471,-2.990656,-1.824135,0.138876,0.135214,0.135658,0.000936,0.000509,0.000621,0.000000,0.000000,0.000000,0.000000,0.000000,0.000000,0.000005,0.000004,0.000003,64.119202,263.798523,69.366562,7.554381,15.108119,63.319271,6.392193,6.388191,6.388787,0.010997,0.010526,0.010645,0
37028.441,1545875.875000,5088042.500000,3510469.000000,-42.442848,2.887031,46.831654,0.005195,-0.095742,-0.604233,0.791018,0.005252,0.006381,-0.000562,-0.269471,-2.990656,-1.824135,0.138930,0.135261,0.135710,0.000937,0.000509,0.000621,0.000000,0.000000,0.000000,0.000000,0.000000,0.000000,0.000005,0.000004,0.000003,64.119202,263.798523,69.366562,7.554381,15.108119,63.319271,6.392193,6.388191,6.388787,0.010997,0.010526,0.010645,0
37028.448,1545875.875000,5088042.500000,3510468.500000,-42.501865,2.894122,46.877636,0.005203,-0.095621,-0.604027,0.791189,0.005252,0.006381,-0.000562,-0.269471,-2.990656,-1.824135,0.138985,0.135308,0.135762,0.000939,0.000510,0.000622,0.000000,0.000000,0.000000,0.000000,0.000000,0.000000,0.000005,0.000004,0.000003,64.119202,263.798523,69.366562,7.554381,15.108119,63.319271,6.392193,6.388191,6.388787,0.010997,0.010526,0.010645,0
37028.455,1545875.750000,5088042.500000,3510468.000000,-42.561050,2.901479,46.923500,0.005225,-0.095502,-0.603818,0.791363,0.005252,0.006381,-0.000562,-0.269471,-2.990656,-1.824135,0.139040,0.135355,0.135815,0.000940,0.000510,0.000623,0.000000,0.000000,0.000000,0.000000,0.000000,0.000000,0.000005,0.000004,0.000003,64.119202,263.798523,69.366562,7.554381,15.108119,63.319271,6.392193,6.388191,6.388787,0.010997,0.010526,0.010645,0
37028.462,1545875.750000,5088042.000000,3510467.500000,-42.620136,2.908923,46.969379,0.005240,-0.095384,-0.603612,0.791534,0.005252,0.006381,-0.000562,-0.269471,-2.990656,-1.824135,0.139095,0.135403,0.135867,0.000941,0.000511,0.000624,0.000000,0.000000,0.000000,0.000000,0.000000,0.000000,0.000005,0.000004,0.000003,64.119202,263.798523,69.366562,7.554381,15.108119,63.319271,6.392193,6.388191,6.388787,0.010997,0.010526,0.010645,0
37028.470,1545875.625000,5088042.000000,3510467.000000,-42.679157,2.916033,47.015476,0.005245,-0.095275,-0.603407,0.791704,0.005252,0.006381,-0.000562,-0.269471,-2.990656,-1.824135,0.139150,0.135450,0.135920,0.000943,0.000511,0.000624,0.000000,0.000000,0.000000,0.000000,0.000000,0.000000,0.000005,0.000004,0.000003,64.119202,263.798523,69.366562,7.554381,15.108119,63.319271,6.392193,6.388191,6.388787,0.010997,0.010526,0.010645,0
37028.477,1545875.625000,5088042.000000,3510466.750000,-42.738167,2.923283,47.061489,0.005252,-0.095159,-0.603202,0.791874,0.005252,0.006381,-0.000562,-0.269471,-2.990656,-1.824135,0.139205,0.135497,0.135972,0.000944,0.000512,0.000625,0.000000,0.000000,0.000000,0.000000,0.000000,0.000000,0.000005,0.000004,0.000003,64.119202,263.798523,69.366562,7.554381,15.108119,63.319271,6.392193,6.388191,6.388787,0.010997,0.010526,0.010645,0
37028.484,1545875.500000,5088042.000000,3510466.250000,-42.797417,2.930267,47.107857,0.005257,-0.095046,-0.602997,0.792043,0.005252,0.006381,-0.000562,-0.269471,-2.990656,-1.824135,0.139260,0.135544,0.136025,0.000945,0.000513,0.000626,0.000000,0.000000,0.000000,0.000000,0.000000,0.000000,0.000005,0.000004,0.000003,64.119202,263.798523,69.366562,7.554381,15.108119,63.319271,6.392193,6.388191,6.388787,0.010997,0.010526,0.010645,0
37028.491,1545875.500000,5088042.000000,3510465.750000,-42.856773,2.937348,47.153458,0.005266,-0.094935,-0.602791,0.792214,0.005252,0.006381,-0.000562,-0.269471,-2.990656,-1.824135,0.139315,0.135592,0.136078,0.000947,0.000513,0.000626,0.000000,0.000000,0.000000,0.000000,0.000000,0.000000,0.000005,0.000004,0.000003,64.119202,263.798523,69.366562,7.554381,15.108119,63.319271,6.392193,6.388191,6.388787,0.010997,0.010526,0.010645,0
37028.498,1545875.500000,5088041.500000,3510465.250000,-42.915741,2.944469,47.199852,0.005282,-0.094818,-0.602586,0.792384,0.005252,0.006381,-0.000562,-0.269471,-2.990656,-1.824135,0.139370,0.135639,0.136130,0.000948,0.000514,0.000627,0.000000,0.000000,0.000000,0.000000,0.000000,0.000000,0.000005,0.000004,0.000003,64.119202,263.798523,69.366562,7.554381,15.108119,63.319271,6.392193,6.388191,6.388787,0.010997,0.010526,0.010645,0
37028.506,1545875.375000,5088041.500000,3510465.000000,-42.974655,2.951554,47.245857,0.005299,-0.094707,-0.602381,0.792552,0.005252,0.006381,-0.000562,-0.269471,-2.990656,-1.824135,0.139426,0.135687,0.136183,0.000950,0.000514,0.000628,0.000000,0.000000,0.000000,0.000000,0.000000,0.000000,0.000005,0.000004,0.000003,64.119202,263.798523,69.366562,7.554381,15.108119,63.319271,6.392193,6.388191,6.388787,0.010997,0.010526,0.010645,0
37028.513,1545875.375000,5088041.500000,3510464.500000,-43.033665,2.958768,47.292038,0.005309,-0.094593,-0.602173,0.792725,0.005252,0.006381,-0.000562,-0.269471,-2.990656,-1.824135,0.139481,0.135734,0.136236,0.000951,0.000515,0.000629,0.000000,0.000000,0.000000,0.000000,0.000000,0.000000,0.000005,0.000004,0.000003,64.119202,263.798523,69.366562,7.554381,15.108119,63.319271,6.392193,6.388191,6.388787,0.010997,0.010526,0.010645,0
37028.520,1545875.250000,5088041.500000,3510464.000000,-43.092686,2.966160,47.338444,0.005324,-0.094476,-0.601964,0.792897,0.005252,0.006381,-0.000562,-0.269471,-2.990656,-1.824135,0.139537,0.135782,0.136289,0.000952,0.000515,0.000629,0.000000,0.000000,0.000000,0.000000,0.000000,0.000000,0.000005,0.000004,0.000003,64.119202,263.798523,69.366562,7.554381,15.108119,63.319271,6.392193,6.388191,6.388787,0.010997,0.010526,0.010645,0
37028.527,1545875.250000,5088041.500000,3510463.500000,-43.151695,2.973672,47.385010,0.005341,-0.094361,-0.601749,0.793073,0.005252,0.006381,-0.000562,-0.269471,-2.990656,-1.824135,0.139593,0.135830,0.136343,0.000954,0.000516,0.000630,0.000000,0.000000,0.000000,0.000000,0.000000,0.000000,0.000005,0.000004,0.000003,64.119202,263.798523,69.366562,7.554381,15.108119,63.319271,6.392193,6.388191,6.388787,0.010997,0.010526,0.010645,0
37028.534,1545875.125000,5088041.000000,3510463.000000,-43.210854,2.980859,47.431488,0.005343,-0.094242,-0.601544,0.793243,0.005252,0.006381,-0.000562,-0.269471,-2.990656,-1.824135,0.139649,0.135877,0.136396,0.000955,0.000516,0.000631,0.000000,0.000000,0.000000,0.000000,0.000000,0.000000,0.000005,0.000004,0.000003,64.119202,263.798523,69.366562,7.554381,15.108119,63.319271,6.392193,6.388191,6.388787,0.010997,0.010526,0.010645,0
37028.542,1545875.125000,5088041.000000,3510462.750000,-43.270016,2.988224,47.477730,0.005351,-0.094122,-0.601335,0.793416,0.005252,0.006381,-0.000562,-0.269471,-2.990656,-1.824135,0.139705,0.135925,0.136449,0.000957,0.000517,0.000631,0.000000,0.000000,0.000000,0.000000,0.000000,0.000000,0.000005,0.000004,0.000003,64.119202,263.798523,69.366562,7.554381,15.108119,63.319271,6.392193,6.388191,6.388787,0.010997,0.010526,0.010645,0
37028.549,1545875.125000,5088041.000000,3510462.250000,-43.329437,2.995311,47.524059,0.005370,-0.094005,-0.601126,0.793588,0.005252,0.006381,-0.000562,-0.269471,-2.990656,-1.824135,0.139761,0.135973,0.136502,0.000958,0.000517,0.000632,0.000000,0.000000,0.000000,0.000000,0.000000,0.000000,0.000005,0.000004,0.000003,64.119202,263.798523,69.366562,7.554381,15.108119,63.319271,6.392193,6.388191,6.388787,0.010997,0.010526,0.010645,0
37028.556,1545875.000000,5088041.000000,3510461.750000,-43.388321,3.002436,47.570820,0.005380,-0.093883,-0.600921,0.793758,0.005252,0.006381,-0.000562,-0.269471,-2.990656,-1.824135,0.139817,0.136021,0.136556,0.000959,0.000518,0.000633,0.000000,0.000000,0.000000,0.000000,0.000000,0.000000,0.000005,0.000004,0.000003,64.119202,263.798523,69.366562,7.554381,15.108119,63.319271,6.392193,6.388191,6.388787,0.010997,0.010526,0.010645,0
37028.563,1545875.000000,5088041.000000,3510461.250000,-43.447662,3.009755,47.616966,0.005392,-0.093763,-0.600714,0.793929,0.005252,0.006381,-0.000562,-0.269471,-2.990656,-1.824135,0.139873,0.136069,0.136609,0.000961,0.000518,0.000634,0.000000,0.000000,0.000000,0.000000,0.000000,0.000000,0.000005,0.000004,0.000003,64.119202,263.798523,69.366562,7.554381,15.108119,63.319271,6.392193,6.388191,6.388787,0.010997,0.010526,0.010645,0
37028.570,1545874.875000,5088040.500000,3510460.750000,-43.506863,3.017314,47.663628,0.005398,-0.093650,-0.600511,0.794095,0.005252,0.006381,-0.000562,-0.269471,-2.990656,-1.824135,0.139930,0.136117,0.136663,0.000962,0.000519,0.000634,0.000000,0.000000,0.000000,0.000000,0.000000,0.000000,0.000005,0.000004,0.000003,64.119202,263.798523,69.366562,7.554381,15.108119,63.319271,6.392193,6.388191,6.388787,0.010997,0.010526,0.010645,0
37028.578,1545874.875000,5088040.500000,3510460.500000,-43.566254,3.024601,47.710217,0.005410,-0.093535,-0.600305,0.794264,0.005252,0.006381,-0.000562,-0.269471,-2.990656,-1.824135,0.139986,0.136165,0.136717,0.000964,0.000519,0.000635,0.000000,0.000000,0.000000,0.000000,0.000000,0.000000,0.000005,0.000004,0.000003,64.119202,263.798523,69.366562,7.554381,15.108119,63.319271,6.392193,6.388191,6.388787,0.010997,0.010526,0.010645,0
37028.585,1545874.750000,5088040.500000,3510460.000000,-43.625572,3.031799,47.757107,0.005418,-0.093417,-0.600097,0.794435,0.005252,0.006381,-0.000562,-0.269471,-2.990656,-1.824135,0.140043,0.136213,0.136770,0.000965,0.000520,0.000636,0.000000,0.000000,0.000000,0.000000,0.000000,0.000000,0.000005,0.000004,0.000003,64.119202,263.798523,69.366562,7.554381,15.108119,63.319271,6.392193,6.388191,6.388787,0.010997,0.010526,0.010645,0
37028.592,1545874.750000,5088040.500000,3510459.500000,-43.684586,3.038865,47.803741,0.005429,-0.093300,-0.599891,0.794604,0.005252,0.006381,-0.000562,-0.269471,-2.990656,-1.824135,0.140100,0.136262,0.136824,0.000966,0.000520,0.000637,0.000000,0.000000,0.000000,0.000000,0.000000,0.000000,0.000005,0.000004,0.000003,64.119202,263.798523,69.366562,7.554381,15.108119,63.319271,6.392193,6.388191,6.388787,0.010997,0.010526,0.010645,0
37028.599,1545874.750000,5088040.500000,3510459.000000,-43.743103,3.045932,47.849945,0.005439,-0.093193,-0.599682,0.794775,0.005252,0.006381,-0.000562,-0.269471,-2.990656,-1.824135,0.140156,0.136309,0.136877,0.000968,0.000521,0.000637,0.000000,0.000000,0.000000,0.000000,0.000000,0.000000,0.000005,0.000004,0.000003,64.119202,263.798523,69.366562,7.554381,15.108119,63.319271,6.392193,6.388191,6.388787,0.010997,0.010526,0.010645,0
37028.606,1545874.625000,5088040.000000,3510458.500000,-43.802204,3.053466,47.896893,0.005450,-0.093081,-0.599472,0.794946,0.005252,0.006381,-0.000562,-0.269471,-2.990656,-1.824135,0.140213,0.136357,0.136931,0.000969,0.000521,0.000638,0.000000,0.000000,0.000000,0.000000,0.000000,0.000000,0.000005,0.000004,0.000003,64.119202,263.798523,69.366562,7.554381,15.108119,63.319271,6.392193,6.388191,6.388787,0.010997,0.010526,0.010645,0
37028.613,1545874.625000,5088040.000000,3510458.250000,-43.861885,3.060817,47.943645,0.005467,-0.092962,-0.599264,0.795117,0.005252,0.006381,-0.000562,-0.269471,-2.990656,-1.824135,0.140270,0.136406,0.136985,0.000971,0.000522,0.000639,0.000000,0.000000,0.000000,0.000000,0.000000,0.000000,0.000005,0.000004,0.000003,64.119202,263.798523,69.366562,7.554381,15.108119,63.319271,6.392193,6.388191,6.388787,0.010997,0.010526,0.010645,0
37028.621,1545874.500000,5088040.000000,3510457.750000,-43.922253,3.068152,47.990852,0.005487,-0.092844,-0.599053,0.795290,0.005252,0.006381,-0.000562,-0.269471,-2.990656,-1.824135,0.140328,0.136455,0.137040,0.000972,0.000523,0.000640,0.000000,0.000000,0.000000,0.000000,0.000000,0.000000,0.000005,0.000004,0.000003,64.119202,263.798523,69.366562,7.554381,15.108119,63.319271,6.392193,6.388191,6.388787,0.010997,0.010526,0.010645,0
37028.628,1545874.500000,5088040.000000,3510457.250000,-43.980633,3.075064,48.036854,0.005496,-0.092731,-0.598846,0.795458,0.005252,0.006381,-0.000562,-0.269471,-2.990656,-1.824135,0.140384,0.136503,0.137094,0.000974,0.000523,0.000640,0.000000,0.000000,0.000000,0.000000,0.000000,0.000000,0.000005,0.000004,0.000003,64.119202,263.798523,69.366562,7.554381,15.108119,63.319271,6.392193,6.388191,6.388787,0.010997,0.010526,0.010645,0
37028.635,1545874.375000,5088040.000000,3510456.750000,-44.040352,3.082414,48.083492,0.005505,-0.092617,-0.598638,0.795628,0.005252,0.006381,-0.000562,-0.269471,-2.990656,-1.824135,0.140442,0.136551,0.137148,0.000975,0.000524,0.000641,0.000000,0.000000,0.000000,0.000000,0.000000,0.000000,0.000005,0.000004,0.000003,64.119202,263.798523,69.366562,7.554381,15.108119,63.319271,6.392193,6.388191,6.388787,0.010997,0.010526,0.010645,0
37028.642,1545874.375000,5088039.500000,3510456.250000,-44.099953,3.089815,48.130058,0.005519,-0.092501,-0.598433,0.795796,0.005252,0.006381,-0.000562,-0.269471,-2.990656,-1.824135,0.140499,0.136600,0.137202,0.000976,0.000524,0.000642,0.000000,0.000000,0.000000,0.000000,0.000000,0.000000,0.000005,0.000004,0.000003,64.119202,263.798523,69.366562,7.554381,15.108119,63.319271,6.392193,6.388191,6.388787,0.010997,0.010526,0.010645,0
37028.649,1545874.375000,5088039.500000,3510456.000000,-44.158592,3.097083,48.176418,0.005530,-0.092390,-0.598227,0.795963,0.005252,0.006381,-0.000562,-0.269471,-2.990656,-1.824135,0.140556,0.136648,0.137256,0.000978,0.000525,0.000642,0.000000,0.000000,0.000000,0.000000,0.000000,0.000000,0.000005,0.000004,0.000003,64.119202,263.798523,69.366562,7.554381,15.108119,63.319271,6.392193,6.388191,6.388787,0.010997,0.010526,0.010645,0
37028.657,1545874.250000,5088039.500000,3510455.500000,-44.217972,3.104393,48.223457,0.005538,-0.092274,-0.598017,0.796135,0.005252,0.006381,-0.000562,-0.269471,-2.990656,-1.824135,0.140614,0.136697,0.137311,0.000979,0.000525,0.000643,0.000000,0.000000,0.000000,0.000000,0.000000,0.000000,0.000005,0.000004,0.000003,64.119202,263.798523,69.366562,7.554381,15.108119,63.319271,6.392193,6.388191,6.388787,0.010997,0.010526,0.010645,0
37028.664,1545874.250000,5088039.500000,3510455.000000,-44.277241,3.111965,48.270592,0.005541,-0.092153,-0.597807,0.796307,0.005252,0.006381,-0.000562,-0.269471,-2.990656,-1.824135,0.140671,0.136746,0.137365,0.000981,0.000526,0.000644,0.000000,0.000000,0.000000,0.000000,0.000000,0.000000,0.000005,0.000004,0.000003,64.119202,263.798523,69.366562,7.554381,15.108119,63.319271,6.392193,6.388191,6.388787,0.010997,0.010526,0.010645,0
37028.671,1545874.125000,5088039.500000,3510454.500000,-44.336895,3.119416,48.317513,0.005550,-0.092033,-0.597596,0.796478,0.005252,0.006381,-0.000562,-0.269471,-2.990656,-1.824135,0.140729,0.136794,0.137420,0.000982,0.000526,0.000645,0.000000,0.000000,0.000000,0.000000,0.000000,0.000000,0.000005,0.000004,0.000003,64.119202,263.798523,69.366562,7.554381,15.108119,63.319271,6.392193,6.388191,6.388787,0.010997,0.010526,0.010645,0
37028.678,1545874.125000,5088039.000000,3510454.000000,-44.396072,3.126848,48.364475,0.005557,-0.091918,-0.597386,0.796649,0.005252,0.006381,-0.000562,-0.269471,-2.990656,-1.824135,0.140787,0.136843,0.137474,0.000984,0.000527,0.000645,0.000000,0.000000,0.000000,0.000000,0.000000,0.000000,0.000005,0.000004,0.000003,64.119202,263.798523,69.366562,7.554381,15.108119,63.319271,6.392193,6.388191,6.388787,0.010997,0.010526,0.010645,0
37028.685,1545874.000000,5088039.000000,3510453.500000,-44.455559,3.134348,48.411480,0.005566,-0.091801,-0.597176,0.796820,0.005252,0.006381,-0.000562,-0.269471,-2.990656,-1.824135,0.140846,0.136892,0.137529,0.000985,0.000527,0.000646,0.000000,0.000000,0.000000,0.000000,0.000000,0.000000,0.000005,0.000004,0.000003,64.119202,263.798523,69.366562,7.554381,15.108119,63.319271,6.392193,6.388191,6.388787,0.010997,0.010526,0.010645,0
37028.692,1545874.000000,5088039.000000,3510453.250000,-44.514072,3.141607,48.457916,0.005570,-0.091686,-0.596970,0.796988,0.005252,0.006381,-0.000562,-0.269471,-2.990656,-1.824135,0.140903,0.136941,0.137583,0.000986,0.000528,0.000647,0.000000,0.000000,0.000000,0.000000,0.000000,0.000000,0.000005,0.000004,0.000003,64.119202,263.798523,69.366562,7.554381,15.108119,63.319271,6.392193,6.388191,6.388787,0.010997,0.010526,0.010645,0
37028.700,1545874.000000,5088039.000000,3510452.750000,-44.574806,3.149086,48.505512,0.005584,-0.091570,-0.596763,0.797156,0.005252,0.006381,-0.000562,-0.269471,-2.990656,-1.824135,0.140962,0.136990,0.137639,0.000988,0.000528,0.000648,0.000000,0.000000,0.000000,0.000000,0.000000,0.000000,0.000005,0.000004,0.000003,64.119202,263.798523,69.366562,7.554381,15.108119,63.319271,6.392193,6.388191,6.388787,0.010997,0.010526,0.010645,0
37028.707,1545873.875000,5088039.000000,3510452.250000,-44.634361,3.156498,48.552711,0.005592,-0.091454,-0.596553,0.797326,0.005252,0.006381,-0.000562,-0.269471,-2.990656,-1.824135,0.141021,0.137040,0.137694,0.000989,0.000529,0.000648,0.000000,0.000000,0.000000,0.000000,0.000000,0.000000,0.000005,0.000004,0.000003,64.119202,263.798523,69.366562,7.554381,15.108119,63.319271,6.392193,6.388191,6.388787,0.010997,0.010526,0.010645,0
37028.714,1545873.875000,5088038.500000,3510451.750000,-44.694069,3.163935,48.599937,0.005595,-0.091341,-0.596347,0.797494,0.005252,0.006381,-0.000562,-0.269471,-2.990656,-1.824135,0.141079,0.137089,0.137749,0.000991,0.000529,0.000649,0.000000,0.000000,0.000000,0.000000,0.000000,0.000000,0.000005,0.000004,0.000003,64.119202,263.798523,69.366562,7.554381,15.108119,63.319271,6.392193,6.388191,6.388787,0.010997,0.010526,0.010645,0
37028.721,1545873.750000,5088038.500000,3510451.250000,-44.753284,3.171250,48.647106,0.005601,-0.091233,-0.596137,0.797663,0.005252,0.006381,-0.000562,-0.269471,-2.990656,-1.824135,0.141138,0.137138,0.137804,0.000992,0.000530,0.000650,0.000000,0.000000,0.000000,0.000000,0.000000,0.000000,0.000005,0.000004,0.000003,64.119202,263.798523,69.366562,7.554381,15.108119,63.319271,6.392193,6.388191,6.388787,0.010997,0.010526,0.010645,0
37028.728,1545873.750000,5088038.500000,3510450.750000,-44.812027,3.178318,48.693752,0.005611,-0.091119,-0.595934,0.797827,0.005252,0.006381,-0.000562,-0.269471,-2.990656,-1.824135,0.141196,0.137187,0.137859,0.000994,0.000531,0.000651,0.000000,0.000000,0.000000,0.000000,0.000000,0.000000,0.000005,0.000004,0.000003,64.119202,263.798523,69.366562,7.554381,15.108119,63.319271,6.392193,6.388191,6.388787,0.010997,0.010526,0.010645,0
37028.736,1545873.625000,5088038.500000,3510450.250000,-44.872223,3.185905,48.741970,0.005622,-0.091003,-0.595725,0.797997,0.005252,0.006381,-0.000562,-0.269471,-2.990656,-1.824135,0.141256,0.137237,0.137915,0.000995,0.000531,0.000651,0.000000,0.000000,0.000000,0.000000,0.000000,0.000000,0.000005,0.000004,0.000003,64.119202,263.798523,69.366562,7.554381,15.108119,63.319271,6.392193,6.388191,6.388787,0.010997,0.010526,0.010645,0
37028.743,1545873.625000,5088038.500000,3510450.000000,-44.931374,3.193581,48.789387,0.005631,-0.090885,-0.595519,0.798164,0.005252,0.006381,-0.000562,-0.269471,-2.990656,-1.824135,0.141315,0.137286,0.137971,0.000997,0.000532,0.000652,0.000000,0.000000,0.000000,0.000000,0.000000,0.000000,0.000005,0.000004,0.000003,64.119202,263.798523,69.366562,7.554381,15.108119,63.319271,6.392193,6.388191,6.388787,0.010997,0.010526,0.010645,0
37028.750,1545873.500000,5088038.000000,3510449.500000,-44.990952,3.201067,48.836956,0.005631,-0.090770,-0.595304,0.798337,0.005252,0.006381,-0.000562,-0.269471,-2.990656,-1.824135,0.141374,0.137336,0.138026,0.000998,0.000532,0.000653,0.000000,0.000000,0.000000,0.000000,0.000000,0.000000,0.000005,0.000004,0.000003,64.119202,263.798523,69.366562,7.554381,15.108119,63.319271,6.392193,6.388191,6.388787,0.010997,0.010526,0.010645,0
37028.757,1545873.500000,5088038.000000,3510449.000000,-45.049637,3.208158,48.883770,0.005642,-0.090658,-0.595099,0.798503,0.005252,0.006381,-0.000562,-0.269471,-2.990656,-1.824135,0.141432,0.137385,0.138081,0.000999,0.000533,0.000653,0.000000,0.000000,0.000000,0.000000,0.000000,0.000000,0.000005,0.000004,0.000003,64.119202,263.798523,69.366562,7.554381,15.108119,63.319271,6.392193,6.388191,6.388787,0.010997,0.010526,0.010645,0
37028.764,1545873.500000,5088038.000000,3510448.500000,-45.109406,3.215364,48.930984,0.005653,-0.090552,-0.594897,0.798665,0.005252,0.006381,-0.000562,-0.269471,-2.990656,-1.824135,0.141492,0.137434,0.138137,0.001001,0.000533,0.000654,0.000000,0.000000,0.000000,0.000000,0.000000,0.000000,0.000005,0.000004,0.000003,64.119202,263.798523,69.366562,7.554381,15.108119,63.319271,6.392193,6.388191,6.388787,0.010997,0.010526,0.010645,0
37028.772,1545873.375000,5088038.000000,3510448.000000,-45.169853,3.222838,48.978745,0.005662,-0.090428,-0.594675,0.798845,0.005252,0.006381,-0.000562,-0.269471,-2.990656,-1.824135,0.141552,0.137485,0.138193,0.001002,0.000534,0.000655,0.000000,0.000000,0.000000,0.000000,0.000000,0.000000,0.000005,0.000004,0.000003,64.119202,263.798523,69.366562,7.554381,15.108119,63.319271,6.392193,6.388191,6.388787,0.010997,0.010526,0.010645,0
37028.779,1545873.375000,5088038.000000,3510447.500000,-45.229347,3.230326,49.026428,0.005673,-0.090309,-0.594462,0.799016,0.005252,0.006381,-0.000562,-0.269471,-2.990656,-1.824135,0.141612,0.137534,0.138249,0.001004,0.000534,0.000656,0.000000,0.000000,0.000000,0.000000,0.000000,0.000000,0.000005,0.000004,0.000003,64.119202,263.798523,69.366562,7.554381,15.108119,63.319271,6.392193,6.388191,6.388787,0.010997,0.010526,0.010645,0
37028.786,1545873.250000,5088037.500000,3510447.000000,-45.288437,3.237789,49.073204,0.005693,-0.090198,-0.594257,0.799182,0.005252,0.006381,-0.000562,-0.269471,-2.990656,-1.824135,0.141671,0.137583,0.138304,0.001005,0.000535,0.000656,0.000000,0.000000,0.000000,0.000000,0.000000,0.000000,0.000005,0.000004,0.000003,64.119202,263.798523,69.366562,7.554381,15.108119,63.319271,6.392193,6.388191,6.388787,0.010997,0.010526,0.010645,0
37028.793,1545873.250000,5088037.500000,3510446.750000,-45.347969,3.245258,49.120941,0.005704,-0.090081,-0.594048,0.799350,0.005252,0.006381,-0.000562,-0.269471,-2.990656,-1.824135,0.141731,0.137633,0.138360,0.001007,0.000535,0.000657,0.000000,0.000000,0.000000,0.000000,0.000000,0.000000,0.000005,0.000004,0.000003,64.119202,263.798523,69.366562,7.554381,15.108119,63.319271,6.392193,6.388191,6.388787,0.010997,0.010526,0.010645,0
37028.800,1545873.125000,5088037.500000,3510446.250000,-45.407753,3.252645,49.168621,0.005708,-0.089960,-0.593838,0.799519,0.005252,0.006381,-0.000562,-0.269471,-2.990656,-1.824135,0.141790,0.137683,0.138416,0.001008,0.000536,0.000658,0.000000,0.000000,0.000000,0.000000,0.000000,0.000000,0.000005,0.000004,0.000003,64.119202,263.798523,69.366562,7.554381,15.108119,63.319271,6.392193,6.388191,6.388787,0.010997,0.010526,0.010645,0
37028.808,1545873.125000,5088037.500000,3510445.750000,-45.468071,3.260464,49.216942,0.005716,-0.089844,-0.593624,0.799691,0.005252,0.006381,-0.000562,-0.269471,-2.990656,-1.824135,0.141851,0.137734,0.138473,0.001010,0.000537,0.000659,0.000000,0.000000,0.000000,0.000000,0.000000,0.000000,0.000005,0.000004,0.000003,64.119202,263.798523,69.366562,7.554381,15.108119,63.319271,6.392193,6.388191,6.388787,0.010997,0.010526,0.010645,0
37028.815,1545873.000000,5088037.500000,3510445.250000,-45.526394,3.267832,49.264465,0.005723,-0.089726,-0.593415,0.799859,0.005252,0.006381,-0.000562,-0.269471,-2.990656,-1.824135,0.141911,0.137783,0.138528,0.001011,0.000537,0.000659,0.000000,0.000000,0.000000,0.000000,0.000000,0.000000,0.000005,0.000004,0.000003,64.119202,263.798523,69.366562,7.554381,15.108119,63.319271,6.392193,6.388191,6.388787,0.010997,0.010526,0.010645,0
37028.822,1545873.000000,5088037.000000,3510444.750000,-45.586273,3.275796,49.311977,0.005738,-0.089603,-0.593211,0.800024,0.005252,0.006381,-0.000562,-0.269471,-2.990656,-1.824135,0.141971,0.137833,0.138585,0.001013,0.000538,0.000660,0.000000,0.000000,0.000000,0.000000,0.000000,0.000000,0.000005,0.000004,0.000003,64.119202,263.798523,69.366562,7.554381,15.108119,63.319271,6.392193,6.388191,6.388787,0.010997,0.010526,0.010645,0
37028.829,1545873.000000,5088037.000000,3510444.250000,-45.646233,3.283171,49.359585,0.005739,-0.089491,-0.592999,0.800194,0.005252,0.006381,-0.000562,-0.269471,-2.990656,-1.824135,0.142031,0.137883,0.138641,0.001014,0.000538,0.000661,0.000000,0.000000,0.000000,0.000000,0.000000,0.000000,0.000005,0.000004,0.000003,64.119202,263.798523,69.366562,7.554381,15.108119,63.319271,6.392193,6.388191,6.388787,0.010997,0.010526,0.010645,0
37028.836,1545872.875000,5088037.000000,3510443.750000,-45.705872,3.290341,49.407162,0.005749,-0.089374,-0.592787,0.800364,0.005252,0.006381,-0.000562,-0.269471,-2.990656,-1.824135,0.142092,0.137934,0.138698,0.001016,0.000539,0.000662,0.000000,0.000000,0.000000,0.000000,0.000000,0.000000,0.000005,0.000004,0.000003,64.119202,263.798523,69.366562,7.554381,15.108119,63.319271,6.392193,6.388191,6.388787,0.010997,0.010526,0.010645,0
37028.900,1545872.375000,5088036.000000,3510439.750000,-46.230217,3.356485,49.827820,0.005845,-0.088384,-0.590945,0.801834,0.005252,0.006381,-0.000562,-0.269471,-2.990656,-1.824135,0.142628,0.138377,0.139197,0.001029,0.000544,0.000668,0.000000,0.000000,0.000000,0.000000,0.000000,0.000000,0.000005,0.000004,0.000003,64.119202,263.798523,69.366562,7.554381,15.108119,63.319271,6.392193,6.388191,6.388787,0.010997,0.010526,0.010645,0
37028.907,1545872.375000,5088036.000000,3510439.250000,-46.290134,3.364214,49.875652,0.005842,-0.088273,-0.590734,0.802002,0.005252,0.006381,-0.000562,-0.269471,-2.990656,-1.824135,0.142690,0.138428,0.139254,0.001030,0.000544,0.000669,0.000000,0.000000,0.000000,0.000000,0.000000,0.000000,0.000005,0.000004,0.000003,64.119202,263.798523,69.366562,7.554381,15.108119,63.319271,6.392193,6.388191,6.388787,0.010997,0.010526,0.010645,0
37028.914,1545872.250000,5088036.000000,3510438.750000,-46.349152,3.371795,49.922997,0.005848,-0.088151,-0.590529,0.802166,0.005252,0.006381,-0.000562,-0.269471,-2.990656,-1.824135,0.142751,0.138478,0.139310,0.001032,0.000545,0.000670,0.000000,0.000000,0.000000,0.000000,0.000000,0.000000,0.000005,0.000004,0.000003,64.119202,263.798523,69.366562,7.554381,15.108119,63.319271,6.392193,6.388191,6.388787,0.010997,0.010526,0.010645,0
37028.921,1545872.250000,5088035.500000,3510438.250000,-46.408768,3.379225,49.971355,0.005851,-0.088041,-0.590321,0.802331,0.005252,0.006381,-0.000562,-0.269471,-2.990656,-1.824135,0.142813,0.138529,0.139368,0.001033,0.000545,0.000671,0.000000,0.000000,0.000000,0.000000,0.000000,0.000000,0.000005,0.000004,0.000003,64.119202,263.798523,69.366562,7.554381,15.108119,63.319271,6.392193,6.388191,6.388787,0.010997,0.010526,0.010645,0
37028.928,1545872.125000,5088035.500000,3510437.750000,-46.468689,3.386931,50.019714,0.005868,-0.087931,-0.590116,0.802494,0.005252,0.006381,-0.000562,-0.269471,-2.990656,-1.824135,0.142875,0.138580,0.139425,0.001035,0.000546,0.000671,0.000000,0.000000,0.000000,0.000000,0.000000,0.000000,0.000005,0.000004,0.000003,64.119202,263.798523,69.366562,7.554381,15.108119,63.319271,6.392193,6.388191,6.388787,0.010997,0.010526,0.010645,0
37028.936,1545872.125000,5088035.500000,3510437.250000,-46.528290,3.394494,50.068016,0.005884,-0.087813,-0.589905,0.802662,0.005252,0.006381,-0.000562,-0.269471,-2.990656,-1.824135,0.142937,0.138631,0.139483,0.001036,0.000546,0.000672,0.000000,0.000000,0.000000,0.000000,0.000000,0.000000,0.000005,0.000004,0.000003,64.119202,263.798523,69.366562,7.554381,15.108119,63.319271,6.392193,6.388191,6.388787,0.010997,0.010526,0.010645,0
37028.943,1545872.125000,5088035.500000,3510436.750000,-46.587883,3.402067,50.116722,0.005897,-0.087700,-0.589696,0.802828,0.005252,0.006381,-0.000562,-0.269471,-2.990656,-1.824135,0.142999,0.138683,0.139540,0.001038,0.000547,0.000673,0.000000,0.000000,0.000000,0.000000,0.000000,0.000000,0.000005,0.000004,0.000003,64.119202,263.798523,69.366562,7.554381,15.108119,63.319271,6.392193,6.388191,6.388787,0.010997,0.010526,0.010645,0
37028.950,1545872.000000,5088035.500000,3510436.250000,-46.647018,3.409620,50.164711,0.005911,-0.087596,-0.589480,0.802998,0.005252,0.006381,-0.000562,-0.269471,-2.990656,-1.824135,0.143061,0.138733,0.139597,0.001039,0.000547,0.000674,0.000000,0.000000,0.000000,0.000000,0.000000,0.000000,0.000005,0.000004,0.000003,64.119202,263.798523,69.366562,7.554381,15.108119,63.319271,6.392193,6.388191,6.388787,0.010997,0.010526,0.010645,0
37028.957,1545872.000000,5088035.000000,3510435.750000,-46.706928,3.417447,50.213264,0.005926,-0.087476,-0.589273,0.803163,0.005252,0.006381,-0.000562,-0.269471,-2.990656,-1.824135,0.143123,0.138784,0.139655,0.001041,0.000548,0.000674,0.000000,0.000000,0.000000,0.000000,0.000000,0.000000,0.000005,0.000004,0.000003,64.119202,263.798523,69.366562,7.554381,15.108119,63.319271,6.392193,6.388191,6.388787,0.010997,0.010526,0.010645,0
37028.964,1545871.875000,5088035.000000,3510435.500000,-46.767197,3.425350,50.261292,0.005934,-0.087359,-0.589066,0.803327,0.005252,0.006381,-0.000562,-0.269471,-2.990656,-1.824135,0.143186,0.138836,0.139713,0.001042,0.000549,0.000675,0.000000,0.000000,0.000000,0.000000,0.000000,0.000000,0.000005,0.000004,0.000003,64.119202,263.798523,69.366562,7.554381,15.108119,63.319271,6.392193,6.388191,6.388787,0.010997,0.010526,0.010645,0
37028.971,1545871.875000,5088035.000000,3510435.000000,-46.827229,3.433090,50.309574,0.005940,-0.087237,-0.588851,0.803498,0.005252,0.006381,-0.000562,-0.269471,-2.990656,-1.824135,0.143248,0.138887,0.139771,0.001044,0.000549,0.000676,0.000000,0.000000,0.000000,0.000000,0.000000,0.000000,0.000005,0.000004,0.000003,64.119202,263.798523,69.366562,7.554381,15.108119,63.319271,6.392193,6.388191,6.388787,0.010997,0.010526,0.010645,0
37028.979,1545871.750000,5088035.000000,3510434.500000,-46.887135,3.441019,50.358414,0.005954,-0.087122,-0.588636,0.803668,0.005252,0.006381,-0.000562,-0.269471,-2.990656,-1.824135,0.143311,0.138938,0.139829,0.001045,0.000550,0.000677,0.000000,0.000000,0.000000,0.000000,0.000000,0.000000,0.000005,0.000004,0.000003,64.119202,263.798523,69.366562,7.554381,15.108119,63.319271,6.392193,6.388191,6.388787,0.010997,0.010526,0.010645,0
37028.986,1545871.750000,5088035.000000,3510434.000000,-46.946926,3.448777,50.406765,0.005967,-0.087000,-0.588424,0.803837,0.005252,0.006381,-0.000562,-0.269471,-2.990656,-1.824135,0.143374,0.138990,0.139887,0.001047,0.000550,0.000677,0.000000,0.000000,0.000000,0.000000,0.000000,0.000000,0.000005,0.000004,0.000003,64.119202,263.798523,69.366562,7.554381,15.108119,63.319271,6.392193,6.388191,6.388787,0.010997,0.010526,0.010645,0
37028.993,1545871.625000,5088034.500000,3510433.500000,-47.006973,3.456450,50.455154,0.005978,-0.086884,-0.588217,0.804000,0.005252,0.006381,-0.000562,-0.269471,-2.990656,-1.824135,0.143437,0.139042,0.139945,0.001048,0.000551,0.000678,0.000000,0.000000,0.000000,0.000000,0.000000,0.000000,0.000005,0.000004,0.000003,64.119202,263.798523,69.366562,7.554381,15.108119,63.319271,6.392193,6.388191,6.388787,0.010997,0.010526,0.010645,0
37029.000,1545871.625000,5088034.500000,3510433.000000,-47.065945,3.464327,50.502964,0.005982,-0.086769,-0.588007,0.804166,0.005252,0.006381,-0.000562,-0.269471,-2.990656,-1.824135,0.143500,0.139092,0.140003,0.001050,0.000551,0.000679,0.000000,0.000000,0.000000,0.000000,0.000000,0.000000,0.000005,0.000004,0.000003,64.119202,263.798523,69.366562,7.554381,15.108119,63.319271,6.392193,6.388191,6.388787,0.010997,0.010526,0.010645,0
37029.007,1545871.500000,5088034.500000,3510432.500000,-47.125774,3.472001,50.551651,0.005988,-0.086657,-0.587795,0.804333,0.005252,0.006381,-0.000562,-0.269471,-2.990656,-1.824135,0.143563,0.139144,0.140061,0.001051,0.000552,0.000680,0.000000,0.000000,0.000000,0.000000,0.000000,0.000000,0.000005,0.000004,0.000003,64.119202,263.798523,69.366562,7.554381,15.108119,63.319271,6.392193,6.388191,6.388787,0.010997,0.010526,0.010645,0
37029.014,1545871.500000,5088034.500000,3510432.000000,-47.185734,3.479667,50.600182,0.005991,-0.086542,-0.587580,0.804503,0.005252,0.006381,-0.000562,-0.269471,-2.990656,-1.824135,0.143626,0.139196,0.140120,0.001053,0.000552,0.000680,0.000000,0.000000,0.000000,0.000000,0.000000,0.000000,0.000005,0.000004,0.000003,64.119202,263.798523,69.366562,7.554381,15.108119,63.319271,6.392193,6.388191,6.388787,0.010997,0.010526,0.010645,0
37029.022,1545871.375000,5088034.500000,3510431.500000,-47.246010,3.487481,50.648979,0.006006,-0.086428,-0.587358,0.804677,0.005252,0.006381,-0.000562,-0.269471,-2.990656,-1.824135,0.143690,0.139248,0.140178,0.001054,0.000553,0.000681,0.000000,0.000000,0.000000,0.000000,0.000000,0.000000,0.000005,0.000004,0.000003,64.119202,263.798523,69.366562,7.554381,15.108119,63.319271,6.392193,6.388191,6.388787,0.010997,0.010526,0.010645,0
37029.029,1545871.375000,5088034.000000,3510431.000000,-47.305878,3.495279,50.697697,0.006018,-0.086316,-0.587146,0.804844,0.005252,0.006381,-0.000562,-0.269471,-2.990656,-1.824135,0.143754,0.139300,0.140237,0.001056,0.000554,0.000682,0.000000,0.000000,0.000000,0.000000,0.000000,0.000000,0.000005,0.000004,0.000003,64.119202,263.798523,69.366562,7.554381,15.108119,63.319271,6.392193,6.388191,6.388787,0.010997,0.010526,0.010645,0
37029.036,1545871.375000,5088034.000000,3510430.500000,-47.365971,3.502922,50.746529,0.006027,-0.086195,-0.586938,0.805008,0.005252,0.006381,-0.000562,-0.269471,-2.990656,-1.824135,0.143817,0.139352,0.140296,0.001057,0.000554,0.000683,0.000000,0.000000,0.000000,0.000000,0.000000,0.000000,0.000005,0.000004,0.000003,64.119202,263.798523,69.366562,7.554381,15.108119,63.319271,6.392193,6.388191,6.388787,0.010997,0.010526,0.010645,0
37029.043,1545871.250000,5088034.000000,3510430.000000,-47.425171,3.510505,50.794392,0.006042,-0.086080,-0.586735,0.805168,0.005252,0.006381,-0.000562,-0.269471,-2.990656,-1.824135,0.143880,0.139403,0.140353,0.001059,0.000555,0.000683,0.000000,0.000000,0.000000,0.000000,0.000000,0.000000,0.000005,0.000004,0.000003,64.119202,263.798523,69.366562,7.554381,15.108119,63.319271,6.392193,6.388191,6.388787,0.010997,0.010526,0.010645,0
37029.050,1545871.250000,5088034.000000,3510429.500000,-47.485359,3.518360,50.843037,0.006048,-0.085969,-0.586529,0.805330,0.005252,0.006381,-0.000562,-0.269471,-2.990656,-1.824135,0.143945,0.139455,0.140412,0.001060,0.000555,0.000684,0.000000,0.000000,0.000000,0.000000,0.000000,0.000000,0.000005,0.000004,0.000003,64.119202,263.798523,69.366562,7.554381,15.108119,63.319271,6.392193,6.388191,6.388787,0.010997,0.010526,0.010645,0
37029.058,1545871.125000,5088034.000000,3510429.000000,-47.544624,3.526281,50.891312,0.006057,-0.085843,-0.586321,0.805495,0.005252,0.006381,-0.000562,-0.269471,-2.990656,-1.824135,0.144008,0.139506,0.140470,0.001062,0.000556,0.000685,0.000000,0.000000,0.000000,0.000000,0.000000,0.000000,0.000005,0.000004,0.000003,64.119202,263.798523,69.366562,7.554381,15.108119,63.319271,6.392193,6.388191,6.388787,0.010997,0.010526,0.010645,0
37029.065,1545871.125000,5088033.500000,3510428.500000,-47.605453,3.533832,50.941326,0.006068,-0.085729,-0.586108,0.805662,0.005252,0.006381,-0.000562,-0.269471,-2.990656,-1.824135,0.144073,0.139559,0.140530,0.001063,0.000556,0.000686,0.000000,0.000000,0.000000,0.000000,0.000000,0.000000,0.000005,0.000004,0.000003,64.119202,263.798523,69.366562,7.554381,15.108119,63.319271,6.392193,6.388191,6.388787,0.010997,0.010526,0.010645,0
37029.072,1545871.000000,5088033.500000,3510428.000000,-47.665787,3.541635,50.990162,0.006080,-0.085612,-0.585895,0.805829,0.005252,0.006381,-0.000562,-0.269471,-2.990656,-1.824135,0.144137,0.139612,0.140589,0.001065,0.000557,0.000687,0.000000,0.000000,0.000000,0.000000,0.000000,0.000000,0.000005,0.000004,0.000003,64.119202,263.798523,69.366562,7.554381,15.108119,63.319271,6.392193,6.388191,6.388787,0.010997,0.010526,0.010645,0
37029.079,1545871.000000,5088033.500000,3510427.750000,-47.725929,3.549396,51.039024,0.006083,-0.085491,-0.585677,0.806000,0.005252,0.006381,-0.000562,-0.269471,-2.990656,-1.824135,0.144202,0.139664,0.140649,0.001067,0.000558,0.000687,0.000000,0.000000,0.000000,0.000000,0.000000,0.000000,0.000005,0.000004,0.000003,64.119202,263.798523,69.366562,7.554381,15.108119,63.319271,6.392193,6.388191,6.388787,0.010997,0.010526,0.010645,0
37029.086,1545870.875000,5088033.500000,3510427.250000,-47.786106,3.557225,51.087967,0.006093,-0.085377,-0.585470,0.806163,0.005252,0.006381,-0.000562,-0.269471,-2.990656,-1.824135,0.144267,0.139716,0.140708,0.001068,0.000558,0.000688,0.000000,0.000000,0.000000,0.000000,0.000000,0.000000,0.000005,0.000004,0.000003,64.119202,263.798523,69.366562,7.554381,15.108119,63.319271,6.392193,6.388191,6.388787,0.010997,0.010526,0.010645,0
37029.094,1545870.875000,5088033.500000,3510426.750000,-47.846024,3.564960,51.137089,0.006115,-0.085262,-0.585258,0.806329,0.005252,0.006381,-0.000562,-0.269471,-2.990656,-1.824135,0.144331,0.139769,0.140767,0.001070,0.000559,0.000689,0.000000,0.000000,0.000000,0.000000,0.000000,0.000000,0.000005,0.000004,0.000003,64.119202,263.798523,69.366562,7.554381,15.108119,63.319271,6.392193,6.388191,6.388787,0.010997,0.010526,0.010645,0
37029.101,1545870.750000,5088033.000000,3510426.250000,-47.905930,3.572859,51.186245,0.006124,-0.085153,-0.585045,0.806495,0.005252,0.006381,-0.000562,-0.269471,-2.990656,-1.824135,0.144396,0.139821,0.140827,0.001071,0.000559,0.000690,0.000000,0.000000,0.000000,0.000000,0.000000,0.000000,0.000005,0.000004,0.000003,64.119202,263.798523,69.366562,7.554381,15.108119,63.319271,6.392193,6.388191,6.388787,0.010997,0.010526,0.010645,0
37029.108,1545870.750000,5088033.000000,3510425.750000,-47.965263,3.580715,51.235016,0.006123,-0.085034,-0.584835,0.806660,0.005252,0.006381,-0.000562,-0.269471,-2.990656,-1.824135,0.144460,0.139873,0.140885,0.001073,0.000560,0.000690,0.000000,0.000000,0.000000,0.000000,0.000000,0.000000,0.000005,0.000004,0.000003,64.119202,263.798523,69.366562,7.554381,15.108119,63.319271,6.392193,6.388191,6.388787,0.010997,0.010526,0.010645,0
37029.115,1545870.625000,5088033.000000,3510425.250000,-48.025620,3.588838,51.284161,0.006139,-0.084918,-0.584622,0.806826,0.005252,0.006381,-0.000562,-0.269471,-2.990656,-1.824135,0.144526,0.139926,0.140945,0.001074,0.000560,0.000691,0.000000,0.000000,0.000000,0.000000,0.000000,0.000000,0.000005,0.000004,0.000003,64.119202,263.798523,69.366562,7.554381,15.108119,63.319271,6.392193,6.388191,6.388787,0.010997,0.010526,0.010645,0
37029.122,1545870.625000,5088033.000000,3510424.750000,-48.086018,3.596766,51.333298,0.006151,-0.084800,-0.584413,0.806990,0.005252,0.006381,-0.000562,-0.269471,-2.990656,-1.824135,0.144591,0.139978,0.141005,0.001076,0.000561,0.000692,0.000000,0.000000,0.000000,0.000000,0.000000,0.000000,0.000005,0.000004,0.000003,64.119202,263.798523,69.366562,7.554381,15.108119,63.319271,6.392193,6.388191,6.388787,0.010997,0.010526,0.010645,0
37029.130,1545870.625000,5088033.000000,3510424.250000,-48.146507,3.604630,51.382309,0.006159,-0.084681,-0.584201,0.807156,0.005252,0.006381,-0.000562,-0.269471,-2.990656,-1.824135,0.144656,0.140031,0.141065,0.001077,0.000562,0.000693,0.000000,0.000000,0.000000,0.000000,0.000000,0.000000,0.000005,0.000004,0.000003,64.119202,263.798523,69.366562,7.554381,15.108119,63.319271,6.392193,6.388191,6.388787,0.010997,0.010526,0.010645,0
37029.137,1545870.500000,5088032.500000,3510423.750000,-48.207478,3.612849,51.432571,0.006161,-0.084559,-0.583984,0.807326,0.005252,0.006381,-0.000562,-0.269471,-2.990656,-1.824135,0.144723,0.140085,0.141125,0.001079,0.000562,0.000694,0.000000,0.000000,0.000000,0.000000,0.000000,0.000000,0.000005,0.000004,0.000003,64.119202,263.798523,69.366562,7.554381,15.108119,63.319271,6.392193,6.388191,6.388787,0.010997,0.010526,0.010645,0
37029.144,1545870.500000,5088032.500000,3510423.250000,-48.268787,3.620752,51.482407,0.006173,-0.084437,-0.583775,0.807490,0.005252,0.006381,-0.000562,-0.269471,-2.990656,-1.824135,0.144789,0.140138,0.141186,0.001081,0.000563,0.000694,0.000000,0.000000,0.000000,0.000000,0.000000,0.000000,0.000005,0.000004,0.000003,64.119202,263.798523,69.366562,7.554381,15.108119,63.319271,6.392193,6.388191,6.388787,0.010997,0.010526,0.010645,0
37029.166,1545874.000000,5088038.500000,3510451.250000,-45.450455,3.485154,47.902100,0.013496,-0.087049,-0.596963,0.797418,0.005851,0.005932,-0.000556,-0.280885,-2.905949,-1.785629,0.139892,0.135944,0.136630,0.000976,0.000531,0.000649,0.000000,0.000000,0.000000,0.000000,0.000000,0.000000,0.000005,0.000004,0.000003,67.616104,270.208466,101.242317,8.161031,14.405842,68.702171,6.394789,6.390139,6.391186,0.011081,0.010563,0.010694,0
37029.174,1545873.875000,5088038.000000,3510450.750000,-45.510563,3.493218,47.949455,0.013510,-0.086926,-0.596754,0.797588,0.005851,0.005932,-0.000556,-0.280885,-2.905949,-1.785629,0.139951,0.135994,0.136686,0.000977,0.000531,0.000649,0.000000,0.000000,0.000000,0.000000,0.000000,0.000000,0.000005,0.000004,0.000003,67.616104,270.208466,101.242317,8.161031,14.405842,68.702171,6.394789,6.390139,6.391186,0.011081,0.010563,0.010694,0
37029.181,1545873.875000,5088038.000000,3510450.250000,-45.569786,3.501053,47.996307,0.013516,-0.086803,-0.596545,0.797757,0.005851,0.005932,-0.000556,-0.280885,-2.905949,-1.785629,0.140010,0.136043,0.136741,0.000978,0.000532,0.000650,0.000000,0.000000,0.000000,0.000000,0.000000,0.000000,0.000005,0.000004,0.000003,67.616104,270.208466,101.242317,8.161031,14.405842,68.702171,6.394789,6.390139,6.391186,0.011081,0.010563,0.010694,0
37029.188,1545873.875000,5088038.000000,3510449.750000,-45.629219,3.508795,48.042908,0.013525,-0.086685,-0.596342,0.797921,0.005851,0.005932,-0.000556,-0.280885,-2.905949,-1.785629,0.140068,0.136093,0.136796,0.000980,0.000532,0.000651,0.000000,0.000000,0.000000,0.000000,0.000000,0.000000,0.000005,0.000004,0.000003,67.616104,270.208466,101.242317,8.161031,14.405842,68.702171,6.394789,6.390139,6.391186,0.011081,0.010563,0.010694,0
37029.195,1545873.750000,5088038.000000,3510449.500000,-45.688728,3.516364,48.089642,0.013542,-0.086568,-0.596139,0.798086,0.005851,0.005932,-0.000556,-0.280885,-2.905949,-1.785629,0.140127,0.136142,0.136851,0.000981,0.000533,0.000652,0.000000,0.000000,0.000000,0.000000,0.000000,0.000000,0.000005,0.000004,0.000003,67.616104,270.208466,101.242317,8.161031,14.405842,68.702171,6.394789,6.390139,6.391186,0.011081,0.010563,0.010694,0
37029.202,1545873.750000,5088038.000000,3510449.000000,-45.747883,3.524489,48.136322,0.013553,-0.086455,-0.595931,0.798254,0.005851,0.005932,-0.000556,-0.280885,-2.905949,-1.785629,0.140186,0.136192,0.136907,0.000983,0.000533,0.000652,0.000000,0.000000,0.000000,0.000000,0.000000,0.000000,0.000005,0.000004,0.000003,67.616104,270.208466,101.242317,8.161031,14.405842,68.702171,6.394789,6.390139,6.391186,0.011081,0.010563,0.010694,0
37029.210,1545873.625000,5088038.000000,3510448.500000,-45.808006,3.532459,48.183720,0.013558,-0.086340,-0.595714,0.798427,0.005851,0.005932,-0.000556,-0.280885,-2.905949,-1.785629,0.140245,0.136242,0.136963,0.000984,0.000534,0.000653,0.000000,0.000000,0.000000,0.000000,0.000000,0.000000,0.000005,0.000004,0.000003,67.616104,270.208466,101.242317,8.161031,14.405842,68.702171,6.394789,6.390139,6.391186,0.011081,0.010563,0.010694,0
37029.217,1545873.625000,5088037.500000,3510448.000000,-45.866615,3.540345,48.231117,0.013563,-0.086220,-0.595508,0.798594,0.005851,0.005932,-0.000556,-0.280885,-2.905949,-1.785629,0.140305,0.136292,0.137019,0.000985,0.000534,0.000654,0.000000,0.000000,0.000000,0.000000,0.000000,0.000000,0.000005,0.000004,0.000003,67.616104,270.208466,101.242317,8.161031,14.405842,68.702171,6.394789,6.390139,6.391186,0.011081,0.010563,0.010694,0
37029.224,1545873.500000,5088037.500000,3510447.500000,-45.926010,3.548148,48.277863,0.013577,-0.086107,-0.595299,0.798762,0.005851,0.005932,-0.000556,-0.280885,-2.905949,-1.785629,0.140364,0.136341,0.137074,0.000987,0.000535,0.000655,0.000000,0.000000,0.000000,0.000000,0.000000,0.000000,0.000005,0.000004,0.000003,67.616104,270.208466,101.242317,8.161031,14.405842,68.702171,6.394789,6.390139,6.391186,0.011081,0.010563,0.010694,0
37029.231,1545873.500000,5088037.500000,3510447.000000,-45.985229,3.556009,48.325069,0.013587,-0.085981,-0.595093,0.798928,0.005851,0.005932,-0.000556,-0.280885,-2.905949,-1.785629,0.140423,0.136391,0.137130,0.000988,0.000536,0.000655,0.000000,0.000000,0.000000,0.000000,0.000000,0.000000,0.000005,0.000004,0.000003,67.616104,270.208466,101.242317,8.161031,14.405842,68.702171,6.394789,6.390139,6.391186,0.011081,0.010563,0.010694,0
37029.239,1545873.375000,5088037.500000,3510446.500000,-46.044308,3.563848,48.372299,0.013597,-0.085863,-0.594881,0.799099,0.005851,0.005932,-0.000556,-0.280885,-2.905949,-1.785629,0.140482,0.136441,0.137186,0.000990,0.000536,0.000656,0.000000,0.000000,0.000000,0.000000,0.000000,0.000000,0.000005,0.000004,0.000003,67.616104,270.208466,101.242317,8.161031,14.405842,68.702171,6.394789,6.390139,6.391186,0.011081,0.010563,0.010694,0
37029.246,1545873.375000,5088037.500000,3510446.250000,-46.103676,3.571644,48.419033,0.013603,-0.085745,-0.594674,0.799266,0.005851,0.005932,-0.000556,-0.280885,-2.905949,-1.785629,0.140542,0.136491,0.137242,0.000991,0.000537,0.000657,0.000000,0.000000,0.000000,0.000000,0.000000,0.000000,0.000005,0.000004,0.000003,67.616104,270.208466,101.242317,8.161031,14.405842,68.702171,6.394789,6.390139,6.391186,0.011081,0.010563,0.010694,0
37029.253,1545873.375000,5088037.000000,3510445.750000,-46.163353,3.579728,48.465965,0.013613,-0.085627,-0.594471,0.799429,0.005851,0.005932,-0.000556,-0.280885,-2.905949,-1.785629,0.140601,0.136541,0.137298,0.000992,0.000537,0.000658,0.000000,0.000000,0.000000,0.000000,0.000000,0.000000,0.000005,0.000004,0.000003,67.616104,270.208466,101.242317,8.161031,14.405842,68.702171,6.394789,6.390139,6.391186,0.011081,0.010563,0.010694,0
37029.260,1545873.250000,5088037.000000,3510445.250000,-46.224895,3.587765,48.515305,0.013621,-0.085511,-0.594259,0.799599,0.005851,0.005932,-0.000556,-0.280885,-2.905949,-1.785629,0.140664,0.136593,0.137356,0.000994,0.000538,0.000658,0.000000,0.000000,0.000000,0.000000,0.000000,0.000000,0.000005,0.000004,0.000003,67.616104,270.208466,101.242317,8.161031,14.405842,68.702171,6.394789,6.390139,6.391186,0.011081,0.010563,0.010694,0
37029.283,1545876.500000,5088042.500000,3510469.750000,-43.688904,3.458118,45.313328,0.020268,-0.087794,-0.605969,0.790369,0.006393,0.005528,-0.000552,-0.291198,-2.828997,-1.754290,0.136231,0.132674,0.133153,0.000905,0.000509,0.000617,0.000000,0.000000,0.000000,0.000000,0.000000,0.000000,0.000005,0.000004,0.000003,64.797180,265.650238,79.270630,7.739926,13.133293,65.357658,6.390664,6.386593,6.387356,0.010994,0.010538,0.010658,0
37029.290,1545876.375000,5088042.500000,3510469.250000,-43.747719,3.465756,45.358173,0.020279,-0.087674,-0.605767,0.790537,0.006393,0.005528,-0.000552,-0.291198,-2.828997,-1.754290,0.136285,0.132720,0.133205,0.000906,0.000509,0.000618,0.000000,0.000000,0.000000,0.000000,0.000000,0.000000,0.000005,0.000004,0.000003,64.797180,265.650238,79.270630,7.739926,13.133293,65.357658,6.390664,6.386593,6.387356,0.010994,0.010538,0.010658,0
37029.297,1545876.375000,5088042.500000,3510469.000000,-43.806015,3.473532,45.403313,0.020283,-0.087552,-0.605563,0.790707,0.006393,0.005528,-0.000552,-0.291198,-2.828997,-1.754290,0.136338,0.132767,0.133257,0.000907,0.000510,0.000619,0.000000,0.000000,0.000000,0.000000,0.000000,0.000000,0.000005,0.000004,0.000003,64.797180,265.650238,79.270630,7.739926,13.133293,65.357658,6.390664,6.386593,6.387356,0.010994,0.010538,0.010658,0
37029.304,1545876.375000,5088042.000000,3510468.500000,-43.864639,3.481652,45.448185,0.020298,-0.087426,-0.605358,0.790877,0.006393,0.005528,-0.000552,-0.291198,-2.828997,-1.754290,0.136392,0.132814,0.133309,0.000909,0.000510,0.000619,0.000000,0.000000,0.000000,0.000000,0.000000,0.000000,0.000005,0.000004,0.000003,64.797180,265.650238,79.270630,7.739926,13.133293,65.357658,6.390664,6.386593,6.387356,0.010994,0.010538,0.010658,0
37029.312,1545876.250000,5088042.000000,3510468.000000,-43.924740,3.490082,45.494339,0.020301,-0.087304,-0.605150,0.791050,0.006393,0.005528,-0.000552,-0.291198,-2.828997,-1.754290,0.136447,0.132862,0.133362,0.000910,0.000511,0.000620,0.000000,0.000000,0.000000,0.000000,0.000000,0.000000,0.000005,0.000004,0.000003,64.797180,265.650238,79.270630,7.739926,13.133293,65.357658,6.390664,6.386593,6.387356,0.010994,0.010538,0.010658,0
37029.319,1545876.250000,5088042.000000,3510467.500000,-43.983109,3.498054,45.539062,0.020310,-0.087179,-0.604954,0.791213,0.006393,0.005528,-0.000552,-0.291198,-2.828997,-1.754290,0.136501,0.132909,0.133414,0.000911,0.000511,0.000621,0.000000,0.000000,0.000000,0.000000,0.000000,0.000000,0.000005,0.000004,0.000003,64.797180,265.650238,79.270630,7.739926,13.133293,65.357658,6.390664,6.386593,6.387356,0.010994,0.010538,0.010658,0
37029.326,1545876.125000,5088042.000000,3510467.250000,-44.041824,3.506070,45.583893,0.020317,-0.087061,-0.604752,0.791380,0.006393,0.005528,-0.000552,-0.291198,-2.828997,-1.754290,0.136555,0.132956,0.133466,0.000912,0.000512,0.000622,0.000000,0.000000,0.000000,0.000000,0.000000,0.000000,0.000005,0.000004,0.000003,64.797180,265.650238,79.270630,7.739926,13.133293,65.357658,6.390664,6.386593,6.387356,0.010994,0.010538,0.010658,0
37029.334,1545876.125000,5088042.000000,3510466.750000,-44.100243,3.514185,45.628948,0.020322,-0.086936,-0.604549,0.791549,0.006393,0.005528,-0.000552,-0.291198,-2.828997,-1.754290,0.136610,0.133004,0.133518,0.000914,0.000512,0.000622,0.000000,0.000000,0.000000,0.000000,0.000000,0.000000,0.000005,0.000004,0.000003,64.797180,265.650238,79.270630,7.739926,13.133293,65.357658,6.390664,6.386593,6.387356,0.010994,0.010538,0.010658,0
37029.341,1545876.000000,5088042.000000,3510466.250000,-44.159607,3.522375,45.674614,0.020335,-0.086816,-0.604345,0.791717,0.006393,0.005528,-0.000552,-0.291198,-2.828997,-1.754290,0.136665,0.133051,0.133571,0.000915,0.000513,0.000623,0.000000,0.000000,0.000000,0.000000,0.000000,0.000000,0.000005,0.000004,0.000003,64.797180,265.650238,79.270630,7.739926,13.133293,65.357658,6.390664,6.386593,6.387356,0.010994,0.010538,0.010658,0
37029.348,1545876.000000,5088041.500000,3510465.750000,-44.218388,3.530382,45.719448,0.020343,-0.086694,-0.604147,0.791882,0.006393,0.005528,-0.000552,-0.291198,-2.828997,-1.754290,0.136719,0.133099,0.133623,0.000916,0.000513,0.000624,0.000000,0.000000,0.000000,0.000000,0.000000,0.000000,0.000005,0.000004,0.000003,64.797180,265.650238,79.270630,7.739926,13.133293,65.357658,6.390664,6.386593,6.387356,0.010994,0.010538,0.010658,0
37029.355,1545876.000000,5088041.500000,3510465.250000,-44.277092,3.538345,45.764503,0.020351,-0.086570,-0.603944,0.792050,0.006393,0.005528,-0.000552,-0.291198,-2.828997,-1.754290,0.136773,0.133146,0.133676,0.000918,0.000514,0.000625,0.000000,0.000000,0.000000,0.000000,0.000000,0.000000,0.000005,0.000004,0.000003,64.797180,265.650238,79.270630,7.739926,13.133293,65.357658,6.390664,6.386593,6.387356,0.010994,0.010538,0.010658,0
37029.363,1545875.875000,5088041.500000,3510465.000000,-44.336143,3.546362,45.810387,0.020361,-0.086448,-0.603734,0.792223,0.006393,0.005528,-0.000552,-0.291198,-2.828997,-1.754290,0.136829,0.133194,0.133729,0.000919,0.000514,0.000625,0.000000,0.000000,0.000000,0.000000,0.000000,0.000000,0.000005,0.000004,0.000003,64.797180,265.650238,79.270630,7.739926,13.133293,65.357658,6.390664,6.386593,6.387356,0.010994,0.010538,0.010658,0
37029.370,1545875.875000,5088041.500000,3510464.500000,-44.395729,3.554474,45.855843,0.020370,-0.086331,-0.603529,0.792392,0.006393,0.005528,-0.000552,-0.291198,-2.828997,-1.754290,0.136884,0.133242,0.133782,0.000920,0.000515,0.000626,0.000000,0.000000,0.000000,0.000000,0.000000,0.000000,0.000005,0.000004,0.000003,64.797180,265.650238,79.270630,7.739926,13.133293,65.357658,6.390664,6.386593,6.387356,0.010994,0.010538,0.010658,0
37029.377,1545875.750000,5088041.500000,3510464.000000,-44.454521,3.562493,45.901108,0.020376,-0.086214,-0.603327,0.792558,0.006393,0.005528,-0.000552,-0.291198,-2.828997,-1.754290,0.136939,0.133290,0.133835,0.000921,0.000515,0.000627,0.000000,0.000000,0.000000,0.000000,0.000000,0.000000,0.000005,0.000004,0.000003,64.797180,265.650238,79.270630,7.739926,13.133293,65.357658,6.390664,6.386593,6.387356,0.010994,0.010538,0.010658,0
37029.384,1545875.750000,5088041.500000,3510463.500000,-44.513336,3.570572,45.946045,0.020378,-0.086094,-0.603126,0.792724,0.006393,0.005528,-0.000552,-0.291198,-2.828997,-1.754290,0.136994,0.133337,0.133887,0.000923,0.000516,0.000627,0.000000,0.000000,0.000000,0.000000,0.000000,0.000000,0.000005,0.000004,0.000003,64.797180,265.650238,79.270630,7.739926,13.133293,65.357658,6.390664,6.386593,6.387356,0.010994,0.010538,0.010658,0
37029.391,1545875.625000,5088041.000000,3510463.000000,-44.572018,3.578679,45.991375,0.020387,-0.085981,-0.602929,0.792886,0.006393,0.005528,-0.000552,-0.291198,-2.828997,-1.754290,0.137049,0.133385,0.133940,0.000924,0.000516,0.000628,0.000000,0.000000,0.000000,0.000000,0.000000,0.000000,0.000005,0.000004,0.000003,64.797180,265.650238,79.270630,7.739926,13.133293,65.357658,6.390664,6.386593,6.387356,0.010994,0.010538,0.010658,0
37029.399,1545875.625000,5088041.000000,3510462.750000,-44.630211,3.586693,46.036903,0.020394,-0.085861,-0.602729,0.793051,0.006393,0.005528,-0.000552,-0.291198,-2.828997,-1.754290,0.137104,0.133432,0.133993,0.000925,0.000517,0.000629,0.000000,0.000000,0.000000,0.000000,0.000000,0.000000,0.000005,0.000004,0.000003,64.797180,265.650238,79.270630,7.739926,13.133293,65.357658,6.390664,6.386593,6.387356,0.010994,0.010538,0.010658,0
37029.406,1545875.625000,5088041.000000,3510462.250000,-44.688812,3.594506,46.081909,0.020399,-0.085747,-0.602524,0.793219,0.006393,0.005528,-0.000552,-0.291198,-2.828997,-1.754290,0.137159,0.133480,0.134046,0.000927,0.000517,0.000630,0.000000,0.000000,0.000000,0.000000,0.000000,0.000000,0.000005,0.000004,0.000003,64.797180,265.650238,79.270630,7.739926,13.133293,65.357658,6.390664,6.386593,6.387356,0.010994,0.010538,0.010658,0
37029.413,1545875.500000,5088041.000000,3510461.750000,-44.747822,3.602655,46.127144,0.020418,-0.085629,-0.602326,0.793382,0.006393,0.005528,-0.000552,-0.291198,-2.828997,-1.754290,0.137215,0.133528,0.134099,0.000928,0.000518,0.000630,0.000000,0.000000,0.000000,0.000000,0.000000,0.000000,0.000005,0.000004,0.000003,64.797180,265.650238,79.270630,7.739926,13.133293,65.357658,6.390664,6.386593,6.387356,0.010994,0.010538,0.010658,0
37029.420,1545875.500000,5088041.000000,3510461.250000,-44.806782,3.610739,46.172245,0.020428,-0.085513,-0.602125,0.793546,0.006393,0.005528,-0.000552,-0.291198,-2.828997,-1.754290,0.137270,0.133576,0.134152,0.000929,0.000519,0.000631,0.000000,0.000000,0.000000,0.000000,0.000000,0.000000,0.000005,0.000004,0.000003,64.797180,265.650238,79.270630,7.739926,13.133293,65.357658,6.390664,6.386593,6.387356,0.010994,0.010538,0.010658,0
37029.427,1545875.375000,5088040.500000,3510460.750000,-44.865536,3.619146,46.217476,0.020439,-0.085396,-0.601924,0.793711,0.006393,0.005528,-0.000552,-0.291198,-2.828997,-1.754290,0.137325,0.133623,0.134205,0.000930,0.000519,0.000632,0.000000,0.000000,0.000000,0.000000,0.000000,0.000000,0.000005,0.000004,0.000003,64.797180,265.650238,79.270630,7.739926,13.133293,65.357658,6.390664,6.386593,6.387356,0.010994,0.010538,0.010658,0
37029.435,1545875.375000,5088040.500000,3510460.250000,-44.924366,3.627401,46.262836,0.020450,-0.085285,-0.601724,0.793875,0.006393,0.005528,-0.000552,-0.291198,-2.828997,-1.754290,0.137381,0.133671,0.134258,0.000932,0.000520,0.000633,0.000000,0.000000,0.000000,0.000000,0.000000,0.000000,0.000005,0.000004,0.000003,64.797180,265.650238,79.270630,7.739926,13.133293,65.357658,6.390664,6.386593,6.387356,0.010994,0.010538,0.010658,0
37029.442,1545875.250000,5088040.500000,3510460.000000,-44.982933,3.635630,46.308147,0.020460,-0.085165,-0.601512,0.794047,0.006393,0.005528,-0.000552,-0.291198,-2.828997,-1.754290,0.137437,0.133719,0.134311,0.000933,0.000520,0.000633,0.000000,0.000000,0.000000,0.000000,0.000000,0.000000,0.000005,0.000004,0.000003,64.797180,265.650238,79.270630,7.739926,13.133293,65.357658,6.390664,6.386593,6.387356,0.010994,0.010538,0.010658,0
37029.449,1545875.250000,5088040.500000,3510459.500000,-45.042442,3.643853,46.354496,0.020468,-0.085043,-0.601301,0.794220,0.006393,0.005528,-0.000552,-0.291198,-2.828997,-1.754290,0.137493,0.133768,0.134366,0.000934,0.000521,0.000634,0.000000,0.000000,0.000000,0.000000,0.000000,0.000000,0.000005,0.000004,0.000003,64.797180,265.650238,79.270630,7.739926,13.133293,65.357658,6.390664,6.386593,6.387356,0.010994,0.010538,0.010658,0
37029.456,1545875.250000,5088040.500000,3510459.000000,-45.101463,3.651917,46.400063,0.020470,-0.084925,-0.601090,0.794393,0.006393,0.005528,-0.000552,-0.291198,-2.828997,-1.754290,0.137549,0.133816,0.134419,0.000936,0.000521,0.000635,0.000000,0.000000,0.000000,0.000000,0.000000,0.000000,0.000005,0.000004,0.000003,64.797180,265.650238,79.270630,7.739926,13.133293,65.357658,6.390664,6.386593,6.387356,0.010994,0.010538,0.010658,0
37029.463,1545875.125000,5088040.500000,3510458.500000,-45.160160,3.660000,46.445709,0.020476,-0.084809,-0.600882,0.794562,0.006393,0.005528,-0.000552,-0.291198,-2.828997,-1.754290,0.137605,0.133864,0.134473,0.000937,0.000522,0.000636,0.000000,0.000000,0.000000,0.000000,0.000000,0.000000,0.000005,0.000004,0.000003,64.797180,265.650238,79.270630,7.739926,13.133293,65.357658,6.390664,6.386593,6.387356,0.010994,0.010538,0.010658,0
37029.471,1545875.125000,5088040.000000,3510458.000000,-45.219826,3.667910,46.492065,0.020486,-0.084686,-0.600673,0.794733,0.006393,0.005528,-0.000552,-0.291198,-2.828997,-1.754290,0.137662,0.133913,0.134527,0.000938,0.000522,0.000636,0.000000,0.000000,0.000000,0.000000,0.000000,0.000000,0.000005,0.000004,0.000003,64.797180,265.650238,79.270630,7.739926,13.133293,65.357658,6.390664,6.386593,6.387356,0.010994,0.010538,0.010658,0
37029.478,1545875.000000,5088040.000000,3510457.500000,-45.278408,3.675926,46.537941,0.020498,-0.084568,-0.600473,0.794897,0.006393,0.005528,-0.000552,-0.291198,-2.828997,-1.754290,0.137719,0.133962,0.134580,0.000940,0.000523,0.000637,0.000000,0.000000,0.000000,0.000000,0.000000,0.000000,0.000005,0.000004,0.000003,64.797180,265.650238,79.270630,7.739926,13.133293,65.357658,6.390664,6.386593,6.387356,0.010994,0.010538,0.010658,0
37029.485,1545875.000000,5088040.000000,3510457.250000,-45.337273,3.684348,46.583332,0.020511,-0.084453,-0.600265,0.795066,0.006393,0.005528,-0.000552,-0.291198,-2.828997,-1.754290,0.137775,0.134010,0.134634,0.000941,0.000523,0.000638,0.000000,0.000000,0.000000,0.000000,0.000000,0.000000,0.000005,0.000004,0.000003,64.797180,265.650238,79.270630,7.739926,13.133293,65.357658,6.390664,6.386593,6.387356,0.010994,0.010538,0.010658,0
37029.492,1545874.875000,5088040.000000,3510456.750000,-45.396187,3.692544,46.629314,0.020514,-0.084336,-0.600051,0.795239,0.006393,0.005528,-0.000552,-0.291198,-2.828997,-1.754290,0.137831,0.134058,0.134688,0.000942,0.000524,0.000639,0.000000,0.000000,0.000000,0.000000,0.000000,0.000000,0.000005,0.000004,0.000003,64.797180,265.650238,79.270630,7.739926,13.133293,65.357658,6.390664,6.386593,6.387356,0.010994,0.010538,0.010658,0
37029.500,1545874.875000,5088040.000000,3510456.250000,-45.455421,3.700716,46.674965,0.020529,-0.084221,-0.599846,0.795405,0.006393,0.005528,-0.000552,-0.291198,-2.828997,-1.754290,0.137888,0.134107,0.134742,0.000944,0.000524,0.000639,0.000000,0.000000,0.000000,0.000000,0.000000,0.000000,0.000005,0.000004,0.000003,64.797180,265.650238,79.270630,7.739926,13.133293,65.357658,6.390664,6.386593,6.387356,0.010994,0.010538,0.010658,0
37029.507,1545874.875000,5088040.000000,3510455.750000,-45.513866,3.708707,46.721245,0.020545,-0.084101,-0.599643,0.795571,0.006393,0.005528,-0.000552,-0.291198,-2.828997,-1.754290,0.137945,0.134155,0.134796,0.000945,0.000525,0.000640,0.000000,0.000000,0.000000,0.000000,0.000000,0.000000,0.000005,0.000004,0.000003,64.797180,265.650238,79.270630,7.739926,13.133293,65.357658,6.390664,6.386593,6.387356,0.010994,0.010538,0.010658,0
37029.514,1545874.750000,5088039.500000,3510455.250000,-45.572395,3.716763,46.767288,0.020556,-0.083981,-0.599437,0.795739,0.006393,0.005528,-0.000552,-0.291198,-2.828997,-1.754290,0.138001,0.134204,0.134850,0.000946,0.000525,0.000641,0.000000,0.000000,0.000000,0.000000,0.000000,0.000000,0.000005,0.000004,0.000003,64.797180,265.650238,79.270630,7.739926,13.133293,65.357658,6.390664,6.386593,6.387356,0.010994,0.010538,0.010658,0
37029.521,1545874.750000,5088039.500000,3510454.750000,-45.631149,3.724769,46.813198,0.020560,-0.083862,-0.599234,0.795904,0.006393,0.005528,-0.000552,-0.291198,-2.828997,-1.754290,0.138058,0.134252,0.134904,0.000948,0.000526,0.000642,0.000000,0.000000,0.000000,0.000000,0.000000,0.000000,0.000005,0.000004,0.000003,64.797180,265.650238,79.270630,7.739926,13.133293,65.357658,6.390664,6.386593,6.387356,0.010994,0.010538,0.010658,0
37029.528,1545874.625000,5088039.500000,3510454.500000,-45.690372,3.732877,46.859016,0.020570,-0.083742,-0.599034,0.796067,0.006393,0.005528,-0.000552,-0.291198,-2.828997,-1.754290,0.138115,0.134301,0.134958,0.000949,0.000526,0.000642,0.000000,0.000000,0.000000,0.000000,0.000000,0.000000,0.000005,0.000004,0.000003,64.797180,265.650238,79.270630,7.739926,13.133293,65.357658,6.390664,6.386593,6.387356,0.010994,0.010538,0.010658,0
37029.536,1545874.625000,5088039.500000,3510454.000000,-45.749264,3.741073,46.904648,0.020579,-0.083622,-0.598833,0.796231,0.006393,0.005528,-0.000552,-0.291198,-2.828997,-1.754290,0.138172,0.134350,0.135012,0.000950,0.000527,0.000643,0.000000,0.000000,0.000000,0.000000,0.000000,0.000000,0.000005,0.000004,0.000003,64.797180,265.650238,79.270630,7.739926,13.133293,65.357658,6.390664,6.386593,6.387356,0.010994,0.010538,0.010658,0
37029.543,1545874.500000,5088039.500000,3510453.500000,-45.808128,3.749253,46.950794,0.020582,-0.083506,-0.598632,0.796393,0.006393,0.005528,-0.000552,-0.291198,-2.828997,-1.754290,0.138230,0.134399,0.135067,0.000952,0.000528,0.000644,0.000000,0.000000,0.000000,0.000000,0.000000,0.000000,0.000005,0.000004,0.000003,64.797180,265.650238,79.270630,7.739926,13.133293,65.357658,6.390664,6.386593,6.387356,0.010994,0.010538,0.010658,0
37029.550,1545874.500000,5088039.500000,3510453.000000,-45.867241,3.757483,46.997017,0.020588,-0.083394,-0.598431,0.796556,0.006393,0.005528,-0.000552,-0.291198,-2.828997,-1.754290,0.138287,0.134448,0.135121,0.000953,0.000528,0.000645,0.000000,0.000000,0.000000,0.000000,0.000000,0.000000,0.000005,0.000004,0.000003,64.797180,265.650238,79.270630,7.739926,13.133293,65.357658,6.390664,6.386593,6.387356,0.010994,0.010538,0.010658,0
37029.557,1545874.500000,5088039.000000,3510452.500000,-45.926308,3.765814,47.043171,0.020590,-0.083276,-0.598233,0.796717,0.006393,0.005528,-0.000552,-0.291198,-2.828997,-1.754290,0.138344,0.134497,0.135176,0.000954,0.000529,0.000645,0.000000,0.000000,0.000000,0.000000,0.000000,0.000000,0.000005,0.000004,0.000003,64.797180,265.650238,79.270630,7.739926,13.133293,65.357658,6.390664,6.386593,6.387356,0.010994,0.010538,0.010658,0
37029.564,1545874.375000,5088039.000000,3510452.000000,-45.985466,3.774214,47.089035,0.020601,-0.083159,-0.598029,0.796882,0.006393,0.005528,-0.000552,-0.291198,-2.828997,-1.754290,0.138402,0.134546,0.135230,0.000955,0.000529,0.000646,0.000000,0.000000,0.000000,0.000000,0.000000,0.000000,0.000005,0.000004,0.000003,64.797180,265.650238,79.270630,7.739926,13.133293,65.357658,6.390664,6.386593,6.387356,0.010994,0.010538,0.010658,0
37029.572,1545874.375000,5088039.000000,3510451.750000,-46.044132,3.782388,47.135151,0.020611,-0.083043,-0.597828,0.797045,0.006393,0.005528,-0.000552,-0.291198,-2.828997,-1.754290,0.138459,0.134595,0.135285,0.000957,0.000530,0.000647,0.000000,0.000000,0.000000,0.000000,0.000000,0.000000,0.000005,0.000004,0.000003,64.797180,265.650238,79.270630,7.739926,13.133293,65.357658,6.390664,6.386593,6.387356,0.010994,0.010538,0.010658,0
37029.579,1545874.250000,5088039.000000,3510451.250000,-46.103123,3.790374,47.181305,0.020622,-0.082923,-0.597627,0.797208,0.006393,0.005528,-0.000552,-0.291198,-2.828997,-1.754290,0.138517,0.134644,0.135340,0.000958,0.000530,0.000647,0.000000,0.000000,0.000000,0.000000,0.000000,0.000000,0.000005,0.000004,0.000003,64.797180,265.650238,79.270630,7.739926,13.133293,65.357658,6.390664,6.386593,6.387356,0.010994,0.010538,0.010658,0
37029.586,1545874.250000,5088039.000000,3510450.750000,-46.162918,3.798889,47.227772,0.020628,-0.082800,-0.597415,0.797380,0.006393,0.005528,-0.000552,-0.291198,-2.828997,-1.754290,0.138576,0.134694,0.135395,0.000960,0.000531,0.000648,0.000000,0.000000,0.000000,0.000000,0.000000,0.000000,0.000005,0.000004,0.000003,64.797180,265.650238,79.270630,7.739926,13.133293,65.357658,6.390664,6.386593,6.387356,0.010994,0.010538,0.010658,0
37029.593,1545874.125000,5088038.500000,3510450.250000,-46.221073,3.806938,47.273518,0.020638,-0.082685,-0.597209,0.797546,0.006393,0.005528,-0.000552,-0.291198,-2.828997,-1.754290,0.138633,0.134742,0.135449,0.000961,0.000531,0.000649,0.000000,0.000000,0.000000,0.000000,0.000000,0.000000,0.000005,0.000004,0.000003,64.797180,265.650238,79.270630,7.739926,13.133293,65.357658,6.390664,6.386593,6.387356,0.010994,0.010538,0.010658,0
37029.600,1545874.125000,5088038.500000,3510449.750000,-46.279839,3.814963,47.319794,0.020641,-0.082569,-0.597003,0.797712,0.006393,0.005528,-0.000552,-0.291198,-2.828997,-1.754290,0.138691,0.134792,0.135504,0.000962,0.000532,0.000650,0.000000,0.000000,0.000000,0.000000,0.000000,0.000000,0.000005,0.000004,0.000003,64.797180,265.650238,79.270630,7.739926,13.133293,65.357658,6.390664,6.386593,6.387356,0.010994,0.010538,0.010658,0
37029.608,1545874.000000,5088038.500000,3510449.250000,-46.338772,3.823321,47.366234,0.020645,-0.082454,-0.596802,0.797873,0.006393,0.005528,-0.000552,-0.291198,-2.828997,-1.754290,0.138749,0.134841,0.135559,0.000963,0.000532,0.000650,0.000000,0.000000,0.000000,0.000000,0.000000,0.000000,0.000005,0.000004,0.000003,64.797180,265.650238,79.270630,7.739926,13.133293,65.357658,6.390664,6.386593,6.387356,0.010994,0.010538,0.010658,0
37029.615,1545874.000000,5088038.500000,3510448.750000,-46.397717,3.831430,47.412575,0.020658,-0.082335,-0.596594,0.798042,0.006393,0.005528,-0.000552,-0.291198,-2.828997,-1.754290,0.138808,0.134890,0.135614,0.000965,0.000533,0.000651,0.000000,0.000000,0.000000,0.000000,0.000000,0.000000,0.000005,0.000004,0.000003,64.797180,265.650238,79.270630,7.739926,13.133293,65.357658,6.390664,6.386593,6.387356,0.010994,0.010538,0.010658,0
37029.622,1545874.000000,5088038.500000,3510448.250000,-46.456989,3.839784,47.458832,0.020661,-0.082220,-0.596389,0.798206,0.006393,0.005528,-0.000552,-0.291198,-2.828997,-1.754290,0.138866,0.134940,0.135670,0.000966,0.000533,0.000652,0.000000,0.000000,0.000000,0.000000,0.000000,0.000000,0.000005,0.000004,0.000003,64.797180,265.650238,79.270630,7.739926,13.133293,65.357658,6.390664,6.386593,6.387356,0.010994,0.010538,0.010658,0
37029.629,1545873.875000,5088038.500000,3510448.000000,-46.516441,3.848234,47.505016,0.020676,-0.082106,-0.596187,0.798368,0.006393,0.005528,-0.000552,-0.291198,-2.828997,-1.754290,0.138925,0.134989,0.135725,0.000968,0.000534,0.000653,0.000000,0.000000,0.000000,0.000000,0.000000,0.000000,0.000005,0.000004,0.000003,64.797180,265.650238,79.270630,7.739926,13.133293,65.357658,6.390664,6.386593,6.387356,0.010994,0.010538,0.010658,0
37029.636,1545873.875000,5088038.000000,3510447.500000,-46.575874,3.856512,47.551346,0.020696,-0.081982,-0.595984,0.798533,0.006393,0.005528,-0.000552,-0.291198,-2.828997,-1.754290,0.138983,0.135039,0.135780,0.000969,0.000535,0.000654,0.000000,0.000000,0.000000,0.000000,0.000000,0.000000,0.000005,0.000004,0.000003,64.797180,265.650238,79.270630,7.739926,13.133293,65.357658,6.390664,6.386593,6.387356,0.010994,0.010538,0.010658,0
37029.756,1545872.875000,5088037.000000,3510439.500000,-47.556664,3.996044,48.323154,0.020835,-0.080068,-0.592577,0.801254,0.006393,0.005528,-0.000552,-0.291198,-2.828997,-1.754290,0.139970,0.135869,0.136708,0.000991,0.000544,0.000666,0.000000,0.000000,0.000000,0.000000,0.000000,0.000000,0.000005,0.000004,0.000003,64.797180,265.650238,79.270630,7.739926,13.133293,65.357658,6.390664,6.386593,6.387356,0.010994,0.010538,0.010658,0
37029.763,1545872.875000,5088036.500000,3510439.000000,-47.616089,4.004518,48.369949,0.020843,-0.079953,-0.592376,0.801413,0.006393,0.005528,-0.000552,-0.291198,-2.828997,-1.754290,0.140030,0.135920,0.136765,0.000993,0.000544,0.000667,0.000000,0.000000,0.000000,0.000000,0.000000,0.000000,0.000005,0.000004,0.000003,64.797180,265.650238,79.270630,7.739926,13.133293,65.357658,6.390664,6.386593,6.387356,0.010994,0.010538,0.010658,0
37029.770,1545872.750000,5088036.500000,3510438.750000,-47.675514,4.012860,48.417038,0.020848,-0.079832,-0.592169,0.801578,0.006393,0.005528,-0.000552,-0.291198,-2.828997,-1.754290,0.140091,0.135971,0.136822,0.000994,0.000545,0.000668,0.000000,0.000000,0.000000,0.000000,0.000000,0.000000,0.000005,0.000004,0.000003,64.797180,265.650238,79.270630,7.739926,13.133293,65.357658,6.390664,6.386593,6.387356,0.010994,0.010538,0.010658,0
37029.777,1545872.750000,5088036.500000,3510438.250000,-47.734741,4.021392,48.464218,0.020849,-0.079708,-0.591964,0.801743,0.006393,0.005528,-0.000552,-0.291198,-2.828997,-1.754290,0.140152,0.136022,0.136879,0.000996,0.000545,0.000668,0.000000,0.000000,0.000000,0.000000,0.000000,0.000000,0.000005,0.000004,0.000003,64.797180,265.650238,79.270630,7.739926,13.133293,65.357658,6.390664,6.386593,6.387356,0.010994,0.010538,0.010658,0
37029.784,1545872.625000,5088036.500000,3510437.750000,-47.794437,4.029888,48.511047,0.020864,-0.079586,-0.591761,0.801904,0.006393,0.005528,-0.000552,-0.291198,-2.828997,-1.754290,0.140213,0.136073,0.136936,0.000997,0.000546,0.000669,0.000000,0.000000,0.000000,0.000000,0.000000,0.000000,0.000005,0.000004,0.000003,64.797180,265.650238,79.270630,7.739926,13.133293,65.357658,6.390664,6.386593,6.387356,0.010994,0.010538,0.010658,0
37029.791,1545872.625000,5088036.500000,3510437.250000,-47.852715,4.038531,48.557602,0.020870,-0.079476,-0.591561,0.802062,0.006393,0.005528,-0.000552,-0.291198,-2.828997,-1.754290,0.140273,0.136123,0.136992,0.000998,0.000546,0.000670,0.000000,0.000000,0.000000,0.000000,0.000000,0.000000,0.000005,0.000004,0.000003,64.797180,265.650238,79.270630,7.739926,13.133293,65.357658,6.390664,6.386593,6.387356,0.010994,0.010538,0.010658,0
37029.799,1545872.625000,5088036.000000,3510436.750000,-47.912979,4.047192,48.605255,0.020878,-0.079351,-0.591357,0.802225,0.006393,0.005528,-0.000552,-0.291198,-2.828997,-1.754290,0.140335,0.136174,0.137050,0.001000,0.000547,0.000671,0.000000,0.000000,0.000000,0.000000,0.000000,0.000000,0.000005,0.000004,0.000003,64.797180,265.650238,79.270630,7.739926,13.133293,65.357658,6.390664,6.386593,6.387356,0.010994,0.010538,0.010658,0
37029.806,1545872.500000,5088036.000000,3510436.250000,-47.972336,4.055759,48.652374,0.020885,-0.079236,-0.591155,0.802385,0.006393,0.005528,-0.000552,-0.291198,-2.828997,-1.754290,0.140396,0.136226,0.137107,0.001001,0.000547,0.000671,0.000000,0.000000,0.000000,0.000000,0.000000,0.000000,0.000005,0.000004,0.000003,64.797180,265.650238,79.270630,7.739926,13.133293,65.357658,6.390664,6.386593,6.387356,0.010994,0.010538,0.010658,0
37029.813,1545872.500000,5088036.000000,3510435.750000,-48.031891,4.064139,48.699818,0.020893,-0.079121,-0.590951,0.802546,0.006393,0.005528,-0.000552,-0.291198,-2.828997,-1.754290,0.140458,0.136277,0.137165,0.001002,0.000548,0.000672,0.000000,0.000000,0.000000,0.000000,0.000000,0.000000,0.000005,0.000004,0.000003,64.797180,265.650238,79.270630,7.739926,13.133293,65.357658,6.390664,6.386593,6.387356,0.010994,0.010538,0.010658,0
37029.820,1545872.375000,5088036.000000,3510435.250000,-48.091370,4.072541,48.747124,0.020900,-0.078999,-0.590744,0.802710,0.006393,0.005528,-0.000552,-0.291198,-2.828997,-1.754290,0.140519,0.136328,0.137222,0.001004,0.000549,0.000673,0.000000,0.000000,0.000000,0.000000,0.000000,0.000000,0.000005,0.000004,0.000003,64.797180,265.650238,79.270630,7.739926,13.133293,65.357658,6.390664,6.386593,6.387356,0.010994,0.010538,0.010658,0
37029.827,1545872.375000,5088036.000000,3510434.750000,-48.150120,4.080935,48.793560,0.020902,-0.078884,-0.590542,0.802870,0.006393,0.005528,-0.000552,-0.291198,-2.828997,-1.754290,0.140580,0.136378,0.137279,0.001005,0.000549,0.000674,0.000000,0.000000,0.000000,0.000000,0.000000,0.000000,0.000005,0.000004,0.000003,64.797180,265.650238,79.270630,7.739926,13.133293,65.357658,6.390664,6.386593,6.387356,0.010994,0.010538,0.010658,0
37029.835,1545872.250000,5088036.000000,3510434.250000,-48.210430,4.089572,48.841713,0.020902,-0.078760,-0.590331,0.803037,0.006393,0.005528,-0.000552,-0.291198,-2.828997,-1.754290,0.140642,0.136430,0.137337,0.001007,0.000550,0.000675,0.000000,0.000000,0.000000,0.000000,0.000000,0.000000,0.000005,0.000004,0.000003,64.797180,265.650238,79.270630,7.739926,13.133293,65.357658,6.390664,6.386593,6.387356,0.010994,0.010538,0.010658,0
37029.842,1545872.250000,5088035.500000,3510433.750000,-48.269913,4.098272,48.888992,0.020914,-0.078637,-0.590127,0.803200,0.006393,0.005528,-0.000552,-0.291198,-2.828997,-1.754290,0.140704,0.136482,0.137395,0.001008,0.000550,0.000675,0.000000,0.000000,0.000000,0.000000,0.000000,0.000000,0.000005,0.000004,0.000003,64.797180,265.650238,79.270630,7.739926,13.133293,65.357658,6.390664,6.386593,6.387356,0.010994,0.010538,0.010658,0
37029.849,1545872.125000,5088035.500000,3510433.250000,-48.329075,4.106709,48.936325,0.020919,-0.078519,-0.589925,0.803359,0.006393,0.005528,-0.000552,-0.291198,-2.828997,-1.754290,0.140766,0.136533,0.137452,0.001009,0.000551,0.000676,0.000000,0.000000,0.000000,0.000000,0.000000,0.000000,0.000005,0.000004,0.000003,64.797180,265.650238,79.270630,7.739926,13.133293,65.357658,6.390664,6.386593,6.387356,0.010994,0.010538,0.010658,0
37029.856,1545872.125000,5088035.500000,3510432.750000,-48.388824,4.115338,48.983856,0.020923,-0.078393,-0.589719,0.803523,0.006393,0.005528,-0.000552,-0.291198,-2.828997,-1.754290,0.140828,0.136585,0.137510,0.001011,0.000551,0.000677,0.000000,0.000000,0.000000,0.000000,0.000000,0.000000,0.000005,0.000004,0.000003,64.797180,265.650238,79.270630,7.739926,13.133293,65.357658,6.390664,6.386593,6.387356,0.010994,0.010538,0.010658,0
37029.863,1545872.000000,5088035.500000,3510432.500000,-48.447838,4.123913,49.030300,0.020935,-0.078268,-0.589516,0.803683,0.006393,0.005528,-0.000552,-0.291198,-2.828997,-1.754290,0.140890,0.136636,0.137567,0.001012,0.000552,0.000678,0.000000,0.000000,0.000000,0.000000,0.000000,0.000000,0.000005,0.000004,0.000003,64.797180,265.650238,79.270630,7.739926,13.133293,65.357658,6.390664,6.386593,6.387356,0.010994,0.010538,0.010658,0
37029.871,1545872.000000,5088035.500000,3510432.000000,-48.508354,4.132716,49.078636,0.020944,-0.078150,-0.589308,0.803847,0.006393,0.005528,-0.000552,-0.291198,-2.828997,-1.754290,0.140953,0.136688,0.137626,0.001014,0.000552,0.000678,0.000000,0.000000,0.000000,0.000000,0.000000,0.000000,0.000005,0.000004,0.000003,64.797180,265.650238,79.270630,7.739926,13.133293,65.357658,6.390664,6.386593,6.387356,0.010994,0.010538,0.010658,0
37029.878,1545871.875000,5088035.500000,3510431.500000,-48.567913,4.141253,49.126137,0.020958,-0.078031,-0.589100,0.804011,0.006393,0.005528,-0.000552,-0.291198,-2.828997,-1.754290,0.141015,0.136740,0.137684,0.001015,0.000553,0.000679,0.000000,0.000000,0.000000,0.000000,0.000000,0.000000,0.000005,0.000004,0.000003,64.797180,265.650238,79.270630,7.739926,13.133293,65.357658,6.390664,6.386593,6.387356,0.010994,0.010538,0.010658,0
37029.885,1545871.875000,5088035.000000,3510431.000000,-48.627651,4.149960,49.173386,0.020969,-0.077917,-0.588892,0.804174,0.006393,0.005528,-0.000552,-0.291198,-2.828997,-1.754290,0.141078,0.136792,0.137742,0.001016,0.000554,0.000680,0.000000,0.000000,0.000000,0.000000,0.000000,0.000000,0.000005,0.000004,0.000003,64.797180,265.650238,79.270630,7.739926,13.133293,65.357658,6.390664,6.386593,6.387356,0.010994,0.010538,0.010658,0
37029.892,1545871.875000,5088035.000000,3510430.500000,-48.686272,4.158587,49.220543,0.020975,-0.077807,-0.588686,0.804335,0.006393,0.005528,-0.000552,-0.291198,-2.828997,-1.754290,0.141140,0.136843,0.137800,0.001018,0.000554,0.000681,0.000000,0.000000,0.000000,0.000000,0.000000,0.000000,0.000005,0.000004,0.000003,64.797180,265.650238,79.270630,7.739926,13.133293,65.357658,6.390664,6.386593,6.387356,0.010994,0.010538,0.010658,0
37029.899,1545871.750000,5088035.000000,3510430.000000,-48.745792,4.167315,49.268177,0.020984,-0.077685,-0.588481,0.804497,0.006393,0.005528,-0.000552,-0.291198,-2.828997,-1.754290,0.141202,0.136895,0.137858,0.001019,0.000555,0.000682,0.000000,0.000000,0.000000,0.000000,0.000000,0.000000,0.000005,0.000004,0.000003,64.797180,265.650238,79.270630,7.739926,13.133293,65.357658,6.390664,6.386593,6.387356,0.010994,0.010538,0.010658,0
37029.907,1545871.750000,5088035.000000,3510429.500000,-48.806641,4.176139,49.316429,0.020990,-0.077565,-0.588269,0.804663,0.006393,0.005528,-0.000552,-0.291198,-2.828997,-1.754290,0.141266,0.136947,0.137917,0.001021,0.000555,0.000682,0.000000,0.000000,0.000000,0.000000,0.000000,0.000000,0.000005,0.000004,0.000003,64.797180,265.650238,79.270630,7.739926,13.133293,65.357658,6.390664,6.386593,6.387356,0.010994,0.010538,0.010658,0
37029.914,1545871.625000,5088035.000000,3510429.000000,-48.866310,4.184736,49.364082,0.020996,-0.077446,-0.588061,0.804826,0.006393,0.005528,-0.000552,-0.291198,-2.828997,-1.754290,0.141329,0.136999,0.137976,0.001022,0.000556,0.000683,0.000000,0.000000,0.000000,0.000000,0.000000,0.000000,0.000005,0.000004,0.000003,64.797180,265.650238,79.270630,7.739926,13.133293,65.357658,6.390664,6.386593,6.387356,0.010994,0.010538,0.010658,0
37029.921,1545871.625000,5088034.500000,3510428.500000,-48.925678,4.193257,49.411995,0.021003,-0.077325,-0.587855,0.804988,0.006393,0.005528,-0.000552,-0.291198,-2.828997,-1.754290,0.141392,0.137051,0.138034,0.001024,0.000556,0.000684,0.000000,0.000000,0.000000,0.000000,0.000000,0.000000,0.000005,0.000004,0.000003,64.797180,265.650238,79.270630,7.739926,13.133293,65.357658,6.390664,6.386593,6.387356,0.010994,0.010538,0.010658,0
37029.928,1545871.500000,5088034.500000,3510428.000000,-48.985867,4.201771,49.459454,0.021006,-0.077215,-0.587651,0.805148,0.006393,0.005528,-0.000552,-0.291198,-2.828997,-1.754290,0.141456,0.137103,0.138093,0.001025,0.000557,0.000685,0.000000,0.000000,0.000000,0.000000,0.000000,0.000000,0.000005,0.000004,0.000003,64.797180,265.650238,79.270630,7.739926,13.133293,65.357658,6.390664,6.386593,6.387356,0.010994,0.010538,0.010658,0
37029.936,1545871.500000,5088034.500000,3510427.500000,-49.045216,4.210453,49.507416,0.021014,-0.077097,-0.587452,0.805304,0.006393,0.005528,-0.000552,-0.291198,-2.828997,-1.754290,0.141519,0.137156,0.138152,0.001026,0.000558,0.000685,0.000000,0.000000,0.000000,0.000000,0.000000,0.000000,0.000005,0.000004,0.000003,64.797180,265.650238,79.270630,7.739926,13.133293,65.357658,6.390664,6.386593,6.387356,0.010994,0.010538,0.010658,0
37029.943,1545871.375000,5088034.500000,3510427.000000,-49.104103,4.219170,49.554718,0.021019,-0.076982,-0.587247,0.805464,0.006393,0.005528,-0.000552,-0.291198,-2.828997,-1.754290,0.141582,0.137207,0.138210,0.001028,0.000558,0.000686,0.000000,0.000000,0.000000,0.000000,0.000000,0.000000,0.000005,0.000004,0.000003,64.797180,265.650238,79.270630,7.739926,13.133293,65.357658,6.390664,6.386593,6.387356,0.010994,0.010538,0.010658,0
37029.950,1545871.375000,5088034.500000,3510426.500000,-49.163502,4.227826,49.602608,0.021019,-0.076869,-0.587040,0.805626,0.006393,0.005528,-0.000552,-0.291198,-2.828997,-1.754290,0.141645,0.137260,0.138268,0.001029,0.000559,0.000687,0.000000,0.000000,0.000000,0.000000,0.000000,0.000000,0.000005,0.000004,0.000003,64.797180,265.650238,79.270630,7.739926,13.133293,65.357658,6.390664,6.386593,6.387356,0.010994,0.010538,0.010658,0
37029.957,1545871.250000,5088034.500000,3510426.000000,-49.222794,4.236297,49.650421,0.021028,-0.076755,-0.586835,0.805786,0.006393,0.005528,-0.000552,-0.291198,-2.828997,-1.754290,0.141709,0.137312,0.138327,0.001031,0.000559,0.000688,0.000000,0.000000,0.000000,0.000000,0.000000,0.000000,0.000005,0.000004,0.000003,64.797180,265.650238,79.270630,7.739926,13.133293,65.357658,6.390664,6.386593,6.387356,0.010994,0.010538,0.010658,0
37029.964,1545871.250000,5088034.000000,3510425.500000,-49.282417,4.245066,49.698341,0.021037,-0.076628,-0.586628,0.805948,0.006393,0.005528,-0.000552,-0.291198,-2.828997,-1.754290,0.141773,0.137365,0.138387,0.001032,0.000560,0.000689,0.000000,0.000000,0.000000,0.000000,0.000000,0.000000,0.000005,0.000004,0.000003,64.797180,265.650238,79.270630,7.739926,13.133293,65.357658,6.390664,6.386593,6.387356,0.010994,0.010538,0.010658,0
37029.971,1545871.125000,5088034.000000,3510425.000000,-49.341877,4.253845,49.746361,0.021045,-0.076511,-0.586422,0.806109,0.006393,0.005528,-0.000552,-0.291198,-2.828997,-1.754290,0.141837,0.137417,0.138446,0.001033,0.000560,0.000689,0.000000,0.000000,0.000000,0.000000,0.000000,0.000000,0.000005,0.000004,0.000003,64.797180,265.650238,79.270630,7.739926,13.133293,65.357658,6.390664,6.386593,6.387356,0.010994,0.010538,0.010658,0
37029.979,1545871.125000,5088034.000000,3510424.500000,-49.402279,4.262663,49.795097,0.021053,-0.076390,-0.586216,0.806270,0.006393,0.005528,-0.000552,-0.291198,-2.828997,-1.754290,0.141902,0.137470,0.138506,0.001035,0.000561,0.000690,0.000000,0.000000,0.000000,0.000000,0.000000,0.000000,0.000005,0.000004,0.000003,64.797180,265.650238,79.270630,7.739926,13.133293,65.357658,6.390664,6.386593,6.387356,0.010994,0.010538,0.010658,0
37029.986,1545871.000000,5088034.000000,3510424.000000,-49.461105,4.271227,49.842289,0.021064,-0.076273,-0.586014,0.806428,0.006393,0.005528,-0.000552,-0.291198,-2.828997,-1.754290,0.141965,0.137522,0.138564,0.001036,0.000562,0.000691,0.000000,0.000000,0.000000,0.000000,0.000000,0.000000,0.000005,0.000004,0.000003,64.797180,265.650238,79.270630,7.739926,13.133293,65.357658,6.390664,6.386593,6.387356,0.010994,0.010538,0.010658,0
37029.993,1545871.000000,5088034.000000,3510423.500000,-49.520782,4.279661,49.890415,0.021077,-0.076155,-0.585805,0.806591,0.006393,0.005528,-0.000552,-0.291198,-2.828997,-1.754290,0.142029,0.137575,0.138624,0.001038,0.000562,0.000692,0.000000,0.000000,0.000000,0.000000,0.000000,0.000000,0.000005,0.000004,0.000003,64.797180,265.650238,79.270630,7.739926,13.133293,65.357658,6.390664,6.386593,6.387356,0.010994,0.010538,0.010658,0
37030.000,1545871.000000,5088034.000000,3510423.000000,-49.580765,4.288337,49.938660,0.021087,-0.076042,-0.585593,0.806755,0.006393,0.005528,-0.000552,-0.291198,-2.828997,-1.754290,0.142094,0.137628,0.138683,0.001039,0.000563,0.000692,0.000000,0.000000,0.000000,0.000000,0.000000,0.000000,0.000005,0.000004,0.000003,64.797180,265.650238,79.270630,7.739926,13.133293,65.357658,6.390664,6.386593,6.387356,0.010994,0.010538,0.010658,0
37030.007,1545870.875000,5088033.500000,3510422.500000,-49.640583,4.297075,49.986557,0.021103,-0.075926,-0.585383,0.806918,0.006393,0.005528,-0.000552,-0.291198,-2.828997,-1.754290,0.142158,0.137681,0.138743,0.001041,0.000563,0.000693,0.000000,0.000000,0.000000,0.000000,0.000000,0.000000,0.000005,0.000004,0.000003,64.797180,265.650238,79.270630,7.739926,13.133293,65.357658,6.390664,6.386593,6.387356,0.010994,0.010538,0.010658,0
37030.015,1545870.875000,5088033.500000,3510422.000000,-49.700680,4.305898,50.034737,0.021117,-0.075808,-0.585172,0.807082,0.006393,0.005528,-0.000552,-0.291198,-2.828997,-1.754290,0.142223,0.137734,0.138802,0.001042,0.000564,0.000694,0.000000,0.000000,0.000000,0.000000,0.000000,0.000000,0.000005,0.000004,0.000003,64.797180,265.650238,79.270630,7.739926,13.133293,65.357658,6.390664,6.386593,6.387356,0.010994,0.010538,0.010658,0
37030.022,1545870.750000,5088033.500000,3510421.500000,-49.760571,4.314963,50.082642,0.021135,-0.075697,-0.584964,0.807242,0.006393,0.005528,-0.000552,-0.291198,-2.828997,-1.754290,0.142288,0.137787,0.138862,0.001043,0.000564,0.000695,0.000000,0.000000,0.000000,0.000000,0.000000,0.000000,0.000005,0.000004,0.000003,64.797180,265.650238,79.270630,7.739926,13.133293,65.357658,6.390664,6.386593,6.387356,0.010994,0.010538,0.010658,0
37030.029,1545870.750000,5088033.500000,3510421.000000,-49.819759,4.323451,50.130047,0.021144,-0.075581,-0.584755,0.807404,0.006393,0.005528,-0.000552,-0.291198,-2.828997,-1.754290,0.142352,0.137839,0.138921,0.001045,0.000565,0.000696,0.000000,0.000000,0.000000,0.000000,0.000000,0.000000,0.000005,0.000004,0.000003,64.797180,265.650238,79.270630,7.739926,13.133293,65.357658,6.390664,6.386593,6.387356,0.010994,0.010538,0.010658,0
37030.036,1545870.625000,5088033.500000,3510420.500000,-49.879604,4.332095,50.178085,0.021154,-0.075464,-0.584541,0.807570,0.006393,0.005528,-0.000552,-0.291198,-2.828997,-1.754290,0.142417,0.137892,0.138981,0.001046,0.000566,0.000696,0.000000,0.000000,0.000000,0.000000,0.000000,0.000000,0.000005,0.000004,0.000003,64.797180,265.650238,79.270630,7.739926,13.133293,65.357658,6.390664,6.386593,6.387356,0.010994,0.010538,0.010658,0
37030.043,1545870.625000,5088033.000000,3510420.000000,-49.939629,4.340951,50.226467,0.021158,-0.075342,-0.584335,0.807730,0.006393,0.005528,-0.000552,-0.291198,-2.828997,-1.754290,0.142482,0.137945,0.139041,0.001048,0.000566,0.000697,0.000000,0.000000,0.000000,0.000000,0.000000,0.000000,0.000005,0.000004,0.000003,64.797180,265.650238,79.270630,7.739926,13.133293,65.357658,6.390664,6.386593,6.387356,0.010994,0.010538,0.010658,0
37030.051,1545870.500000,5088033.000000,3510419.500000,-49.999588,4.349901,50.274979,0.021172,-0.075222,-0.584129,0.807890,0.006393,0.005528,-0.000552,-0.291198,-2.828997,-1.754290,0.142547,0.137999,0.139101,0.001049,0.000567,0.000698,0.000000,0.000000,0.000000,0.000000,0.000000,0.000000,0.000005,0.000004,0.000003,64.797180,265.650238,79.270630,7.739926,13.133293,65.357658,6.390664,6.386593,6.387356,0.010994,0.010538,0.010658,0
37030.058,1545870.500000,5088033.000000,3510419.000000,-50.058331,4.358596,50.322819,0.021181,-0.075112,-0.583927,0.808046,0.006393,0.005528,-0.000552,-0.291198,-2.828997,-1.754290,0.142612,0.138051,0.139160,0.001051,0.000567,0.000699,0.000000,0.000000,0.000000,0.000000,0.000000,0.000000,0.000005,0.000004,0.000003,64.797180,265.650238,79.270630,7.739926,13.133293,65.357658,6.390664,6.386593,6.387356,0.010994,0.010538,0.010658,0
37030.065,1545870.375000,5088033.000000,3510418.500000,-50.117733,4.367445,50.371849,0.021184,-0.074998,-0.583716,0.808209,0.006393,0.005528,-0.000552,-0.291198,-2.828997,-1.754290,0.142677,0.138105,0.139220,0.001052,0.000568,0.000700,0.000000,0.000000,0.000000,0.000000,0.000000,0.000000,0.000005,0.000004,0.000003,64.797180,265.650238,79.270630,7.739926,13.133293,65.357658,6.390664,6.386593,6.387356,0.010994,0.010538,0.010658,0
37030.072,1545870.375000,5088033.000000,3510418.000000,-50.176933,4.376346,50.419434,0.021189,-0.074881,-0.583506,0.808372,0.006393,0.005528,-0.000552,-0.291198,-2.828997,-1.754290,0.142742,0.138157,0.139280,0.001054,0.000568,0.000700,0.000000,0.000000,0.000000,0.000000,0.000000,0.000000,0.000005,0.000004,0.000003,64.797180,265.650238,79.270630,7.739926,13.133293,65.357658,6.390664,6.386593,6.387356,0.010994,0.010538,0.010658,0
37030.079,1545870.250000,5088033.000000,3510417.500000,-50.237030,4.385493,50.467514,0.021195,-0.074770,-0.583296,0.808533,0.006393,0.005528,-0.000552,-0.291198,-2.828997,-1.754290,0.142808,0.138211,0.139340,0.001055,0.000569,0.000701,0.000000,0.000000,0.000000,0.000000,0.000000,0.000000,0.000005,0.000004,0.000003,64.797180,265.650238,79.270630,7.739926,13.133293,65.357658,6.390664,6.386593,6.387356,0.010994,0.010538,0.010658,0
37030.086,1545870.250000,5088032.500000,3510417.000000,-50.296795,4.394150,50.516163,0.021193,-0.074647,-0.583089,0.808694,0.006393,0.005528,-0.000552,-0.291198,-2.828997,-1.754290,0.142874,0.138264,0.139401,0.001056,0.000570,0.000702,0.000000,0.000000,0.000000,0.000000,0.000000,0.000000,0.000005,0.000004,0.000003,64.797180,265.650238,79.270630,7.739926,13.133293,65.357658,6.390664,6.386593,6.387356,0.010994,0.010538,0.010658,0
37030.094,1545870.125000,5088032.500000,3510416.500000,-50.357704,4.403078,50.565094,0.021201,-0.074531,-0.582873,0.808860,0.006393,0.005528,-0.000552,-0.291198,-2.828997,-1.754290,0.142941,0.138319,0.139462,0.001058,0.000570,0.000703,0.000000,0.000000,0.000000,0.000000,0.000000,0.000000,0.000005,0.000004,0.000003,64.797180,265.650238,79.270630,7.739926,13.133293,65.357658,6.390664,6.386593,6.387356,0.010994,0.010538,0.010658,0
37030.101,1545870.125000,5088032.500000,3510416.000000,-50.417328,4.411627,50.612770,0.021202,-0.074409,-0.582666,0.809020,0.006393,0.005528,-0.000552,-0.291198,-2.828997,-1.754290,0.143006,0.138372,0.139522,0.001059,0.000571,0.000704,0.000000,0.000000,0.000000,0.000000,0.000000,0.000000,0.000005,0.000004,0.000003,64.797180,265.650238,79.270630,7.739926,13.133293,65.357658,6.390664,6.386593,6.387356,0.010994,0.010538,0.010658,0
37030.108,1545870.000000,5088032.500000,3510415.500000,-50.477581,4.420382,50.661449,0.021219,-0.074301,-0.582455,0.809182,0.006393,0.005528,-0.000552,-0.291198,-2.828997,-1.754290,0.143072,0.138426,0.139583,0.001061,0.000571,0.000704,0.000000,0.000000,0.000000,0.000000,0.000000,0.000000,0.000005,0.000004,0.000003,64.797180,265.650238,79.270630,7.739926,13.133293,65.357658,6.390664,6.386593,6.387356,0.010994,0.010538,0.010658,0
37030.115,1545870.000000,5088032.500000,3510415.000000,-50.537334,4.428966,50.710312,0.021228,-0.074180,-0.582254,0.809338,0.006393,0.005528,-0.000552,-0.291198,-2.828997,-1.754290,0.143139,0.138479,0.139644,0.001062,0.000572,0.000705,0.000000,0.000000,0.000000,0.000000,0.000000,0.000000,0.000005,0.000004,0.000003,64.797180,265.650238,79.270630,7.739926,13.133293,65.357658,6.390664,6.386593,6.387356,0.010994,0.010538,0.010658,0
37030.122,1545869.875000,5088032.500000,3510414.500000,-50.597069,4.437757,50.759079,0.021244,-0.074070,-0.582042,0.809500,0.006393,0.005528,-0.000552,-0.291198,-2.828997,-1.754290,0.143205,0.138533,0.139705,0.001064,0.000572,0.000706,0.000000,0.000000,0.000000,0.000000,0.000000,0.000000,0.000005,0.000004,0.000003,64.797180,265.650238,79.270630,7.739926,13.133293,65.357658,6.390664,6.386593,6.387356,0.010994,0.010538,0.010658,0
37030.130,1545869.875000,5088032.000000,3510414.000000,-50.656898,4.446609,50.807804,0.021247,-0.073951,-0.581834,0.809660,0.006393,0.005528,-0.000552,-0.291198,-2.828997,-1.754290,0.143272,0.138587,0.139766,0.001065,0.000573,0.000707,0.000000,0.000000,0.000000,0.000000,0.000000,0.000000,0.000005,0.000004,0.000003,64.797180,265.650238,79.270630,7.739926,13.133293,65.357658,6.390664,6.386593,6.387356,0.010994,0.010538,0.010658,0
37030.137,1545869.750000,5088032.000000,3510413.500000,-50.716774,4.455297,50.856461,0.021255,-0.073827,-0.581628,0.809819,0.006393,0.005528,-0.000552,-0.291198,-2.828997,-1.754290,0.143339,0.138641,0.139827,0.001067,0.000574,0.000708,0.000000,0.000000,0.000000,0.000000,0.000000,0.000000,0.000005,0.000004,0.000003,64.797180,265.650238,79.270630,7.739926,13.133293,65.357658,6.390664,6.386593,6.387356,0.010994,0.010538,0.010658,0
37030.144,1545869.750000,5088032.000000,3510413.000000,-50.777657,4.464228,50.905899,0.021261,-0.073706,-0.581419,0.809980,0.006393,0.005528,-0.000552,-0.291198,-2.828997,-1.754290,0.143406,0.138696,0.139889,0.001068,0.000574,0.000708,0.000000,0.000000,0.000000,0.000000,0.000000,0.000000,0.000005,0.000004,0.000003,64.797180,265.650238,79.270630,7.739926,13.133293,65.357658,6.390664,6.386593,6.387356,0.010994,0.010538,0.010658,0
37030.166,1545873.500000,5088037.500000,3510442.250000,-47.784424,4.296709,47.217834,0.029110,-0.076232,-0.595214,0.799413,0.007030,0.005068,-0.000553,-0.306763,-2.740695,-1.733912,0.138503,0.134517,0.135325,0.000965,0.000541,0.000661,0.000000,0.000000,0.000000,0.000000,0.000000,0.000000,0.000005,0.000004,0.000003,68.318611,270.751343,111.415298,8.425580,12.375080,70.468704,6.393406,6.388696,6.389889,0.011068,0.010574,0.010708,0
37030.174,1545873.500000,5088037.500000,3510442.000000,-47.843399,4.305606,47.263855,0.029121,-0.076115,-0.595015,0.799572,0.007030,0.005068,-0.000553,-0.306763,-2.740695,-1.733912,0.138563,0.134568,0.135381,0.000966,0.000541,0.000661,0.000000,0.000000,0.000000,0.000000,0.000000,0.000000,0.000005,0.000004,0.000003,68.318611,270.751343,111.415298,8.425580,12.375080,70.468704,6.393406,6.388696,6.389889,0.011068,0.010574,0.010708,0
37030.181,1545873.375000,5088037.000000,3510441.500000,-47.901878,4.314596,47.309978,0.029127,-0.075999,-0.594812,0.799734,0.007030,0.005068,-0.000553,-0.306763,-2.740695,-1.733912,0.138623,0.134618,0.135438,0.000968,0.000542,0.000662,0.000000,0.000000,0.000000,0.000000,0.000000,0.000000,0.000005,0.000004,0.000003,68.318611,270.751343,111.415298,8.425580,12.375080,70.468704,6.393406,6.388696,6.389889,0.011068,0.010574,0.010708,0
37030.188,1545873.375000,5088037.000000,3510441.000000,-47.960716,4.323685,47.356346,0.029140,-0.075876,-0.594613,0.799893,0.007030,0.005068,-0.000553,-0.306763,-2.740695,-1.733912,0.138682,0.134669,0.135494,0.000969,0.000542,0.000663,0.000000,0.000000,0.000000,0.000000,0.000000,0.000000,0.000005,0.000004,0.000003,68.318611,270.751343,111.415298,8.425580,12.375080,70.468704,6.393406,6.388696,6.389889,0.011068,0.010574,0.010708,0
37030.195,1545873.250000,5088037.000000,3510440.500000,-48.020535,4.332559,47.403168,0.029144,-0.075759,-0.594404,0.800059,0.007030,0.005068,-0.000553,-0.306763,-2.740695,-1.733912,0.138743,0.134720,0.135551,0.000970,0.000543,0.000664,0.000000,0.000000,0.000000,0.000000,0.000000,0.000000,0.000005,0.000004,0.000003,68.318611,270.751343,111.415298,8.425580,12.375080,70.468704,6.393406,6.388696,6.389889,0.011068,0.010574,0.010708,0
37030.202,1545873.250000,5088037.000000,3510440.000000,-48.079403,4.341163,47.449375,0.029152,-0.075641,-0.594206,0.800217,0.007030,0.005068,-0.000553,-0.306763,-2.740695,-1.733912,0.138803,0.134771,0.135608,0.000972,0.000543,0.000664,0.000000,0.000000,0.000000,0.000000,0.000000,0.000000,0.000005,0.000004,0.000003,68.318611,270.751343,111.415298,8.425580,12.375080,70.468704,6.393406,6.388696,6.389889,0.011068,0.010574,0.010708,0
37030.210,1545873.125000,5088037.000000,3510439.500000,-48.139252,4.350172,47.496300,0.029170,-0.075522,-0.594001,0.800380,0.007030,0.005068,-0.000553,-0.306763,-2.740695,-1.733912,0.138864,0.134822,0.135665,0.000973,0.000544,0.000665,0.000000,0.000000,0.000000,0.000000,0.000000,0.000000,0.000005,0.000004,0.000003,68.318611,270.751343,111.415298,8.425580,12.375080,70.468704,6.393406,6.388696,6.389889,0.011068,0.010574,0.010708,0
37030.217,1545873.125000,5088037.000000,3510439.000000,-48.198387,4.358977,47.542439,0.029181,-0.075406,-0.593803,0.800538,0.007030,0.005068,-0.000553,-0.306763,-2.740695,-1.733912,0.138924,0.134873,0.135722,0.000974,0.000545,0.000666,0.000000,0.000000,0.000000,0.000000,0.000000,0.000000,0.000005,0.000004,0.000003,68.318611,270.751343,111.415298,8.425580,12.375080,70.468704,6.393406,6.388696,6.389889,0.011068,0.010574,0.010708,0
37030.224,1545873.000000,5088037.000000,3510438.500000,-48.257359,4.367770,47.588612,0.029183,-0.075284,-0.593599,0.800700,0.007030,0.005068,-0.000553,-0.306763,-2.740695,-1.733912,0.138985,0.134924,0.135778,0.000976,0.000545,0.000667,0.000000,0.000000,0.000000,0.000000,0.000000,0.000000,0.000005,0.000004,0.000003,68.318611,270.751343,111.415298,8.425580,12.375080,70.468704,6.393406,6.388696,6.389889,0.011068,0.010574,0.010708,0
37030.231,1545873.000000,5088036.500000,3510438.000000,-48.316452,4.376798,47.634933,0.029188,-0.075171,-0.593392,0.800864,0.007030,0.005068,-0.000553,-0.306763,-2.740695,-1.733912,0.139045,0.134975,0.135835,0.000977,0.000546,0.000668,0.000000,0.000000,0.000000,0.000000,0.000000,0.000000,0.000005,0.000004,0.000003,68.318611,270.751343,111.415298,8.425580,12.375080,70.468704,6.393406,6.388696,6.389889,0.011068,0.010574,0.010708,0
37030.239,1545872.875000,5088036.500000,3510437.500000,-48.375271,4.385994,47.681442,0.029204,-0.075048,-0.593185,0.801028,0.007030,0.005068,-0.000553,-0.306763,-2.740695,-1.733912,0.139106,0.135026,0.135892,0.000978,0.000546,0.000668,0.000000,0.000000,0.000000,0.000000,0.000000,0.000000,0.000005,0.000004,0.000003,68.318611,270.751343,111.415298,8.425580,12.375080,70.468704,6.393406,6.388696,6.389889,0.011068,0.010574,0.010708,0
37030.246,1545872.875000,5088036.500000,3510437.000000,-48.434086,4.394931,47.727913,0.029210,-0.074931,-0.592982,0.801190,0.007030,0.005068,-0.000553,-0.306763,-2.740695,-1.733912,0.139166,0.135077,0.135949,0.000980,0.000547,0.000669,0.000000,0.000000,0.000000,0.000000,0.000000,0.000000,0.000005,0.000004,0.000003,68.318611,270.751343,111.415298,8.425580,12.375080,70.468704,6.393406,6.388696,6.389889,0.011068,0.010574,0.010708,0
37030.253,1545872.750000,5088036.500000,3510436.500000,-48.492958,4.403926,47.774239,0.029222,-0.074815,-0.592783,0.801347,0.007030,0.005068,-0.000553,-0.306763,-2.740695,-1.733912,0.139227,0.135128,0.136006,0.000981,0.000547,0.000670,0.000000,0.000000,0.000000,0.000000,0.000000,0.000000,0.000005,0.000004,0.000003,68.318611,270.751343,111.415298,8.425580,12.375080,70.468704,6.393406,6.388696,6.389889,0.011068,0.010574,0.010708,0
37030.260,1545872.750000,5088036.500000,3510436.000000,-48.554642,4.413089,47.822441,0.029226,-0.074700,-0.592567,0.801518,0.007030,0.005068,-0.000553,-0.306763,-2.740695,-1.733912,0.139290,0.135181,0.136065,0.000982,0.000548,0.000671,0.000000,0.000000,0.000000,0.000000,0.000000,0.000000,0.000005,0.000004,0.000003,68.318611,270.751343,111.415298,8.425580,12.375080,70.468704,6.393406,6.388696,6.389889,0.011068,0.010574,0.010708,0
37030.283,1545876.125000,5088041.500000,3510461.750000,-45.865490,4.249868,44.541149,0.036280,-0.076910,-0.604733,0.791875,0.007605,0.004655,-0.000555,-0.320703,-2.660781,-1.719233,0.134859,0.131281,0.131865,0.000895,0.000518,0.000628,0.000000,0.000000,0.000000,0.000000,0.000000,0.000000,0.000005,0.000004,0.000003,65.290688,266.329498,88.258141,7.987754,11.109932,66.910606,6.389290,6.385181,6.386065,0.010982,0.010548,0.010671,0
37030.290,1545876.125000,5088041.500000,3510461.250000,-45.923504,4.258455,44.585430,0.036285,-0.076791,-0.604537,0.792036,0.007605,0.004655,-0.000555,-0.320703,-2.660781,-1.719233,0.134914,0.131328,0.131918,0.000896,0.000518,0.000629,0.000000,0.000000,0.000000,0.000000,0.000000,0.000000,0.000005,0.000004,0.000003,65.290688,266.329498,88.258141,7.987754,11.109932,66.910606,6.389290,6.385181,6.386065,0.010982,0.010548,0.010671,0
37030.297,1545876.000000,5088041.000000,3510461.000000,-45.981606,4.267460,44.629597,0.036296,-0.076681,-0.604335,0.792201,0.007605,0.004655,-0.000555,-0.320703,-2.660781,-1.719233,0.134969,0.131376,0.131970,0.000897,0.000519,0.000629,0.000000,0.000000,0.000000,0.000000,0.000000,0.000000,0.000005,0.000004,0.000003,65.290688,266.329498,88.258141,7.987754,11.109932,66.910606,6.389290,6.385181,6.386065,0.010982,0.010548,0.010671,0
37030.304,1545876.000000,5088041.000000,3510460.500000,-46.039246,4.276414,44.674000,0.036297,-0.076558,-0.604136,0.792364,0.007605,0.004655,-0.000555,-0.320703,-2.660781,-1.719233,0.135024,0.131424,0.132023,0.000898,0.000519,0.000630,0.000000,0.000000,0.000000,0.000000,0.000000,0.000000,0.000005,0.000004,0.000003,65.290688,266.329498,88.258141,7.987754,11.109932,66.910606,6.389290,6.385181,6.386065,0.010982,0.010548,0.010671,0
37030.312,1545875.875000,5088041.000000,3510460.000000,-46.098122,4.285393,44.719009,0.036305,-0.076431,-0.603940,0.792526,0.007605,0.004655,-0.000555,-0.320703,-2.660781,-1.719233,0.135079,0.131473,0.132077,0.000900,0.000520,0.000631,0.000000,0.000000,0.000000,0.000000,0.000000,0.000000,0.000005,0.000004,0.000003,65.290688,266.329498,88.258141,7.987754,11.109932,66.910606,6.389290,6.385181,6.386065,0.010982,0.010548,0.010671,0
37030.319,1545875.875000,5088041.000000,3510459.500000,-46.156700,4.294585,44.762550,0.036308,-0.076314,-0.603740,0.792689,0.007605,0.004655,-0.000555,-0.320703,-2.660781,-1.719233,0.135134,0.131521,0.132130,0.000901,0.000520,0.000632,0.000000,0.000000,0.000000,0.000000,0.000000,0.000000,0.000005,0.000004,0.000003,65.290688,266.329498,88.258141,7.987754,11.109932,66.910606,6.389290,6.385181,6.386065,0.010982,0.010548,0.010671,0
37030.326,1545875.875000,5088041.000000,3510459.000000,-46.214722,4.303718,44.806816,0.036309,-0.076190,-0.603547,0.792848,0.007605,0.004655,-0.000555,-0.320703,-2.660781,-1.719233,0.135190,0.131569,0.132183,0.000902,0.000521,0.000632,0.000000,0.000000,0.000000,0.000000,0.000000,0.000000,0.000005,0.000004,0.000003,65.290688,266.329498,88.258141,7.987754,11.109932,66.910606,6.389290,6.385181,6.386065,0.010982,0.010548,0.010671,0
37030.333,1545875.750000,5088041.000000,3510458.500000,-46.273022,4.312628,44.850945,0.036326,-0.076064,-0.603346,0.793012,0.007605,0.004655,-0.000555,-0.320703,-2.660781,-1.719233,0.135245,0.131617,0.132236,0.000903,0.000521,0.000633,0.000000,0.000000,0.000000,0.000000,0.000000,0.000000,0.000005,0.000004,0.000003,65.290688,266.329498,88.258141,7.987754,11.109932,66.910606,6.389290,6.385181,6.386065,0.010982,0.010548,0.010671,0
37030.341,1545875.750000,5088040.500000,3510458.250000,-46.330994,4.321326,44.895367,0.036328,-0.075946,-0.603151,0.793172,0.007605,0.004655,-0.000555,-0.320703,-2.660781,-1.719233,0.135300,0.131665,0.132289,0.000904,0.000522,0.000634,0.000000,0.000000,0.000000,0.000000,0.000000,0.000000,0.000005,0.000004,0.000003,65.290688,266.329498,88.258141,7.987754,11.109932,66.910606,6.389290,6.385181,6.386065,0.010982,0.010548,0.010671,0
37030.348,1545875.625000,5088040.500000,3510457.750000,-46.389389,4.330341,44.939682,0.036326,-0.075826,-0.602951,0.793335,0.007605,0.004655,-0.000555,-0.320703,-2.660781,-1.719233,0.135356,0.131713,0.132342,0.000906,0.000522,0.000635,0.000000,0.000000,0.000000,0.000000,0.000000,0.000000,0.000005,0.000004,0.000003,65.290688,266.329498,88.258141,7.987754,11.109932,66.910606,6.389290,6.385181,6.386065,0.010982,0.010548,0.010671,0
37030.355,1545875.625000,5088040.500000,3510457.250000,-46.447071,4.339173,44.984489,0.036333,-0.075713,-0.602750,0.793498,0.007605,0.004655,-0.000555,-0.320703,-2.660781,-1.719233,0.135411,0.131762,0.132395,0.000907,0.000523,0.000635,0.000000,0.000000,0.000000,0.000000,0.000000,0.000000,0.000005,0.000004,0.000003,65.290688,266.329498,88.258141,7.987754,11.109932,66.910606,6.389290,6.385181,6.386065,0.010982,0.010548,0.010671,0
37030.362,1545875.500000,5088040.500000,3510456.750000,-46.505066,4.348074,45.029205,0.036331,-0.075590,-0.602548,0.793664,0.007605,0.004655,-0.000555,-0.320703,-2.660781,-1.719233,0.135467,0.131810,0.132449,0.000908,0.000523,0.000636,0.000000,0.000000,0.000000,0.000000,0.000000,0.000000,0.000005,0.000004,0.000003,65.290688,266.329498,88.258141,7.987754,11.109932,66.910606,6.389290,6.385181,6.386065,0.010982,0.010548,0.010671,0
37030.369,1545875.500000,5088040.500000,3510456.250000,-46.563450,4.357146,45.073647,0.036340,-0.075473,-0.602348,0.793826,0.007605,0.004655,-0.000555,-0.320703,-2.660781,-1.719233,0.135523,0.131858,0.132502,0.000909,0.000524,0.000637,0.000000,0.000000,0.000000,0.000000,0.000000,0.000000,0.000005,0.000004,0.000003,65.290688,266.329498,88.258141,7.987754,11.109932,66.910606,6.389290,6.385181,6.386065,0.010982,0.010548,0.010671,0
37030.377,1545875.500000,5088040.500000,3510455.750000,-46.621395,4.366158,45.118168,0.036348,-0.075349,-0.602144,0.793992,0.007605,0.004655,-0.000555,-0.320703,-2.660781,-1.719233,0.135579,0.131907,0.132556,0.000910,0.000524,0.000638,0.000000,0.000000,0.000000,0.000000,0.000000,0.000000,0.000005,0.000004,0.000003,65.290688,266.329498,88.258141,7.987754,11.109932,66.910606,6.389290,6.385181,6.386065,0.010982,0.010548,0.010671,0
37030.384,1545875.375000,5088040.500000,3510455.500000,-46.679581,4.375279,45.162987,0.036356,-0.075230,-0.601947,0.794152,0.007605,0.004655,-0.000555,-0.320703,-2.660781,-1.719233,0.135635,0.131955,0.132609,0.000912,0.000525,0.000638,0.000000,0.000000,0.000000,0.000000,0.000000,0.000000,0.000005,0.000004,0.000003,65.290688,266.329498,88.258141,7.987754,11.109932,66.910606,6.389290,6.385181,6.386065,0.010982,0.010548,0.010671,0
37030.391,1545875.375000,5088040.000000,3510455.000000,-46.737637,4.384240,45.207787,0.036364,-0.075113,-0.601759,0.794306,0.007605,0.004655,-0.000555,-0.320703,-2.660781,-1.719233,0.135691,0.132004,0.132663,0.000913,0.000525,0.000639,0.000000,0.000000,0.000000,0.000000,0.000000,0.000000,0.000005,0.000004,0.000003,65.290688,266.329498,88.258141,7.987754,11.109932,66.910606,6.389290,6.385181,6.386065,0.010982,0.010548,0.010671,0
37030.398,1545875.250000,5088040.000000,3510454.500000,-46.795700,4.393186,45.252663,0.036363,-0.074993,-0.601560,0.794468,0.007605,0.004655,-0.000555,-0.320703,-2.660781,-1.719233,0.135747,0.132053,0.132717,0.000914,0.000526,0.000640,0.000000,0.000000,0.000000,0.000000,0.000000,0.000000,0.000005,0.000004,0.000003,65.290688,266.329498,88.258141,7.987754,11.109932,66.910606,6.389290,6.385181,6.386065,0.010982,0.010548,0.010671,0
37030.405,1545875.250000,5088040.000000,3510454.000000,-46.853966,4.402375,45.297554,0.036366,-0.074871,-0.601360,0.794631,0.007605,0.004655,-0.000555,-0.320703,-2.660781,-1.719233,0.135803,0.132102,0.132771,0.000915,0.000526,0.000641,0.000000,0.000000,0.000000,0.000000,0.000000,0.000000,0.000005,0.000004,0.000003,65.290688,266.329498,88.258141,7.987754,11.109932,66.910606,6.389290,6.385181,6.386065,0.010982,0.010548,0.010671,0
37030.412,1545875.125000,5088040.000000,3510453.500000,-46.911121,4.411202,45.341728,0.036376,-0.074748,-0.601162,0.794792,0.007605,0.004655,-0.000555,-0.320703,-2.660781,-1.719233,0.135859,0.132150,0.132824,0.000916,0.000527,0.000641,0.000000,0.000000,0.000000,0.000000,0.000000,0.000000,0.000005,0.000004,0.000003,65.290688,266.329498,88.258141,7.987754,11.109932,66.910606,6.389290,6.385181,6.386065,0.010982,0.010548,0.010671,0
37030.420,1545875.125000,5088040.000000,3510453.000000,-46.970478,4.420608,45.386902,0.036385,-0.074624,-0.600962,0.794954,0.007605,0.004655,-0.000555,-0.320703,-2.660781,-1.719233,0.135916,0.132199,0.132879,0.000918,0.000528,0.000642,0.000000,0.000000,0.000000,0.000000,0.000000,0.000000,0.000005,0.000004,0.000003,65.290688,266.329498,88.258141,7.987754,11.109932,66.910606,6.389290,6.385181,6.386065,0.010982,0.010548,0.010671,0
37030.427,1545875.000000,5088040.000000,3510452.750000,-47.028526,4.429949,45.431744,0.036389,-0.074506,-0.600758,0.795119,0.007605,0.004655,-0.000555,-0.320703,-2.660781,-1.719233,0.135973,0.132248,0.132933,0.000919,0.000528,0.000643,0.000000,0.000000,0.000000,0.000000,0.000000,0.000000,0.000005,0.000004,0.000003,65.290688,266.329498,88.258141,7.987754,11.109932,66.910606,6.389290,6.385181,6.386065,0.010982,0.010548,0.010671,0
37030.434,1545875.000000,5088040.000000,3510452.250000,-47.087002,4.438938,45.476734,0.036396,-0.074383,-0.600556,0.795283,0.007605,0.004655,-0.000555,-0.320703,-2.660781,-1.719233,0.136030,0.132297,0.132987,0.000920,0.000529,0.000644,0.000000,0.000000,0.000000,0.000000,0.000000,0.000000,0.000005,0.000004,0.000003,65.290688,266.329498,88.258141,7.987754,11.109932,66.910606,6.389290,6.385181,6.386065,0.010982,0.010548,0.010671,0
37030.441,1545875.000000,5088039.500000,3510451.750000,-47.145290,4.448062,45.521503,0.036415,-0.074264,-0.600360,0.795442,0.007605,0.004655,-0.000555,-0.320703,-2.660781,-1.719233,0.136086,0.132346,0.133041,0.000921,0.000529,0.000644,0.000000,0.000000,0.000000,0.000000,0.000000,0.000000,0.000005,0.000004,0.000003,65.290688,266.329498,88.258141,7.987754,11.109932,66.910606,6.389290,6.385181,6.386065,0.010982,0.010548,0.010671,0
37030.449,1545874.875000,5088039.500000,3510451.250000,-47.203770,4.457064,45.566162,0.036424,-0.074140,-0.600159,0.795604,0.007605,0.004655,-0.000555,-0.320703,-2.660781,-1.719233,0.136143,0.132395,0.133096,0.000923,0.000530,0.000645,0.000000,0.000000,0.000000,0.000000,0.000000,0.000000,0.000005,0.000004,0.000003,65.290688,266.329498,88.258141,7.987754,11.109932,66.910606,6.389290,6.385181,6.386065,0.010982,0.010548,0.010671,0
37030.456,1545874.875000,5088039.500000,3510450.750000,-47.261642,4.466187,45.610584,0.036430,-0.074024,-0.599958,0.795766,0.007605,0.004655,-0.000555,-0.320703,-2.660781,-1.719233,0.136200,0.132444,0.133149,0.000924,0.000530,0.000646,0.000000,0.000000,0.000000,0.000000,0.000000,0.000000,0.000005,0.000004,0.000003,65.290688,266.329498,88.258141,7.987754,11.109932,66.910606,6.389290,6.385181,6.386065,0.010982,0.010548,0.010671,0
37030.463,1545874.750000,5088039.500000,3510450.250000,-47.319782,4.475263,45.655777,0.036431,-0.073908,-0.599763,0.795924,0.007605,0.004655,-0.000555,-0.320703,-2.660781,-1.719233,0.136257,0.132493,0.133204,0.000925,0.000531,0.000647,0.000000,0.000000,0.000000,0.000000,0.000000,0.000000,0.000005,0.000004,0.000003,65.290688,266.329498,88.258141,7.987754,11.109932,66.910606,6.389290,6.385181,6.386065,0.010982,0.010548,0.010671,0
37030.470,1545874.750000,5088039.500000,3510449.750000,-47.378601,4.484403,45.701172,0.036440,-0.073782,-0.599558,0.796089,0.007605,0.004655,-0.000555,-0.320703,-2.660781,-1.719233,0.136315,0.132543,0.133259,0.000926,0.000531,0.000647,0.000000,0.000000,0.000000,0.000000,0.000000,0.000000,0.000005,0.000004,0.000003,65.290688,266.329498,88.258141,7.987754,11.109932,66.910606,6.389290,6.385181,6.386065,0.010982,0.010548,0.010671,0
37030.477,1545874.625000,5088039.500000,3510449.250000,-47.436546,4.493276,45.746475,0.036445,-0.073658,-0.599352,0.796256,0.007605,0.004655,-0.000555,-0.320703,-2.660781,-1.719233,0.136372,0.132592,0.133314,0.000927,0.000532,0.000648,0.000000,0.000000,0.000000,0.000000,0.000000,0.000000,0.000005,0.000004,0.000003,65.290688,266.329498,88.258141,7.987754,11.109932,66.910606,6.389290,6.385181,6.386065,0.010982,0.010548,0.010671,0
37030.485,1545874.625000,5088039.500000,3510449.000000,-47.495056,4.502642,45.791367,0.036458,-0.073548,-0.599151,0.796417,0.007605,0.004655,-0.000555,-0.320703,-2.660781,-1.719233,0.136430,0.132642,0.133368,0.000929,0.000532,0.000649,0.000000,0.000000,0.000000,0.000000,0.000000,0.000000,0.000005,0.000004,0.000003,65.290688,266.329498,88.258141,7.987754,11.109932,66.910606,6.389290,6.385181,6.386065,0.010982,0.010548,0.010671,0
37030.492,1545874.500000,5088039.000000,3510448.500000,-47.553192,4.511786,45.836369,0.036474,-0.073429,-0.598954,0.796575,0.007605,0.004655,-0.000555,-0.320703,-2.660781,-1.719233,0.136487,0.132691,0.133423,0.000930,0.000533,0.000650,0.000000,0.000000,0.000000,0.000000,0.000000,0.000000,0.000005,0.000004,0.000003,65.290688,266.329498,88.258141,7.987754,11.109932,66.910606,6.389290,6.385181,6.386065,0.010982,0.010548,0.010671,0
37030.499,1545874.500000,5088039.000000,3510448.000000,-47.611290,4.521081,45.881493,0.036466,-0.073305,-0.598754,0.796737,0.007605,0.004655,-0.000555,-0.320703,-2.660781,-1.719233,0.136545,0.132741,0.133478,0.000931,0.000533,0.000650,0.000000,0.000000,0.000000,0.000000,0.000000,0.000000,0.000005,0.000004,0.000003,65.290688,266.329498,88.258141,7.987754,11.109932,66.910606,6.389290,6.385181,6.386065,0.010982,0.010548,0.010671,0
37030.506,1545874.500000,5088039.000000,3510447.500000,-47.669731,4.530301,45.926670,0.036479,-0.073185,-0.598551,0.796901,0.007605,0.004655,-0.000555,-0.320703,-2.660781,-1.719233,0.136603,0.132790,0.133533,0.000932,0.000534,0.000651,0.000000,0.000000,0.000000,0.000000,0.000000,0.000000,0.000005,0.000004,0.000003,65.290688,266.329498,88.258141,7.987754,11.109932,66.910606,6.389290,6.385181,6.386065,0.010982,0.010548,0.010671,0
37030.513,1545874.375000,5088039.000000,3510447.000000,-47.728523,4.539555,45.971569,0.036489,-0.073066,-0.598351,0.797061,0.007605,0.004655,-0.000555,-0.320703,-2.660781,-1.719233,0.136661,0.132840,0.133588,0.000934,0.000534,0.000652,0.000000,0.000000,0.000000,0.000000,0.000000,0.000000,0.000005,0.000004,0.000003,65.290688,266.329498,88.258141,7.987754,11.109932,66.910606,6.389290,6.385181,6.386065,0.010982,0.010548,0.010671,0
37030.521,1545874.375000,5088039.000000,3510446.500000,-47.787258,4.548731,46.016472,0.036500,-0.072950,-0.598146,0.797225,0.007605,0.004655,-0.000555,-0.320703,-2.660781,-1.719233,0.136719,0.132890,0.133643,0.000935,0.000535,0.000653,0.000000,0.000000,0.000000,0.000000,0.000000,0.000000,0.000005,0.000004,0.000003,65.290688,266.329498,88.258141,7.987754,11.109932,66.910606,6.389290,6.385181,6.386065,0.010982,0.010548,0.010671,0
37030.528,1545874.250000,5088039.000000,3510446.000000,-47.844975,4.557613,46.061203,0.036505,-0.072839,-0.597946,0.797385,0.007605,0.004655,-0.000555,-0.320703,-2.660781,-1.719233,0.136776,0.132939,0.133698,0.000936,0.000536,0.000654,0.000000,0.000000,0.000000,0.000000,0.000000,0.000000,0.000005,0.000004,0.000003,65.290688,266.329498,88.258141,7.987754,11.109932,66.910606,6.389290,6.385181,6.386065,0.010982,0.010548,0.010671,0
37030.535,1545874.250000,5088039.000000,3510445.750000,-47.903698,4.566879,46.106354,0.036520,-0.072726,-0.597742,0.797548,0.007605,0.004655,-0.000555,-0.320703,-2.660781,-1.719233,0.136834,0.132989,0.133753,0.000937,0.000536,0.000654,0.000000,0.000000,0.000000,0.000000,0.000000,0.000000,0.000005,0.000004,0.000003,65.290688,266.329498,88.258141,7.987754,11.109932,66.910606,6.389290,6.385181,6.386065,0.010982,0.010548,0.010671,0
37030.542,1545874.125000,5088038.500000,3510445.250000,-47.962299,4.576386,46.151810,0.036528,-0.072600,-0.597541,0.797709,0.007605,0.004655,-0.000555,-0.320703,-2.660781,-1.719233,0.136892,0.133039,0.133808,0.000939,0.000537,0.000655,0.000000,0.000000,0.000000,0.000000,0.000000,0.000000,0.000005,0.000004,0.000003,65.290688,266.329498,88.258141,7.987754,11.109932,66.910606,6.389290,6.385181,6.386065,0.010982,0.010548,0.010671,0
37030.549,1545874.125000,5088038.500000,3510444.750000,-48.020714,4.585364,46.197254,0.036531,-0.072482,-0.597340,0.797870,0.007605,0.004655,-0.000555,-0.320703,-2.660781,-1.719233,0.136951,0.133089,0.133864,0.000940,0.000537,0.000656,0.000000,0.000000,0.000000,0.000000,0.000000,0.000000,0.000005,0.000004,0.000003,65.290688,266.329498,88.258141,7.987754,11.109932,66.910606,6.389290,6.385181,6.386065,0.010982,0.010548,0.010671,0
37030.556,1545874.000000,5088038.500000,3510444.250000,-48.079208,4.594649,46.242733,0.036541,-0.072364,-0.597135,0.798033,0.007605,0.004655,-0.000555,-0.320703,-2.660781,-1.719233,0.137009,0.133139,0.133919,0.000941,0.000538,0.000657,0.000000,0.000000,0.000000,0.000000,0.000000,0.000000,0.000005,0.000004,0.000003,65.290688,266.329498,88.258141,7.987754,11.109932,66.910606,6.389290,6.385181,6.386065,0.010982,0.010548,0.010671,0
37030.564,1545874.000000,5088038.500000,3510443.750000,-48.138851,4.603923,46.289062,0.036543,-0.072239,-0.596935,0.798195,0.007605,0.004655,-0.000555,-0.320703,-2.660781,-1.719233,0.137069,0.133189,0.133975,0.000942,0.000538,0.000657,0.000000,0.000000,0.000000,0.000000,0.000000,0.000000,0.000005,0.000004,0.000003,65.290688,266.329498,88.258141,7.987754,11.109932,66.910606,6.389290,6.385181,6.386065,0.010982,0.010548,0.010671,0
37030.571,1545873.875000,5088038.500000,3510443.250000,-48.197380,4.612949,46.334492,0.036556,-0.072117,-0.596734,0.798355,0.007605,0.004655,-0.000555,-0.320703,-2.660781,-1.719233,0.137128,0.133239,0.134031,0.000943,0.000539,0.000658,0.000000,0.000000,0.000000,0.000000,0.000000,0.000000,0.000005,0.000004,0.000003,65.290688,266.329498,88.258141,7.987754,11.109932,66.910606,6.389290,6.385181,6.386065,0.010982,0.010548,0.010671,0
37030.627,1545873.500000,5088038.000000,3510439.500000,-48.655575,4.684166,46.689293,0.036608,-0.071172,-0.595162,0.799610,0.007605,0.004655,-0.000555,-0.320703,-2.660781,-1.719233,0.137590,0.133633,0.134468,0.000953,0.000543,0.000664,0.000000,0.000000,0.000000,0.000000,0.000000,0.000000,0.000005,0.000004,0.000003,65.290688,266.329498,88.258141,7.987754,11.109932,66.910606,6.389290,6.385181,6.386065,0.010982,0.010548,0.010671,0
37030.634,1545873.375000,5088038.000000,3510439.000000,-48.713650,4.693446,46.734051,0.036615,-0.071052,-0.594960,0.799771,0.007605,0.004655,-0.000555,-0.320703,-2.660781,-1.719233,0.137649,0.133683,0.134524,0.000955,0.000544,0.000665,0.000000,0.000000,0.000000,0.000000,0.000000,0.000000,0.000005,0.000004,0.000003,65.290688,266.329498,88.258141,7.987754,11.109932,66.910606,6.389290,6.385181,6.386065,0.010982,0.010548,0.010671,0
37030.641,1545873.375000,5088037.500000,3510438.500000,-48.771637,4.702812,46.778778,0.036625,-0.070937,-0.594763,0.799927,0.007605,0.004655,-0.000555,-0.320703,-2.660781,-1.719233,0.137708,0.133733,0.134580,0.000956,0.000544,0.000666,0.000000,0.000000,0.000000,0.000000,0.000000,0.000000,0.000005,0.000004,0.000003,65.290688,266.329498,88.258141,7.987754,11.109932,66.910606,6.389290,6.385181,6.386065,0.010982,0.010548,0.010671,0
37030.649,1545873.375000,5088037.500000,3510438.250000,-48.830250,4.712216,46.824539,0.036631,-0.070822,-0.594560,0.800088,0.007605,0.004655,-0.000555,-0.320703,-2.660781,-1.719233,0.137768,0.133784,0.134636,0.000957,0.000545,0.000666,0.000000,0.000000,0.000000,0.000000,0.000000,0.000000,0.000005,0.000004,0.000003,65.290688,266.329498,88.258141,7.987754,11.109932,66.910606,6.389290,6.385181,6.386065,0.010982,0.010548,0.010671,0
37030.656,1545873.250000,5088037.500000,3510437.750000,-48.888916,4.721677,46.870369,0.036636,-0.070706,-0.594357,0.800249,0.007605,0.004655,-0.000555,-0.320703,-2.660781,-1.719233,0.137828,0.133835,0.134693,0.000958,0.000545,0.000667,0.000000,0.000000,0.000000,0.000000,0.000000,0.000000,0.000005,0.000004,0.000003,65.290688,266.329498,88.258141,7.987754,11.109932,66.910606,6.389290,6.385181,6.386065,0.010982,0.010548,0.010671,0
37030.663,1545873.250000,5088037.500000,3510437.250000,-48.947697,4.730938,46.916130,0.036647,-0.070586,-0.594152,0.800411,0.007605,0.004655,-0.000555,-0.320703,-2.660781,-1.719233,0.137888,0.133886,0.134749,0.000960,0.000546,0.000668,0.000000,0.000000,0.000000,0.000000,0.000000,0.000000,0.000005,0.000004,0.000003,65.290688,266.329498,88.258141,7.987754,11.109932,66.910606,6.389290,6.385181,6.386065,0.010982,0.010548,0.010671,0
37030.670,1545873.125000,5088037.500000,3510436.750000,-49.005726,4.739990,46.961624,0.036658,-0.070463,-0.593947,0.800573,0.007605,0.004655,-0.000555,-0.320703,-2.660781,-1.719233,0.137947,0.133936,0.134805,0.000961,0.000546,0.000669,0.000000,0.000000,0.000000,0.000000,0.000000,0.000000,0.000005,0.000004,0.000003,65.290688,266.329498,88.258141,7.987754,11.109932,66.910606,6.389290,6.385181,6.386065,0.010982,0.010548,0.010671,0
37030.677,1545873.125000,5088037.500000,3510436.250000,-49.064301,4.749236,47.007404,0.036668,-0.070346,-0.593744,0.800734,0.007605,0.004655,-0.000555,-0.320703,-2.660781,-1.719233,0.138008,0.133987,0.134862,0.000962,0.000547,0.000670,0.000000,0.000000,0.000000,0.000000,0.000000,0.000000,0.000005,0.000004,0.000003,65.290688,266.329498,88.258141,7.987754,11.109932,66.910606,6.389290,6.385181,6.386065,0.010982,0.010548,0.010671,0
37030.685,1545873.000000,5088037.500000,3510435.750000,-49.123055,4.758428,47.053406,0.036674,-0.070229,-0.593542,0.800894,0.007605,0.004655,-0.000555,-0.320703,-2.660781,-1.719233,0.138068,0.134038,0.134919,0.000963,0.000547,0.000670,0.000000,0.000000,0.000000,0.000000,0.000000,0.000000,0.000005,0.000004,0.000003,65.290688,266.329498,88.258141,7.987754,11.109932,66.910606,6.389290,6.385181,6.386065,0.010982,0.010548,0.010671,0
37030.692,1545873.000000,5088037.000000,3510435.250000,-49.181805,4.767989,47.099686,0.036687,-0.070116,-0.593340,0.801053,0.007605,0.004655,-0.000555,-0.320703,-2.660781,-1.719233,0.138129,0.134090,0.134976,0.000965,0.000548,0.000671,0.000000,0.000000,0.000000,0.000000,0.000000,0.000000,0.000005,0.000004,0.000003,65.290688,266.329498,88.258141,7.987754,11.109932,66.910606,6.389290,6.385181,6.386065,0.010982,0.010548,0.010671,0
37030.699,1545872.875000,5088037.000000,3510434.750000,-49.240685,4.777387,47.145374,0.036692,-0.069997,-0.593137,0.801213,0.007605,0.004655,-0.000555,-0.320703,-2.660781,-1.719233,0.138189,0.134141,0.135033,0.000966,0.000548,0.000672,0.000000,0.000000,0.000000,0.000000,0.000000,0.000000,0.000005,0.000004,0.000003,65.290688,266.329498,88.258141,7.987754,11.109932,66.910606,6.389290,6.385181,6.386065,0.010982,0.010548,0.010671,0
37030.706,1545872.875000,5088037.000000,3510434.250000,-49.299267,4.786515,47.191452,0.036698,-0.069879,-0.592933,0.801374,0.007605,0.004655,-0.000555,-0.320703,-2.660781,-1.719233,0.138250,0.134192,0.135091,0.000967,0.000549,0.000673,0.000000,0.000000,0.000000,0.000000,0.000000,0.000000,0.000005,0.000004,0.000003,65.290688,266.329498,88.258141,7.987754,11.109932,66.910606,6.389290,6.385181,6.386065,0.010982,0.010548,0.010671,0
37030.713,1545872.750000,5088037.000000,3510433.750000,-49.357414,4.795796,47.236801,0.036700,-0.069760,-0.592731,0.801534,0.007605,0.004655,-0.000555,-0.320703,-2.660781,-1.719233,0.138310,0.134243,0.135147,0.000968,0.000549,0.000673,0.000000,0.000000,0.000000,0.000000,0.000000,0.000000,0.000005,0.000004,0.000003,65.290688,266.329498,88.258141,7.987754,11.109932,66.910606,6.389290,6.385181,6.386065,0.010982,0.010548,0.010671,0
37030.720,1545872.750000,5088037.000000,3510433.250000,-49.416328,4.805236,47.282913,0.036708,-0.069644,-0.592528,0.801694,0.007605,0.004655,-0.000555,-0.320703,-2.660781,-1.719233,0.138371,0.134294,0.135204,0.000970,0.000550,0.000674,0.000000,0.000000,0.000000,0.000000,0.000000,0.000000,0.000005,0.000004,0.000003,65.290688,266.329498,88.258141,7.987754,11.109932,66.910606,6.389290,6.385181,6.386065,0.010982,0.010548,0.010671,0
37030.728,1545872.625000,5088037.000000,3510432.750000,-49.475018,4.814713,47.329048,0.036715,-0.069521,-0.592327,0.801853,0.007605,0.004655,-0.000555,-0.320703,-2.660781,-1.719233,0.138432,0.134346,0.135262,0.000971,0.000551,0.000675,0.000000,0.000000,0.000000,0.000000,0.000000,0.000000,0.000005,0.000004,0.000003,65.290688,266.329498,88.258141,7.987754,11.109932,66.910606,6.389290,6.385181,6.386065,0.010982,0.010548,0.010671,0
37030.735,1545872.625000,5088037.000000,3510432.250000,-49.533993,4.824116,47.374821,0.036721,-0.069396,-0.592120,0.802016,0.007605,0.004655,-0.000555,-0.320703,-2.660781,-1.719233,0.138494,0.134398,0.135319,0.000972,0.000551,0.000676,0.000000,0.000000,0.000000,0.000000,0.000000,0.000000,0.000005,0.000004,0.000003,65.290688,266.329498,88.258141,7.987754,11.109932,66.910606,6.389290,6.385181,6.386065,0.010982,0.010548,0.010671,0
37030.742,1545872.625000,5088036.500000,3510431.750000,-49.591877,4.833687,47.420380,0.036735,-0.069276,-0.591911,0.802180,0.007605,0.004655,-0.000555,-0.320703,-2.660781,-1.719233,0.138554,0.134449,0.135376,0.000973,0.000552,0.000677,0.000000,0.000000,0.000000,0.000000,0.000000,0.000000,0.000005,0.000004,0.000003,65.290688,266.329498,88.258141,7.987754,11.109932,66.910606,6.389290,6.385181,6.386065,0.010982,0.010548,0.010671,0
37030.749,1545872.500000,5088036.500000,3510431.500000,-49.650688,4.842869,47.466572,0.036736,-0.069157,-0.591709,0.802339,0.007605,0.004655,-0.000555,-0.320703,-2.660781,-1.719233,0.138616,0.134500,0.135434,0.000975,0.000552,0.000677,0.000000,0.000000,0.000000,0.000000,0.000000,0.000000,0.000005,0.000004,0.000003,65.290688,266.329498,88.258141,7.987754,11.109932,66.910606,6.389290,6.385181,6.386065,0.010982,0.010548,0.010671,0
37030.756,1545872.500000,5088036.500000,3510431.000000,-49.709743,4.852489,47.512890,0.036749,-0.069029,-0.591510,0.802496,0.007605,0.004655,-0.000555,-0.320703,-2.660781,-1.719233,0.138677,0.134552,0.135491,0.000976,0.000553,0.000678,0.000000,0.000000,0.000000,0.000000,0.000000,0.000000,0.000005,0.000004,0.000003,65.290688,266.329498,88.258141,7.987754,11.109932,66.910606,6.389290,6.385181,6.386065,0.010982,0.010548,0.010671,0
37030.763,1545872.375000,5088036.500000,3510430.500000,-49.767673,4.862027,47.558605,0.036749,-0.068916,-0.591306,0.802656,0.007605,0.004655,-0.000555,-0.320703,-2.660781,-1.719233,0.138738,0.134603,0.135548,0.000977,0.000553,0.000679,0.000000,0.000000,0.000000,0.000000,0.000000,0.000000,0.000005,0.000004,0.000003,65.290688,266.329498,88.258141,7.987754,11.109932,66.910606,6.389290,6.385181,6.386065,0.010982,0.010548,0.010671,0
37030.771,1545872.375000,5088036.500000,3510430.000000,-49.826889,4.871724,47.604973,0.036750,-0.068803,-0.591104,0.802815,0.007605,0.004655,-0.000555,-0.320703,-2.660781,-1.719233,0.138800,0.134655,0.135606,0.000979,0.000554,0.000680,0.000000,0.000000,0.000000,0.000000,0.000000,0.000000,0.000005,0.000004,0.000003,65.290688,266.329498,88.258141,7.987754,11.109932,66.910606,6.389290,6.385181,6.386065,0.010982,0.010548,0.010671,0
37030.778,1545872.250000,5088036.500000,3510429.500000,-49.885624,4.881071,47.651443,0.036755,-0.068686,-0.590903,0.802972,0.007605,0.004655,-0.000555,-0.320703,-2.660781,-1.719233,0.138862,0.134707,0.135664,0.000980,0.000554,0.000680,0.000000,0.000000,0.000000,0.000000,0.000000,0.000000,0.000005,0.000004,0.000003,65.290688,266.329498,88.258141,7.987754,11.109932,66.910606,6.389290,6.385181,6.386065,0.010982,0.010548,0.010671,0
37030.785,1545872.250000,5088036.500000,3510429.000000,-49.943352,4.890337,47.697430,0.036762,-0.068566,-0.590700,0.803132,0.007605,0.004655,-0.000555,-0.320703,-2.660781,-1.719233,0.138923,0.134758,0.135722,0.000981,0.000555,0.000681,0.000000,0.000000,0.000000,0.000000,0.000000,0.000000,0.000005,0.000004,0.000003,65.290688,266.329498,88.258141,7.987754,11.109932,66.910606,6.389290,6.385181,6.386065,0.010982,0.010548,0.010671,0
37030.792,1545872.125000,5088036.000000,3510428.500000,-50.002113,4.899841,47.743866,0.036770,-0.068453,-0.590504,0.803285,0.007605,0.004655,-0.000555,-0.320703,-2.660781,-1.719233,0.138985,0.134811,0.135780,0.000982,0.000556,0.000682,0.000000,0.000000,0.000000,0.000000,0.000000,0.000000,0.000005,0.000004,0.000003,65.290688,266.329498,88.258141,7.987754,11.109932,66.910606,6.389290,6.385181,6.386065,0.010982,0.010548,0.010671,0
37030.799,1545872.125000,5088036.000000,3510428.000000,-50.060204,4.909405,47.789749,0.036776,-0.068341,-0.590304,0.803442,0.007605,0.004655,-0.000555,-0.320703,-2.660781,-1.719233,0.139047,0.134862,0.135837,0.000984,0.000556,0.000683,0.000000,0.000000,0.000000,0.000000,0.000000,0.000000,0.000005,0.000004,0.000003,65.290688,266.329498,88.258141,7.987754,11.109932,66.910606,6.389290,6.385181,6.386065,0.010982,0.010548,0.010671,0
37030.806,1545872.000000,5088036.000000,3510427.500000,-50.118996,4.918705,47.836208,0.036782,-0.068218,-0.590109,0.803595,0.007605,0.004655,-0.000555,-0.320703,-2.660781,-1.719233,0.139109,0.134914,0.135896,0.000985,0.000557,0.000684,0.000000,0.000000,0.000000,0.000000,0.000000,0.000000,0.000005,0.000004,0.000003,65.290688,266.329498,88.258141,7.987754,11.109932,66.910606,6.389290,6.385181,6.386065,0.010982,0.010548,0.010671,0
37030.814,1545872.000000,5088036.000000,3510427.000000,-50.178089,4.928307,47.882782,0.036793,-0.068100,-0.589915,0.803747,0.007605,0.004655,-0.000555,-0.320703,-2.660781,-1.719233,0.139172,0.134967,0.135954,0.000986,0.000557,0.000684,0.000000,0.000000,0.000000,0.000000,0.000000,0.000000,0.000005,0.000004,0.000003,65.290688,266.329498,88.258141,7.987754,11.109932,66.910606,6.389290,6.385181,6.386065,0.010982,0.010548,0.010671,0
37030.821,1545871.875000,5088036.000000,3510426.500000,-50.236313,4.937881,47.928661,0.036801,-0.067983,-0.589719,0.803900,0.007605,0.004655,-0.000555,-0.320703,-2.660781,-1.719233,0.139233,0.135018,0.136012,0.000988,0.000558,0.000685,0.000000,0.000000,0.000000,0.000000,0.000000,0.000000,0.000005,0.000004,0.000003,65.290688,266.329498,88.258141,7.987754,11.109932,66.910606,6.389290,6.385181,6.386065,0.010982,0.010548,0.010671,0
37030.828,1545871.875000,5088036.000000,3510426.000000,-50.294945,4.947327,47.975407,0.036816,-0.067855,-0.589520,0.804056,0.007605,0.004655,-0.000555,-0.320703,-2.660781,-1.719233,0.139296,0.135071,0.136070,0.000989,0.000558,0.000686,0.000000,0.000000,0.000000,0.000000,0.000000,0.000000,0.000005,0.000004,0.000003,65.290688,266.329498,88.258141,7.987754,11.109932,66.910606,6.389290,6.385181,6.386065,0.010982,0.010548,0.010671,0
37030.835,1545871.750000,5088036.000000,3510425.500000,-50.353619,4.956649,48.022476,0.036823,-0.067729,-0.589320,0.804213,0.007605,0.004655,-0.000555,-0.320703,-2.660781,-1.719233,0.139359,0.135123,0.136129,0.000990,0.000559,0.000687,0.000000,0.000000,0.000000,0.000000,0.000000,0.000000,0.000005,0.000004,0.000003,65.290688,266.329498,88.258141,7.987754,11.109932,66.910606,6.389290,6.385181,6.386065,0.010982,0.010548,0.010671,0
37030.842,1545871.750000,5088035.500000,3510425.000000,-50.412014,4.966252,48.068672,0.036835,-0.067610,-0.589118,0.804370,0.007605,0.004655,-0.000555,-0.320703,-2.660781,-1.719233,0.139421,0.135175,0.136187,0.000991,0.000559,0.000688,0.000000,0.000000,0.000000,0.000000,0.000000,0.000000,0.000005,0.000004,0.000003,65.290688,266.329498,88.258141,7.987754,11.109932,66.910606,6.389290,6.385181,6.386065,0.010982,0.010548,0.010671,0
37030.849,1545871.625000,5088035.500000,3510424.500000,-50.470821,4.975862,48.115780,0.036846,-0.067484,-0.588915,0.804529,0.007605,0.004655,-0.000555,-0.320703,-2.660781,-1.719233,0.139484,0.135228,0.136246,0.000993,0.000560,0.000688,0.000000,0.000000,0.000000,0.000000,0.000000,0.000000,0.000005,0.000004,0.000003,65.290688,266.329498,88.258141,7.987754,11.109932,66.910606,6.389290,6.385181,6.386065,0.010982,0.010548,0.010671,0
37030.857,1545871.625000,5088035.500000,3510424.000000,-50.529732,4.985425,48.162739,0.036850,-0.067365,-0.588705,0.804693,0.007605,0.004655,-0.000555,-0.320703,-2.660781,-1.719233,0.139547,0.135280,0.136305,0.000994,0.000561,0.000689,0.000000,0.000000,0.000000,0.000000,0.000000,0.000000,0.000005,0.000004,0.000003,65.290688,266.329498,88.258141,7.987754,11.109932,66.910606,6.389290,6.385181,6.386065,0.010982,0.010548,0.010671,0
37030.864,1545871.625000,5088035.500000,3510423.500000,-50.588787,4.994845,48.209309,0.036859,-0.067237,-0.588495,0.804857,0.007605,0.004655,-0.000555,-0.320703,-2.660781,-1.719233,0.139610,0.135333,0.136364,0.000995,0.000561,0.000690,0.000000,0.000000,0.000000,0.000000,0.000000,0.000000,0.000005,0.000004,0.000003,65.290688,266.329498,88.258141,7.987754,11.109932,66.910606,6.389290,6.385181,6.386065,0.010982,0.010548,0.010671,0
37030.871,1545871.500000,5088035.500000,3510423.000000,-50.646988,5.004175,48.255798,0.036860,-0.067120,-0.588287,0.805018,0.007605,0.004655,-0.000555,-0.320703,-2.660781,-1.719233,0.139673,0.135385,0.136422,0.000997,0.000562,0.000691,0.000000,0.000000,0.000000,0.000000,0.000000,0.000000,0.000005,0.000004,0.000003,65.290688,266.329498,88.258141,7.987754,11.109932,66.910606,6.389290,6.385181,6.386065,0.010982,0.010548,0.010671,0
37030.878,1545871.500000,5088035.500000,3510422.500000,-50.706234,5.013727,48.302311,0.036868,-0.066998,-0.588081,0.805179,0.007605,0.004655,-0.000555,-0.320703,-2.660781,-1.719233,0.139737,0.135438,0.136481,0.000998,0.000562,0.000691,0.000000,0.000000,0.000000,0.000000,0.000000,0.000000,0.000005,0.000004,0.000003,65.290688,266.329498,88.258141,7.987754,11.109932,66.910606,6.389290,6.385181,6.386065,0.010982,0.010548,0.010671,0
37030.885,1545871.375000,5088035.500000,3510422.000000,-50.764656,5.023180,48.348473,0.036873,-0.066876,-0.587880,0.805336,0.007605,0.004655,-0.000555,-0.320703,-2.660781,-1.719233,0.139799,0.135490,0.136539,0.000999,0.000563,0.000692,0.000000,0.000000,0.000000,0.000000,0.000000,0.000000,0.000005,0.000004,0.000003,65.290688,266.329498,88.258141,7.987754,11.109932,66.910606,6.389290,6.385181,6.386065,0.010982,0.010548,0.010671,0
37030.892,1545871.375000,5088035.000000,3510421.500000,-50.823978,5.033010,48.395401,0.036880,-0.066761,-0.587676,0.805493,0.007605,0.004655,-0.000555,-0.320703,-2.660781,-1.719233,0.139863,0.135543,0.136599,0.001001,0.000563,0.000693,0.000000,0.000000,0.000000,0.000000,0.000000,0.000000,0.000005,0.000004,0.000003,65.290688,266.329498,88.258141,7.987754,11.109932,66.910606,6.389290,6.385181,6.386065,0.010982,0.010548,0.010671,0
37030.900,1545871.250000,5088035.000000,3510421.000000,-50.883308,5.042455,48.442207,0.036875,-0.066641,-0.587476,0.805650,0.007605,0.004655,-0.000555,-0.320703,-2.660781,-1.719233,0.139927,0.135596,0.136658,0.001002,0.000564,0.000694,0.000000,0.000000,0.000000,0.000000,0.000000,0.000000,0.000005,0.000004,0.000003,65.290688,266.329498,88.258141,7.987754,11.109932,66.910606,6.389290,6.385181,6.386065,0.010982,0.010548,0.010671,0
37030.907,1545871.250000,5088035.000000,3510420.500000,-50.942154,5.052184,48.489182,0.036880,-0.066524,-0.587277,0.805804,0.007605,0.004655,-0.000555,-0.320703,-2.660781,-1.719233,0.139991,0.135649,0.136718,0.001003,0.000564,0.000695,0.000000,0.000000,0.000000,0.000000,0.000000,0.000000,0.000005,0.000004,0.000003,65.290688,266.329498,88.258141,7.987754,11.109932,66.910606,6.389290,6.385181,6.386065,0.010982,0.010548,0.010671,0
37030.914,1545871.125000,5088035.000000,3510420.000000,-51.000511,5.061707,48.535458,0.036887,-0.066409,-0.587080,0.805957,0.007605,0.004655,-0.000555,-0.320703,-2.660781,-1.719233,0.140054,0.135702,0.136776,0.001005,0.000565,0.000695,0.000000,0.000000,0.000000,0.000000,0.000000,0.000000,0.000005,0.000004,0.000003,65.290688,266.329498,88.258141,7.987754,11.109932,66.910606,6.389290,6.385181,6.386065,0.010982,0.010548,0.010671,0
37030.921,1545871.125000,5088035.000000,3510419.500000,-51.059406,5.071200,48.582756,0.036891,-0.066291,-0.586882,0.806111,0.007605,0.004655,-0.000555,-0.320703,-2.660781,-1.719233,0.140118,0.135755,0.136836,0.001006,0.000566,0.000696,0.000000,0.000000,0.000000,0.000000,0.000000,0.000000,0.000005,0.000004,0.000003,65.290688,266.329498,88.258141,7.987754,11.109932,66.910606,6.389290,6.385181,6.386065,0.010982,0.010548,0.010671,0
37030.928,1545871.000000,5088035.000000,3510419.000000,-51.118591,5.080855,48.629860,0.036902,-0.066170,-0.586682,0.806266,0.007605,0.004655,-0.000555,-0.320703,-2.660781,-1.719233,0.140183,0.135809,0.136896,0.001007,0.000566,0.000697,0.000000,0.000000,0.000000,0.000000,0.000000,0.000000,0.000005,0.000004,0.000003,65.290688,266.329498,88.258141,7.987754,11.109932,66.910606,6.389290,6.385181,6.386065,0.010982,0.010548,0.010671,0
37030.935,1545871.000000,5088034.500000,3510418.500000,-51.176876,5.090329,48.676243,0.036901,-0.066052,-0.586483,0.806420,0.007605,0.004655,-0.000555,-0.320703,-2.660781,-1.719233,0.140246,0.135861,0.136955,0.001008,0.000567,0.000698,0.000000,0.000000,0.000000,0.000000,0.000000,0.000000,0.000005,0.000004,0.000003,65.290688,266.329498,88.258141,7.987754,11.109932,66.910606,6.389290,6.385181,6.386065,0.010982,0.010548,0.010671,0
37030.943,1545870.875000,5088034.500000,3510418.000000,-51.235874,5.100100,48.723728,0.036892,-0.065939,-0.586276,0.806580,0.007605,0.004655,-0.000555,-0.320703,-2.660781,-1.719233,0.140311,0.135915,0.137015,0.001010,0.000567,0.000699,0.000000,0.000000,0.000000,0.000000,0.000000,0.000000,0.000005,0.000004,0.000003,65.290688,266.329498,88.258141,7.987754,11.109932,66.910606,6.389290,6.385181,6.386065,0.010982,0.010548,0.010671,0
37030.950,1545870.875000,5088034.500000,3510417.500000,-51.294979,5.110039,48.770828,0.036900,-0.065821,-0.586072,0.806738,0.007605,0.004655,-0.000555,-0.320703,-2.660781,-1.719233,0.140376,0.135968,0.137075,0.001011,0.000568,0.000699,0.000000,0.000000,0.000000,0.000000,0.000000,0.000000,0.000005,0.000004,0.000003,65.290688,266.329498,88.258141,7.987754,11.109932,66.910606,6.389290,6.385181,6.386065,0.010982,0.010548,0.010671,0
37030.957,1545870.750000,5088034.500000,3510417.000000,-51.353054,5.119246,48.817661,0.036904,-0.065697,-0.585869,0.806895,0.007605,0.004655,-0.000555,-0.320703,-2.660781,-1.719233,0.140439,0.136021,0.137134,0.001012,0.000568,0.000700,0.000000,0.000000,0.000000,0.000000,0.000000,0.000000,0.000005,0.000004,0.000003,65.290688,266.329498,88.258141,7.987754,11.109932,66.910606,6.389290,6.385181,6.386065,0.010982,0.010548,0.010671,0
37030.964,1545870.750000,5088034.500000,3510416.500000,-51.412411,5.128778,48.864807,0.036923,-0.065581,-0.585660,0.807055,0.007605,0.004655,-0.000555,-0.320703,-2.660781,-1.719233,0.140504,0.136075,0.137194,0.001014,0.000569,0.000701,0.000000,0.000000,0.000000,0.000000,0.000000,0.000000,0.000005,0.000004,0.000003,65.290688,266.329498,88.258141,7.987754,11.109932,66.910606,6.389290,6.385181,6.386065,0.010982,0.010548,0.010671,0
37030.971,1545870.625000,5088034.500000,3510416.000000,-51.471535,5.138736,48.912144,0.036929,-0.065467,-0.585457,0.807211,0.007605,0.004655,-0.000555,-0.320703,-2.660781,-1.719233,0.140569,0.136129,0.137255,0.001015,0.000570,0.000702,0.000000,0.000000,0.000000,0.000000,0.000000,0.000000,0.000005,0.000004,0.000003,65.290688,266.329498,88.258141,7.987754,11.109932,66.910606,6.389290,6.385181,6.386065,0.010982,0.010548,0.010671,0
37030.978,1545870.625000,5088034.500000,3510415.500000,-51.529953,5.148316,48.958920,0.036939,-0.065352,-0.585251,0.807370,0.007605,0.004655,-0.000555,-0.320703,-2.660781,-1.719233,0.140634,0.136182,0.137314,0.001016,0.000570,0.000703,0.000000,0.000000,0.000000,0.000000,0.000000,0.000000,0.000005,0.000004,0.000003,65.290688,266.329498,88.258141,7.987754,11.109932,66.910606,6.389290,6.385181,6.386065,0.010982,0.010548,0.010671,0
37030.986,1545870.500000,5088034.000000,3510415.000000,-51.589260,5.157970,49.006088,0.036941,-0.065236,-0.585044,0.807529,0.007605,0.004655,-0.000555,-0.320703,-2.660781,-1.719233,0.140699,0.136236,0.137374,0.001018,0.000571,0.000703,0.000000,0.000000,0.000000,0.000000,0.000000,0.000000,0.000005,0.000004,0.000003,65.290688,266.329498,88.258141,7.987754,11.109932,66.910606,6.389290,6.385181,6.386065,0.010982,0.010548,0.010671,0
37030.993,1545870.500000,5088034.000000,3510414.500000,-51.647652,5.167703,49.053032,0.036952,-0.065125,-0.584841,0.807685,0.007605,0.004655,-0.000555,-0.320703,-2.660781,-1.719233,0.140764,0.136289,0.137434,0.001019,0.000571,0.000704,0.000000,0.000000,0.000000,0.000000,0.000000,0.000000,0.000005,0.000004,0.000003,65.290688,266.329498,88.258141,7.987754,11.109932,66.910606,6.389290,6.385181,6.386065,0.010982,0.010548,0.010671,0
37031.000,1545870.375000,5088034.000000,3510414.000000,-51.706612,5.177722,49.100288,0.036964,-0.065012,-0.584633,0.807844,0.007605,0.004655,-0.000555,-0.320703,-2.660781,-1.719233,0.140829,0.136343,0.137495,0.001020,0.000572,0.000705,0.000000,0.000000,0.000000,0.000000,0.000000,0.000000,0.000005,0.000004,0.000003,65.290688,266.329498,88.258141,7.987754,11.109932,66.910606,6.389290,6.385181,6.386065,0.010982,0.010548,0.010671,0
37031.007,1545870.375000,5088034.000000,3510413.500000,-51.765717,5.187615,49.147575,0.036969,-0.064898,-0.584427,0.808002,0.007605,0.004655,-0.000555,-0.320703,-2.660781,-1.719233,0.140895,0.136397,0.137555,0.001022,0.000572,0.000706,0.000000,0.000000,0.000000,0.000000,0.000000,0.000000,0.000005,0.000004,0.000003,65.290688,266.329498,88.258141,7.987754,11.109932,66.910606,6.389290,6.385181,6.386065,0.010982,0.010548,0.010671,0
37031.014,1545870.250000,5088034.000000,3510413.000000,-51.824108,5.197389,49.194206,0.036982,-0.064781,-0.584226,0.808156,0.007605,0.004655,-0.000555,-0.320703,-2.660781,-1.719233,0.140960,0.136450,0.137615,0.001023,0.000573,0.000707,0.000000,0.000000,0.000000,0.000000,0.000000,0.000000,0.000005,0.000004,0.000003,65.290688,266.329498,88.258141,7.987754,11.109932,66.910606,6.389290,6.385181,6.386065,0.010982,0.010548,0.010671,0
37031.021,1545870.250000,5088034.000000,3510412.500000,-51.883610,5.207480,49.241280,0.036991,-0.064675,-0.584021,0.808312,0.007605,0.004655,-0.000555,-0.320703,-2.660781,-1.719233,0.141025,0.136505,0.137676,0.001024,0.000574,0.000707,0.000000,0.000000,0.000000,0.000000,0.000000,0.000000,0.000005,0.000004,0.000003,65.290688,266.329498,88.258141,7.987754,11.109932,66.910606,6.389290,6.385181,6.386065,0.010982,0.010548,0.010671,0
37031.029,1545870.125000,5088034.000000,3510412.000000,-51.943165,5.217170,49.288750,0.036992,-0.064563,-0.583818,0.808468,0.007605,0.004655,-0.000555,-0.320703,-2.660781,-1.719233,0.141091,0.136559,0.137737,0.001026,0.000574,0.000708,0.000000,0.000000,0.000000,0.000000,0.000000,0.000000,0.000005,0.000004,0.000003,65.290688,266.329498,88.258141,7.987754,11.109932,66.910606,6.389290,6.385181,6.386065,0.010982,0.010548,0.010671,0
37031.036,1545870.125000,5088033.500000,3510411.500000,-52.002487,5.226867,49.336117,0.036993,-0.064442,-0.583615,0.808623,0.007605,0.004655,-0.000555,-0.320703,-2.660781,-1.719233,0.141158,0.136613,0.137798,0.001027,0.000575,0.000709,0.000000,0.000000,0.000000,0.000000,0.000000,0.000000,0.000005,0.000004,0.000003,65.290688,266.329498,88.258141,7.987754,11.109932,66.910606,6.389290,6.385181,6.386065,0.010982,0.010548,0.010671,0
37031.043,1545870.000000,5088033.500000,3510411.000000,-52.061954,5.236746,49.383545,0.037002,-0.064329,-0.583406,0.808783,0.007605,0.004655,-0.000555,-0.320703,-2.660781,-1.719233,0.141224,0.136668,0.137859,0.001028,0.000575,0.000710,0.000000,0.000000,0.000000,0.000000,0.000000,0.000000,0.000005,0.000004,0.000003,65.290688,266.329498,88.258141,7.987754,11.109932,66.910606,6.389290,6.385181,6.386065,0.010982,0.010548,0.010671,0
37031.106,1545869.500000,5088033.000000,3510406.500000,-52.583557,5.323345,49.802841,0.037053,-0.063281,-0.581620,0.810148,0.007605,0.004655,-0.000555,-0.320703,-2.660781,-1.719233,0.141810,0.137148,0.138400,0.001040,0.000580,0.000717,0.000000,0.000000,0.000000,0.000000,0.000000,0.000000,0.000005,0.000004,0.000003,65.290688,266.329498,88.258141,7.987754,11.109932,66.910606,6.389290,6.385181,6.386065,0.010982,0.010548,0.010671,0
37031.113,1545869.500000,5088033.000000,3510406.000000,-52.642113,5.332931,49.850082,0.037057,-0.063164,-0.581412,0.810307,0.007605,0.004655,-0.000555,-0.320703,-2.660781,-1.719233,0.141877,0.137203,0.138461,0.001042,0.000581,0.000718,0.000000,0.000000,0.000000,0.000000,0.000000,0.000000,0.000005,0.000004,0.000003,65.290688,266.329498,88.258141,7.987754,11.109932,66.910606,6.389290,6.385181,6.386065,0.010982,0.010548,0.010671,0
37031.120,1545869.375000,5088033.000000,3510405.500000,-52.701557,5.342995,49.897926,0.037069,-0.063047,-0.581204,0.810465,0.007605,0.004655,-0.000555,-0.320703,-2.660781,-1.719233,0.141945,0.137258,0.138523,0.001043,0.000582,0.000719,0.000000,0.000000,0.000000,0.000000,0.000000,0.000000,0.000005,0.000004,0.000003,65.290688,266.329498,88.258141,7.987754,11.109932,66.910606,6.389290,6.385181,6.386065,0.010982,0.010548,0.010671,0
37031.128,1545869.375000,5088033.000000,3510405.000000,-52.760811,5.353014,49.945972,0.037080,-0.062923,-0.580996,0.810623,0.007605,0.004655,-0.000555,-0.320703,-2.660781,-1.719233,0.142012,0.137313,0.138585,0.001044,0.000582,0.000719,0.000000,0.000000,0.000000,0.000000,0.000000,0.000000,0.000005,0.000004,0.000003,65.290688,266.329498,88.258141,7.987754,11.109932,66.910606,6.389290,6.385181,6.386065,0.010982,0.010548,0.010671,0
37031.135,1545869.250000,5088032.500000,3510404.500000,-52.819607,5.362788,49.993229,0.037086,-0.062805,-0.580787,0.810782,0.007605,0.004655,-0.000555,-0.320703,-2.660781,-1.719233,0.142079,0.137368,0.138646,0.001046,0.000583,0.000720,0.000000,0.000000,0.000000,0.000000,0.000000,0.000000,0.000005,0.000004,0.000003,65.290688,266.329498,88.258141,7.987754,11.109932,66.910606,6.389290,6.385181,6.386065,0.010982,0.010548,0.010671,0
37031.142,1545869.250000,5088032.500000,3510404.000000,-52.879486,5.372878,50.040848,0.037101,-0.062683,-0.580579,0.810939,0.007605,0.004655,-0.000555,-0.320703,-2.660781,-1.719233,0.142147,0.137423,0.138709,0.001047,0.000583,0.000721,0.000000,0.000000,0.000000,0.000000,0.000000,0.000000,0.000005,0.000004,0.000003,65.290688,266.329498,88.258141,7.987754,11.109932,66.910606,6.389290,6.385181,6.386065,0.010982,0.010548,0.010671,0
37031.149,1545869.125000,5088032.500000,3510403.500000,-52.939682,5.383068,50.089649,0.037110,-0.062562,-0.580366,0.811100,0.007605,0.004655,-0.000555,-0.320703,-2.660781,-1.719233,0.142216,0.137479,0.138772,0.001048,0.000584,0.000722,0.000000,0.000000,0.000000,0.000000,0.000000,0.000000,0.000005,0.000004,0.000003,65.290688,266.329498,88.258141,7.987754,11.109932,66.910606,6.389290,6.385181,6.386065,0.010982,0.010548,0.010671,0
37031.172,1545873.125000,5088037.500000,3510434.000000,-49.788639,5.174952,46.325058,0.045400,-0.064963,-0.594603,0.800103,0.008275,0.004189,-0.000561,-0.340831,-2.570485,-1.716539,0.137301,0.133301,0.134193,0.000949,0.000549,0.000672,0.000000,0.000000,0.000000,0.000000,0.000000,0.000000,0.000005,0.000004,0.000003,68.911674,270.131012,120.887894,8.759094,10.312057,71.818390,6.392216,6.387479,6.388772,0.011048,0.010584,0.010722,0
37031.179,1545873.125000,5088037.500000,3510433.500000,-49.846272,5.184909,46.369778,0.045404,-0.064843,-0.594405,0.800261,0.008275,0.004189,-0.000561,-0.340831,-2.570485,-1.716539,0.137361,0.133351,0.134249,0.000950,0.000550,0.000673,0.000000,0.000000,0.000000,0.000000,0.000000,0.000000,0.000005,0.000004,0.000003,68.911674,270.131012,120.887894,8.759094,10.312057,71.818390,6.392216,6.387479,6.388772,0.011048,0.010584,0.010722,0
37031.186,1545873.000000,5088037.500000,3510433.000000,-49.905106,5.195107,46.415882,0.045415,-0.064723,-0.594203,0.800419,0.008275,0.004189,-0.000561,-0.340831,-2.570485,-1.716539,0.137422,0.133404,0.134307,0.000951,0.000550,0.000674,0.000000,0.000000,0.000000,0.000000,0.000000,0.000000,0.000005,0.000004,0.000003,68.911674,270.131012,120.887894,8.759094,10.312057,71.818390,6.392216,6.387479,6.388772,0.011048,0.010584,0.010722,0
37031.193,1545873.000000,5088037.500000,3510432.500000,-49.963436,5.204977,46.461620,0.045424,-0.064603,-0.594002,0.800578,0.008275,0.004189,-0.000561,-0.340831,-2.570485,-1.716539,0.137483,0.133456,0.134364,0.000952,0.000551,0.000675,0.000000,0.000000,0.000000,0.000000,0.000000,0.000000,0.000005,0.000004,0.000003,68.911674,270.131012,120.887894,8.759094,10.312057,71.818390,6.392216,6.387479,6.388772,0.011048,0.010584,0.010722,0
37031.200,1545872.875000,5088037.500000,3510432.000000,-50.020981,5.214598,46.506531,0.045434,-0.064486,-0.593804,0.800734,0.008275,0.004189,-0.000561,-0.340831,-2.570485,-1.716539,0.137543,0.133507,0.134421,0.000954,0.000551,0.000675,0.000000,0.000000,0.000000,0.000000,0.000000,0.000000,0.000005,0.000004,0.000003,68.911674,270.131012,120.887894,8.759094,10.312057,71.818390,6.392216,6.387479,6.388772,0.011048,0.010584,0.010722,0
37031.207,1545872.875000,5088037.000000,3510431.500000,-50.079586,5.224378,46.551723,0.045443,-0.064368,-0.593607,0.800889,0.008275,0.004189,-0.000561,-0.340831,-2.570485,-1.716539,0.137605,0.133558,0.134479,0.000955,0.000552,0.000676,0.000000,0.000000,0.000000,0.000000,0.000000,0.000000,0.000005,0.000004,0.000003,68.911674,270.131012,120.887894,8.759094,10.312057,71.818390,6.392216,6.387479,6.388772,0.011048,0.010584,0.010722,0
37031.215,1545872.750000,5088037.000000,3510431.000000,-50.139893,5.234347,46.598473,0.045456,-0.064247,-0.593390,0.801058,0.008275,0.004189,-0.000561,-0.340831,-2.570485,-1.716539,0.137668,0.133612,0.134538,0.000956,0.000552,0.000677,0.000000,0.000000,0.000000,0.000000,0.000000,0.000000,0.000005,0.000004,0.000003,68.911674,270.131012,120.887894,8.759094,10.312057,71.818390,6.392216,6.387479,6.388772,0.011048,0.010584,0.010722,0
37031.222,1545872.750000,5088037.000000,3510430.500000,-50.197765,5.244010,46.643223,0.045455,-0.064128,-0.593197,0.801211,0.008275,0.004189,-0.000561,-0.340831,-2.570485,-1.716539,0.137728,0.133663,0.134595,0.000957,0.000553,0.000678,0.000000,0.000000,0.000000,0.000000,0.000000,0.000000,0.000005,0.000004,0.000003,68.911674,270.131012,120.887894,8.759094,10.312057,71.818390,6.392216,6.387479,6.388772,0.011048,0.010584,0.010722,0
37031.229,1545872.625000,5088037.000000,3510430.000000,-50.256710,5.254038,46.689632,0.045452,-0.064006,-0.592994,0.801371,0.008275,0.004189,-0.000561,-0.340831,-2.570485,-1.716539,0.137790,0.133716,0.134653,0.000959,0.000554,0.000679,0.000000,0.000000,0.000000,0.000000,0.000000,0.000000,0.000005,0.000004,0.000003,68.911674,270.131012,120.887894,8.759094,10.312057,71.818390,6.392216,6.387479,6.388772,0.011048,0.010584,0.010722,0
37031.236,1545872.625000,5088037.000000,3510429.500000,-50.314949,5.264338,46.735222,0.045458,-0.063885,-0.592794,0.801528,0.008275,0.004189,-0.000561,-0.340831,-2.570485,-1.716539,0.137852,0.133768,0.134711,0.000960,0.000554,0.000679,0.000000,0.000000,0.000000,0.000000,0.000000,0.000000,0.000005,0.000004,0.000003,68.911674,270.131012,120.887894,8.759094,10.312057,71.818390,6.392216,6.387479,6.388772,0.011048,0.010584,0.010722,0
37031.244,1545872.500000,5088037.000000,3510429.000000,-50.373993,5.274306,46.781528,0.045472,-0.063761,-0.592578,0.801697,0.008275,0.004189,-0.000561,-0.340831,-2.570485,-1.716539,0.137915,0.133821,0.134770,0.000961,0.000555,0.000680,0.000000,0.000000,0.000000,0.000000,0.000000,0.000000,0.000005,0.000004,0.000003,68.911674,270.131012,120.887894,8.759094,10.312057,71.818390,6.392216,6.387479,6.388772,0.011048,0.010584,0.010722,0
37031.251,1545872.500000,5088037.000000,3510428.500000,-50.432411,5.284561,46.827080,0.045492,-0.063633,-0.592374,0.801857,0.008275,0.004189,-0.000561,-0.340831,-2.570485,-1.716539,0.137976,0.133873,0.134828,0.000962,0.000555,0.000681,0.000000,0.000000,0.000000,0.000000,0.000000,0.000000,0.000005,0.000004,0.000003,68.911674,270.131012,120.887894,8.759094,10.312057,71.818390,6.392216,6.387479,6.388772,0.011048,0.010584,0.010722,0
37031.258,1545872.375000,5088037.000000,3510428.000000,-50.490986,5.294464,46.872559,0.045499,-0.063506,-0.592177,0.802012,0.008275,0.004189,-0.000561,-0.340831,-2.570485,-1.716539,0.138038,0.133925,0.134886,0.000963,0.000556,0.000682,0.000000,0.000000,0.000000,0.000000,0.000000,0.000000,0.000005,0.000004,0.000003,68.911674,270.131012,120.887894,8.759094,10.312057,71.818390,6.392216,6.387479,6.388772,0.011048,0.010584,0.010722,0
37031.266,1545872.375000,5088036.500000,3510427.500000,-50.552094,5.304882,46.920219,0.045500,-0.063381,-0.591965,0.802178,0.008275,0.004189,-0.000561,-0.340831,-2.570485,-1.716539,0.138103,0.133980,0.134947,0.000965,0.000556,0.000683,0.000000,0.000000,0.000000,0.000000,0.000000,0.000000,0.000005,0.000004,0.000003,68.911674,270.131012,120.887894,8.759094,10.312057,71.818390,6.392216,6.387479,6.388772,0.011048,0.010584,0.010722,0
37031.288,1545876.000000,5088041.500000,3510454.250000,-47.725250,5.102840,43.583649,0.052892,-0.065490,-0.604507,0.792139,0.008877,0.003772,-0.000568,-0.358764,-2.489049,-1.717950,0.133664,0.130083,0.130739,0.000880,0.000525,0.000638,0.000000,0.000000,0.000000,0.000000,0.000000,0.000000,0.000005,0.000004,0.000003,65.692879,265.964722,96.810944,8.301050,9.073407,68.075638,6.388103,6.383980,6.384947,0.010965,0.010556,0.010683,0
37031.295,1545875.875000,5088041.500000,3510453.750000,-47.782215,5.112729,43.627563,0.052897,-0.065368,-0.604313,0.792297,0.008877,0.003772,-0.000568,-0.358764,-2.489049,-1.717950,0.133720,0.130132,0.130793,0.000881,0.000526,0.000639,0.000000,0.000000,0.000000,0.000000,0.000000,0.000000,0.000005,0.000004,0.000003,65.692879,265.964722,96.810944,8.301050,9.073407,68.075638,6.388103,6.383980,6.384947,0.010965,0.010556,0.010683,0
37031.302,1545875.875000,5088041.000000,3510453.250000,-47.839340,5.122636,43.670959,0.052906,-0.065246,-0.604120,0.792454,0.008877,0.003772,-0.000568,-0.358764,-2.489049,-1.717950,0.133776,0.130181,0.130846,0.000882,0.000526,0.000640,0.000000,0.000000,0.000000,0.000000,0.000000,0.000000,0.000005,0.000004,0.000003,65.692879,265.964722,96.810944,8.301050,9.073407,68.075638,6.388103,6.383980,6.384947,0.010965,0.010556,0.010683,0
37031.310,1545875.750000,5088041.000000,3510452.750000,-47.896542,5.132588,43.714123,0.052916,-0.065128,-0.603921,0.792615,0.008877,0.003772,-0.000568,-0.358764,-2.489049,-1.717950,0.133832,0.130230,0.130900,0.000883,0.000527,0.000641,0.000000,0.000000,0.000000,0.000000,0.000000,0.000000,0.000005,0.000004,0.000003,65.692879,265.964722,96.810944,8.301050,9.073407,68.075638,6.388103,6.383980,6.384947,0.010965,0.010556,0.010683,0
37031.317,1545875.750000,5088041.000000,3510452.250000,-47.953968,5.142322,43.757805,0.052913,-0.065011,-0.603721,0.792776,0.008877,0.003772,-0.000568,-0.358764,-2.489049,-1.717950,0.133888,0.130279,0.130954,0.000884,0.000527,0.000641,0.000000,0.000000,0.000000,0.000000,0.000000,0.000000,0.000005,0.000004,0.000003,65.692879,265.964722,96.810944,8.301050,9.073407,68.075638,6.388103,6.383980,6.384947,0.010965,0.010556,0.010683,0
37031.324,1545875.625000,5088041.000000,3510451.750000,-48.011398,5.151901,43.801304,0.052914,-0.064895,-0.603526,0.792935,0.008877,0.003772,-0.000568,-0.358764,-2.489049,-1.717950,0.133944,0.130328,0.131008,0.000885,0.000528,0.000642,0.000000,0.000000,0.000000,0.000000,0.000000,0.000000,0.000005,0.000004,0.000003,65.692879,265.964722,96.810944,8.301050,9.073407,68.075638,6.388103,6.383980,6.384947,0.010965,0.010556,0.010683,0
37031.331,1545875.625000,5088041.000000,3510451.500000,-48.068512,5.161833,43.844772,0.052917,-0.064779,-0.603329,0.793094,0.008877,0.003772,-0.000568,-0.358764,-2.489049,-1.717950,0.134000,0.130377,0.131062,0.000887,0.000528,0.000643,0.000000,0.000000,0.000000,0.000000,0.000000,0.000000,0.000005,0.000004,0.000003,65.692879,265.964722,96.810944,8.301050,9.073407,68.075638,6.388103,6.383980,6.384947,0.010965,0.010556,0.010683,0
37031.338,1545875.500000,5088041.000000,3510451.000000,-48.125431,5.171653,43.888599,0.052920,-0.064654,-0.603134,0.793252,0.008877,0.003772,-0.000568,-0.358764,-2.489049,-1.717950,0.134056,0.130426,0.131116,0.000888,0.000529,0.000644,0.000000,0.000000,0.000000,0.000000,0.000000,0.000000,0.000005,0.000004,0.000003,65.692879,265.964722,96.810944,8.301050,9.073407,68.075638,6.388103,6.383980,6.384947,0.010965,0.010556,0.010683,0
37031.346,1545875.500000,5088041.000000,3510450.500000,-48.183041,5.181483,43.931885,0.052921,-0.064527,-0.602940,0.793410,0.008877,0.003772,-0.000568,-0.358764,-2.489049,-1.717950,0.134113,0.130476,0.131170,0.000889,0.000529,0.000644,0.000000,0.000000,0.000000,0.000000,0.000000,0.000000,0.000005,0.000004,0.000003,65.692879,265.964722,96.810944,8.301050,9.073407,68.075638,6.388103,6.383980,6.384947,0.010965,0.010556,0.010683,0
37031.353,1545875.500000,5088041.000000,3510450.000000,-48.240273,5.191525,43.975403,0.052927,-0.064405,-0.602744,0.793568,0.008877,0.003772,-0.000568,-0.358764,-2.489049,-1.717950,0.134170,0.130525,0.131224,0.000890,0.000530,0.000645,0.000000,0.000000,0.000000,0.000000,0.000000,0.000000,0.000005,0.000004,0.000003,65.692879,265.964722,96.810944,8.301050,9.073407,68.075638,6.388103,6.383980,6.384947,0.010965,0.010556,0.010683,0
37031.360,1545875.375000,5088040.500000,3510449.500000,-48.297745,5.201729,44.019051,0.052930,-0.064289,-0.602550,0.793725,0.008877,0.003772,-0.000568,-0.358764,-2.489049,-1.717950,0.134226,0.130575,0.131279,0.000891,0.000530,0.000646,0.000000,0.000000,0.000000,0.000000,0.000000,0.000000,0.000005,0.000004,0.000003,65.692879,265.964722,96.810944,8.301050,9.073407,68.075638,6.388103,6.383980,6.384947,0.010965,0.010556,0.010683,0
37031.367,1545875.375000,5088040.500000,3510449.000000,-48.354355,5.211428,44.062298,0.052933,-0.064175,-0.602357,0.793880,0.008877,0.003772,-0.000568,-0.358764,-2.489049,-1.717950,0.134282,0.130623,0.131332,0.000892,0.000531,0.000647,0.000000,0.000000,0.000000,0.000000,0.000000,0.000000,0.000005,0.000004,0.000003,65.692879,265.964722,96.810944,8.301050,9.073407,68.075638,6.388103,6.383980,6.384947,0.010965,0.010556,0.010683,0
37031.374,1545875.250000,5088040.500000,3510448.500000,-48.411823,5.221344,44.105946,0.052936,-0.064062,-0.602161,0.794038,0.008877,0.003772,-0.000568,-0.358764,-2.489049,-1.717950,0.134339,0.130673,0.131387,0.000893,0.000531,0.000647,0.000000,0.000000,0.000000,0.000000,0.000000,0.000000,0.000005,0.000004,0.000003,65.692879,265.964722,96.810944,8.301050,9.073407,68.075638,6.388103,6.383980,6.384947,0.010965,0.010556,0.010683,0
37031.382,1545875.250000,5088040.500000,3510448.250000,-48.469303,5.231651,44.149509,0.052943,-0.063940,-0.601969,0.794193,0.008877,0.003772,-0.000568,-0.358764,-2.489049,-1.717950,0.134396,0.130723,0.131441,0.000894,0.000532,0.000648,0.000000,0.000000,0.000000,0.000000,0.000000,0.000000,0.000005,0.000004,0.000003,65.692879,265.964722,96.810944,8.301050,9.073407,68.075638,6.388103,6.383980,6.384947,0.010965,0.010556,0.010683,0
37031.389,1545875.125000,5088040.500000,3510447.750000,-48.527580,5.241750,44.193893,0.052954,-0.063817,-0.601766,0.794356,0.008877,0.003772,-0.000568,-0.358764,-2.489049,-1.717950,0.134454,0.130773,0.131497,0.000896,0.000532,0.000649,0.000000,0.000000,0.000000,0.000000,0.000000,0.000000,0.000005,0.000004,0.000003,65.692879,265.964722,96.810944,8.301050,9.073407,68.075638,6.388103,6.383980,6.384947,0.010965,0.010556,0.010683,0
37031.396,1545875.125000,5088040.500000,3510447.250000,-48.585190,5.251960,44.237648,0.052961,-0.063694,-0.601573,0.794511,0.008877,0.003772,-0.000568,-0.358764,-2.489049,-1.717950,0.134511,0.130823,0.131551,0.000897,0.000533,0.000650,0.000000,0.000000,0.000000,0.000000,0.000000,0.000000,0.000005,0.000004,0.000003,65.692879,265.964722,96.810944,8.301050,9.073407,68.075638,6.388103,6.383980,6.384947,0.010965,0.010556,0.010683,0
37031.403,1545875.000000,5088040.500000,3510446.750000,-48.643127,5.262156,44.282188,0.052975,-0.063570,-0.601379,0.794667,0.008877,0.003772,-0.000568,-0.358764,-2.489049,-1.717950,0.134569,0.130873,0.131607,0.000898,0.000533,0.000651,0.000000,0.000000,0.000000,0.000000,0.000000,0.000000,0.000005,0.000004,0.000003,65.692879,265.964722,96.810944,8.301050,9.073407,68.075638,6.388103,6.383980,6.384947,0.010965,0.010556,0.010683,0
37031.410,1545875.000000,5088040.500000,3510446.250000,-48.699501,5.271943,44.325565,0.052987,-0.063458,-0.601184,0.794823,0.008877,0.003772,-0.000568,-0.358764,-2.489049,-1.717950,0.134626,0.130922,0.131661,0.000899,0.000534,0.000651,0.000000,0.000000,0.000000,0.000000,0.000000,0.000000,0.000005,0.000004,0.000003,65.692879,265.964722,96.810944,8.301050,9.073407,68.075638,6.388103,6.383980,6.384947,0.010965,0.010556,0.010683,0
37031.418,1545874.875000,5088040.500000,3510445.750000,-48.756966,5.281936,44.369362,0.052995,-0.063338,-0.600987,0.794981,0.008877,0.003772,-0.000568,-0.358764,-2.489049,-1.717950,0.134683,0.130972,0.131716,0.000900,0.000534,0.000652,0.000000,0.000000,0.000000,0.000000,0.000000,0.000000,0.000005,0.000004,0.000003,65.692879,265.964722,96.810944,8.301050,9.073407,68.075638,6.388103,6.383980,6.384947,0.010965,0.010556,0.010683,0
37031.425,1545874.875000,5088040.000000,3510445.250000,-48.814438,5.291903,44.413052,0.052999,-0.063221,-0.600785,0.795142,0.008877,0.003772,-0.000568,-0.358764,-2.489049,-1.717950,0.134741,0.131022,0.131771,0.000901,0.000535,0.000653,0.000000,0.000000,0.000000,0.000000,0.000000,0.000000,0.000005,0.000004,0.000003,65.692879,265.964722,96.810944,8.301050,9.073407,68.075638,6.388103,6.383980,6.384947,0.010965,0.010556,0.010683,0
37031.432,1545874.875000,5088040.000000,3510444.750000,-48.871906,5.301646,44.457230,0.053007,-0.063095,-0.600591,0.795299,0.008877,0.003772,-0.000568,-0.358764,-2.489049,-1.717950,0.134799,0.131072,0.131826,0.000902,0.000536,0.000654,0.000000,0.000000,0.000000,0.000000,0.000000,0.000000,0.000005,0.000004,0.000003,65.692879,265.964722,96.810944,8.301050,9.073407,68.075638,6.388103,6.383980,6.384947,0.010965,0.010556,0.010683,0
37031.439,1545874.750000,5088040.000000,3510444.500000,-48.929379,5.311725,44.501472,0.053010,-0.062971,-0.600391,0.795459,0.008877,0.003772,-0.000568,-0.358764,-2.489049,-1.717950,0.134857,0.131123,0.131881,0.000903,0.000536,0.000654,0.000000,0.000000,0.000000,0.000000,0.000000,0.000000,0.000005,0.000004,0.000003,65.692879,265.964722,96.810944,8.301050,9.073407,68.075638,6.388103,6.383980,6.384947,0.010965,0.010556,0.010683,0
37031.446,1545874.750000,5088040.000000,3510444.000000,-48.986855,5.321564,44.545395,0.053014,-0.062846,-0.600191,0.795619,0.008877,0.003772,-0.000568,-0.358764,-2.489049,-1.717950,0.134915,0.131173,0.131936,0.000904,0.000537,0.000655,0.000000,0.000000,0.000000,0.000000,0.000000,0.000000,0.000005,0.000004,0.000003,65.692879,265.964722,96.810944,8.301050,9.073407,68.075638,6.388103,6.383980,6.384947,0.010965,0.010556,0.010683,0
37031.454,1545874.625000,5088040.000000,3510443.500000,-49.044128,5.331666,44.589600,0.053023,-0.062724,-0.599987,0.795782,0.008877,0.003772,-0.000568,-0.358764,-2.489049,-1.717950,0.134973,0.131223,0.131992,0.000906,0.000537,0.000656,0.000000,0.000000,0.000000,0.000000,0.000000,0.000000,0.000005,0.000004,0.000003,65.692879,265.964722,96.810944,8.301050,9.073407,68.075638,6.388103,6.383980,6.384947,0.010965,0.010556,0.010683,0
37031.461,1545874.625000,5088040.000000,3510443.000000,-49.100723,5.341450,44.633251,0.053035,-0.062603,-0.599795,0.795936,0.008877,0.003772,-0.000568,-0.358764,-2.489049,-1.717950,0.135030,0.131273,0.132046,0.000907,0.000538,0.000657,0.000000,0.000000,0.000000,0.000000,0.000000,0.000000,0.000005,0.000004,0.000003,65.692879,265.964722,96.810944,8.301050,9.073407,68.075638,6.388103,6.383980,6.384947,0.010965,0.010556,0.010683,0
37031.468,1545874.500000,5088040.000000,3510442.500000,-49.158295,5.351442,44.677406,0.053040,-0.062479,-0.599602,0.796091,0.008877,0.003772,-0.000568,-0.358764,-2.489049,-1.717950,0.135088,0.131323,0.132102,0.000908,0.000538,0.000657,0.000000,0.000000,0.000000,0.000000,0.000000,0.000000,0.000005,0.000004,0.000003,65.692879,265.964722,96.810944,8.301050,9.073407,68.075638,6.388103,6.383980,6.384947,0.010965,0.010556,0.010683,0
37031.475,1545874.500000,5088040.000000,3510442.000000,-49.215893,5.361778,44.721573,0.053047,-0.062364,-0.599405,0.796248,0.008877,0.003772,-0.000568,-0.358764,-2.489049,-1.717950,0.135146,0.131373,0.132157,0.000909,0.000539,0.000658,0.000000,0.000000,0.000000,0.000000,0.000000,0.000000,0.000005,0.000004,0.000003,65.692879,265.964722,96.810944,8.301050,9.073407,68.075638,6.388103,6.383980,6.384947,0.010965,0.010556,0.010683,0
37031.482,1545874.375000,5088040.000000,3510441.500000,-49.273575,5.371872,44.765587,0.053056,-0.062244,-0.599208,0.796405,0.008877,0.003772,-0.000568,-0.358764,-2.489049,-1.717950,0.135205,0.131424,0.132213,0.000910,0.000539,0.000659,0.000000,0.000000,0.000000,0.000000,0.000000,0.000000,0.000005,0.000004,0.000003,65.692879,265.964722,96.810944,8.301050,9.073407,68.075638,6.388103,6.383980,6.384947,0.010965,0.010556,0.010683,0
37031.490,1545874.375000,5088039.500000,3510441.000000,-49.331219,5.381883,44.809933,0.053062,-0.062127,-0.599015,0.796559,0.008877,0.003772,-0.000568,-0.358764,-2.489049,-1.717950,0.135263,0.131474,0.132269,0.000911,0.000540,0.000660,0.000000,0.000000,0.000000,0.000000,0.000000,0.000000,0.000005,0.000004,0.000003,65.692879,265.964722,96.810944,8.301050,9.073407,68.075638,6.388103,6.383980,6.384947,0.010965,0.010556,0.010683,0
37031.497,1545874.250000,5088039.500000,3510440.500000,-49.389584,5.392000,44.854809,0.053062,-0.062005,-0.598817,0.796717,0.008877,0.003772,-0.000568,-0.358764,-2.489049,-1.717950,0.135323,0.131526,0.132325,0.000912,0.000540,0.000661,0.000000,0.000000,0.000000,0.000000,0.000000,0.000000,0.000005,0.000004,0.000003,65.692879,265.964722,96.810944,8.301050,9.073407,68.075638,6.388103,6.383980,6.384947,0.010965,0.010556,0.010683,0
37031.504,1545874.250000,5088039.500000,3510440.250000,-49.447121,5.402478,44.899063,0.053068,-0.061886,-0.598616,0.796877,0.008877,0.003772,-0.000568,-0.358764,-2.489049,-1.717950,0.135382,0.131576,0.132381,0.000914,0.000541,0.000661,0.000000,0.000000,0.000000,0.000000,0.000000,0.000000,0.000005,0.000004,0.000003,65.692879,265.964722,96.810944,8.301050,9.073407,68.075638,6.388103,6.383980,6.384947,0.010965,0.010556,0.010683,0
37031.511,1545874.125000,5088039.500000,3510439.750000,-49.503468,5.412414,44.942688,0.053068,-0.061769,-0.598417,0.797036,0.008877,0.003772,-0.000568,-0.358764,-2.489049,-1.717950,0.135440,0.131626,0.132436,0.000915,0.000541,0.000662,0.000000,0.000000,0.000000,0.000000,0.000000,0.000000,0.000005,0.000004,0.000003,65.692879,265.964722,96.810944,8.301050,9.073407,68.075638,6.388103,6.383980,6.384947,0.010965,0.010556,0.010683,0
37031.518,1545874.125000,5088039.500000,3510439.250000,-49.560692,5.422527,44.987175,0.053068,-0.061642,-0.598226,0.797189,0.008877,0.003772,-0.000568,-0.358764,-2.489049,-1.717950,0.135499,0.131677,0.132492,0.000916,0.000542,0.000663,0.000000,0.000000,0.000000,0.000000,0.000000,0.000000,0.000005,0.000004,0.000003,65.692879,265.964722,96.810944,8.301050,9.073407,68.075638,6.388103,6.383980,6.384947,0.010965,0.010556,0.010683,0
37031.526,1545874.125000,5088039.500000,3510438.750000,-49.618202,5.432791,45.031776,0.053077,-0.061515,-0.598031,0.797344,0.008877,0.003772,-0.000568,-0.358764,-2.489049,-1.717950,0.135558,0.131728,0.132548,0.000917,0.000542,0.000664,0.000000,0.000000,0.000000,0.000000,0.000000,0.000000,0.000005,0.000004,0.000003,65.692879,265.964722,96.810944,8.301050,9.073407,68.075638,6.388103,6.383980,6.384947,0.010965,0.010556,0.010683,0
37031.533,1545874.000000,5088039.500000,3510438.250000,-49.676441,5.443039,45.076935,0.053082,-0.061397,-0.597828,0.797505,0.008877,0.003772,-0.000568,-0.358764,-2.489049,-1.717950,0.135618,0.131780,0.132605,0.000918,0.000543,0.000664,0.000000,0.000000,0.000000,0.000000,0.000000,0.000000,0.000005,0.000004,0.000003,65.692879,265.964722,96.810944,8.301050,9.073407,68.075638,6.388103,6.383980,6.384947,0.010965,0.010556,0.010683,0
37031.540,1545874.000000,5088039.500000,3510437.750000,-49.734077,5.453248,45.121544,0.053087,-0.061272,-0.597627,0.797665,0.008877,0.003772,-0.000568,-0.358764,-2.489049,-1.717950,0.135677,0.131831,0.132662,0.000919,0.000543,0.000665,0.000000,0.000000,0.000000,0.000000,0.000000,0.000000,0.000005,0.000004,0.000003,65.692879,265.964722,96.810944,8.301050,9.073407,68.075638,6.388103,6.383980,6.384947,0.010965,0.010556,0.010683,0
37031.547,1545873.875000,5088039.000000,3510437.250000,-49.791794,5.463484,45.166080,0.053092,-0.061155,-0.597427,0.797824,0.008877,0.003772,-0.000568,-0.358764,-2.489049,-1.717950,0.135736,0.131882,0.132718,0.000920,0.000544,0.000666,0.000000,0.000000,0.000000,0.000000,0.000000,0.000000,0.000005,0.000004,0.000003,65.692879,265.964722,96.810944,8.301050,9.073407,68.075638,6.388103,6.383980,6.384947,0.010965,0.010556,0.010683,0
37031.554,1545873.875000,5088039.000000,3510436.750000,-49.849445,5.473692,45.210636,0.053096,-0.061030,-0.597232,0.797979,0.008877,0.003772,-0.000568,-0.358764,-2.489049,-1.717950,0.135796,0.131933,0.132775,0.000922,0.000545,0.000667,0.000000,0.000000,0.000000,0.000000,0.000000,0.000000,0.000005,0.000004,0.000003,65.692879,265.964722,96.810944,8.301050,9.073407,68.075638,6.388103,6.383980,6.384947,0.010965,0.010556,0.010683,0
37031.562,1545873.750000,5088039.000000,3510436.250000,-49.906723,5.483872,45.255371,0.053105,-0.060905,-0.597030,0.798139,0.008877,0.003772,-0.000568,-0.358764,-2.489049,-1.717950,0.135856,0.131984,0.132831,0.000923,0.000545,0.000668,0.000000,0.000000,0.000000,0.000000,0.000000,0.000000,0.000005,0.000004,0.000003,65.692879,265.964722,96.810944,8.301050,9.073407,68.075638,6.388103,6.383980,6.384947,0.010965,0.010556,0.010683,0
37031.569,1545873.750000,5088039.000000,3510435.750000,-49.964619,5.494245,45.300167,0.053115,-0.060784,-0.596833,0.798295,0.008877,0.003772,-0.000568,-0.358764,-2.489049,-1.717950,0.135915,0.132036,0.132888,0.000924,0.000546,0.000668,0.000000,0.000000,0.000000,0.000000,0.000000,0.000000,0.000005,0.000004,0.000003,65.692879,265.964722,96.810944,8.301050,9.073407,68.075638,6.388103,6.383980,6.384947,0.010965,0.010556,0.010683,0
37031.576,1545873.625000,5088039.000000,3510435.250000,-50.022171,5.504284,45.345215,0.053120,-0.060664,-0.596637,0.798450,0.008877,0.003772,-0.000568,-0.358764,-2.489049,-1.717950,0.135975,0.132087,0.132944,0.000925,0.000546,0.000669,0.000000,0.000000,0.000000,0.000000,0.000000,0.000000,0.000005,0.000004,0.000003,65.692879,265.964722,96.810944,8.301050,9.073407,68.075638,6.388103,6.383980,6.384947,0.010965,0.010556,0.010683,0
37031.583,1545873.625000,5088039.000000,3510434.750000,-50.080055,5.514585,45.389816,0.053129,-0.060541,-0.596436,0.798609,0.008877,0.003772,-0.000568,-0.358764,-2.489049,-1.717950,0.136035,0.132138,0.133001,0.000926,0.000547,0.000670,0.000000,0.000000,0.000000,0.000000,0.000000,0.000000,0.000005,0.000004,0.000003,65.692879,265.964722,96.810944,8.301050,9.073407,68.075638,6.388103,6.383980,6.384947,0.010965,0.010556,0.010683,0
37031.590,1545873.500000,5088039.000000,3510434.500000,-50.137074,5.524495,45.433807,0.053139,-0.060423,-0.596244,0.798760,0.008877,0.003772,-0.000568,-0.358764,-2.489049,-1.717950,0.136094,0.132189,0.133057,0.000927,0.000547,0.000671,0.000000,0.000000,0.000000,0.000000,0.000000,0.000000,0.000005,0.000004,0.000003,65.692879,265.964722,96.810944,8.301050,9.073407,68.075638,6.388103,6.383980,6.384947,0.010965,0.010556,0.010683,0
37031.598,1545873.500000,5088039.000000,3510434.000000,-50.195126,5.534486,45.478531,0.053146,-0.060301,-0.596051,0.798913,0.008877,0.003772,-0.000568,-0.358764,-2.489049,-1.717950,0.136154,0.132241,0.133114,0.000928,0.000548,0.000671,0.000000,0.000000,0.000000,0.000000,0.000000,0.000000,0.000005,0.000004,0.000003,65.692879,265.964722,96.810944,8.301050,9.073407,68.075638,6.388103,6.383980,6.384947,0.010965,0.010556,0.010683,0
37031.605,1545873.375000,5088039.000000,3510433.500000,-50.253929,5.544938,45.523781,0.053146,-0.060177,-0.595850,0.799072,0.008877,0.003772,-0.000568,-0.358764,-2.489049,-1.717950,0.136216,0.132293,0.133172,0.000930,0.000548,0.000672,0.000000,0.000000,0.000000,0.000000,0.000000,0.000000,0.000005,0.000004,0.000003,65.692879,265.964722,96.810944,8.301050,9.073407,68.075638,6.388103,6.383980,6.384947,0.010965,0.010556,0.010683,0
37031.612,1545873.375000,5088038.500000,3510433.000000,-50.310707,5.555082,45.568165,0.053155,-0.060056,-0.595650,0.799231,0.008877,0.003772,-0.000568,-0.358764,-2.489049,-1.717950,0.136275,0.132344,0.133228,0.000931,0.000549,0.000673,0.000000,0.000000,0.000000,0.000000,0.000000,0.000000,0.000005,0.000004,0.000003,65.692879,265.964722,96.810944,8.301050,9.073407,68.075638,6.388103,6.383980,6.384947,0.010965,0.010556,0.010683,0
37031.619,1545873.250000,5088038.500000,3510432.500000,-50.368366,5.565293,45.612690,0.053157,-0.059936,-0.595454,0.799385,0.008877,0.003772,-0.000568,-0.358764,-2.489049,-1.717950,0.136336,0.132395,0.133285,0.000932,0.000549,0.000674,0.000000,0.000000,0.000000,0.000000,0.000000,0.000000,0.000005,0.000004,0.000003,65.692879,265.964722,96.810944,8.301050,9.073407,68.075638,6.388103,6.383980,6.384947,0.010965,0.010556,0.010683,0
37031.626,1545873.250000,5088038.500000,3510432.000000,-50.426067,5.575405,45.657570,0.053162,-0.059812,-0.595263,0.799536,0.008877,0.003772,-0.000568,-0.358764,-2.489049,-1.717950,0.136396,0.132447,0.133343,0.000933,0.000550,0.000675,0.000000,0.000000,0.000000,0.000000,0.000000,0.000000,0.000005,0.000004,0.000003,65.692879,265.964722,96.810944,8.301050,9.073407,68.075638,6.388103,6.383980,6.384947,0.010965,0.010556,0.010683,0
37031.633,1545873.125000,5088038.500000,3510431.500000,-50.482868,5.585352,45.701923,0.053159,-0.059698,-0.595075,0.799685,0.008877,0.003772,-0.000568,-0.358764,-2.489049,-1.717950,0.136456,0.132498,0.133399,0.000934,0.000550,0.000675,0.000000,0.000000,0.000000,0.000000,0.000000,0.000000,0.000005,0.000004,0.000003,65.692879,265.964722,96.810944,8.301050,9.073407,68.075638,6.388103,6.383980,6.384947,0.010965,0.010556,0.010683,0
37031.641,1545873.125000,5088038.500000,3510431.000000,-50.540569,5.595743,45.746857,0.053167,-0.059576,-0.594882,0.799837,0.008877,0.003772,-0.000568,-0.358764,-2.489049,-1.717950,0.136517,0.132550,0.133457,0.000935,0.000551,0.000676,0.000000,0.000000,0.000000,0.000000,0.000000,0.000000,0.000005,0.000004,0.000003,65.692879,265.964722,96.810944,8.301050,9.073407,68.075638,6.388103,6.383980,6.384947,0.010965,0.010556,0.010683,0
37031.648,1545873.125000,5088038.500000,3510430.500000,-50.598309,5.606440,45.791584,0.053173,-0.059458,-0.594685,0.799992,0.008877,0.003772,-0.000568,-0.358764,-2.489049,-1.717950,0.136578,0.132602,0.133514,0.000937,0.000552,0.000677,0.000000,0.000000,0.000000,0.000000,0.000000,0.000000,0.000005,0.000004,0.000003,65.692879,265.964722,96.810944,8.301050,9.073407,68.075638,6.388103,6.383980,6.384947,0.010965,0.010556,0.010683,0
37031.655,1545873.000000,5088038.500000,3510430.000000,-50.655094,5.616462,45.835922,0.053178,-0.059340,-0.594488,0.800147,0.008877,0.003772,-0.000568,-0.358764,-2.489049,-1.717950,0.136638,0.132654,0.133571,0.000938,0.000552,0.000678,0.000000,0.000000,0.000000,0.000000,0.000000,0.000000,0.000005,0.000004,0.000003,65.692879,265.964722,96.810944,8.301050,9.073407,68.075638,6.388103,6.383980,6.384947,0.010965,0.010556,0.010683,0
37031.662,1545873.000000,5088038.500000,3510429.500000,-50.713211,5.626620,45.880974,0.053187,-0.059219,-0.594292,0.800301,0.008877,0.003772,-0.000568,-0.358764,-2.489049,-1.717950,0.136699,0.132706,0.133629,0.000939,0.000553,0.000679,0.000000,0.000000,0.000000,0.000000,0.000000,0.000000,0.000005,0.000004,0.000003,65.692879,265.964722,96.810944,8.301050,9.073407,68.075638,6.388103,6.383980,6.384947,0.010965,0.010556,0.010683,0
37031.669,1545872.875000,5088038.500000,3510429.000000,-50.771103,5.636930,45.925808,0.053199,-0.059101,-0.594098,0.800453,0.008877,0.003772,-0.000568,-0.358764,-2.489049,-1.717950,0.136760,0.132758,0.133686,0.000940,0.000553,0.000679,0.000000,0.000000,0.000000,0.000000,0.000000,0.000000,0.000005,0.000004,0.000003,65.692879,265.964722,96.810944,8.301050,9.073407,68.075638,6.388103,6.383980,6.384947,0.010965,0.010556,0.010683,0
37031.676,1545872.875000,5088038.000000,3510428.500000,-50.827969,5.647180,45.970161,0.053199,-0.058989,-0.593906,0.800603,0.008877,0.003772,-0.000568,-0.358764,-2.489049,-1.717950,0.136821,0.132809,0.133743,0.000941,0.000554,0.000680,0.000000,0.000000,0.000000,0.000000,0.000000,0.000000,0.000005,0.000004,0.000003,65.692879,265.964722,96.810944,8.301050,9.073407,68.075638,6.388103,6.383980,6.384947,0.010965,0.010556,0.010683,0
37031.684,1545872.750000,5088038.000000,3510428.000000,-50.886108,5.657484,46.015457,0.053198,-0.058870,-0.593706,0.800760,0.008877,0.003772,-0.000568,-0.358764,-2.489049,-1.717950,0.136882,0.132862,0.133801,0.000942,0.000554,0.000681,0.000000,0.000000,0.000000,0.000000,0.000000,0.000000,0.000005,0.000004,0.000003,65.692879,265.964722,96.810944,8.301050,9.073407,68.075638,6.388103,6.383980,6.384947,0.010965,0.010556,0.010683,0
37031.691,1545872.750000,5088038.000000,3510427.500000,-50.943451,5.667734,46.059944,0.053205,-0.058750,-0.593506,0.800917,0.008877,0.003772,-0.000568,-0.358764,-2.489049,-1.717950,0.136943,0.132913,0.133859,0.000944,0.000555,0.000682,0.000000,0.000000,0.000000,0.000000,0.000000,0.000000,0.000005,0.000004,0.000003,65.692879,265.964722,96.810944,8.301050,9.073407,68.075638,6.388103,6.383980,6.384947,0.010965,0.010556,0.010683,0
37031.698,1545872.625000,5088038.000000,3510427.250000,-51.000946,5.677716,46.105522,0.053208,-0.058636,-0.593308,0.801072,0.008877,0.003772,-0.000568,-0.358764,-2.489049,-1.717950,0.137004,0.132966,0.133917,0.000945,0.000555,0.000682,0.000000,0.000000,0.000000,0.000000,0.000000,0.000000,0.000005,0.000004,0.000003,65.692879,265.964722,96.810944,8.301050,9.073407,68.075638,6.388103,6.383980,6.384947,0.010965,0.010556,0.010683,0
37031.761,1545872.125000,5088037.500000,3510422.750000,-51.507908,5.768571,46.502007,0.053263,-0.057586,-0.591578,0.802423,0.008877,0.003772,-0.000568,-0.358764,-2.489049,-1.717950,0.137549,0.133427,0.134428,0.000955,0.000560,0.000689,0.000000,0.000000,0.000000,0.000000,0.000000,0.000000,0.000005,0.000004,0.000003,65.692879,265.964722,96.810944,8.301050,9.073407,68.075638,6.388103,6.383980,6.384947,0.010965,0.010556,0.010683,0
37031.768,1545872.000000,5088037.500000,3510422.250000,-51.565826,5.778935,46.547550,0.053268,-0.057461,-0.591383,0.802575,0.008877,0.003772,-0.000568,-0.358764,-2.489049,-1.717950,0.137611,0.133480,0.134487,0.000956,0.000561,0.000690,0.000000,0.000000,0.000000,0.000000,0.000000,0.000000,0.000005,0.000004,0.000003,65.692879,265.964722,96.810944,8.301050,9.073407,68.075638,6.388103,6.383980,6.384947,0.010965,0.010556,0.010683,0
37031.775,1545872.000000,5088037.500000,3510421.750000,-51.623138,5.789428,46.592514,0.053285,-0.057341,-0.591187,0.802727,0.008877,0.003772,-0.000568,-0.358764,-2.489049,-1.717950,0.137673,0.133533,0.134546,0.000957,0.000561,0.000691,0.000000,0.000000,0.000000,0.000000,0.000000,0.000000,0.000005,0.000004,0.000003,65.692879,265.964722,96.810944,8.301050,9.073407,68.075638,6.388103,6.383980,6.384947,0.010965,0.010556,0.010683,0
37031.782,1545871.875000,5088037.500000,3510421.250000,-51.681267,5.800134,46.637993,0.053287,-0.057211,-0.590992,0.802879,0.008877,0.003772,-0.000568,-0.358764,-2.489049,-1.717950,0.137736,0.133586,0.134605,0.000959,0.000562,0.000692,0.000000,0.000000,0.000000,0.000000,0.000000,0.000000,0.000005,0.000004,0.000003,65.692879,265.964722,96.810944,8.301050,9.073407,68.075638,6.388103,6.383980,6.384947,0.010965,0.010556,0.010683,0
37031.790,1545871.875000,5088037.500000,3510420.750000,-51.739475,5.810583,46.683315,0.053287,-0.057089,-0.590795,0.803034,0.008877,0.003772,-0.000568,-0.358764,-2.489049,-1.717950,0.137799,0.133639,0.134664,0.000960,0.000562,0.000693,0.000000,0.000000,0.000000,0.000000,0.000000,0.000000,0.000005,0.000004,0.000003,65.692879,265.964722,96.810944,8.301050,9.073407,68.075638,6.388103,6.383980,6.384947,0.010965,0.010556,0.010683,0
37031.797,1545871.750000,5088037.000000,3510420.250000,-51.796684,5.820857,46.728512,0.053296,-0.056966,-0.590594,0.803189,0.008877,0.003772,-0.000568,-0.358764,-2.489049,-1.717950,0.137862,0.133692,0.134722,0.000961,0.000563,0.000693,0.000000,0.000000,0.000000,0.000000,0.000000,0.000000,0.000005,0.000004,0.000003,65.692879,265.964722,96.810944,8.301050,9.073407,68.075638,6.388103,6.383980,6.384947,0.010965,0.010556,0.010683,0
37031.804,1545871.750000,5088037.000000,3510419.750000,-51.854847,5.831393,46.774025,0.053295,-0.056842,-0.590395,0.803345,0.008877,0.003772,-0.000568,-0.358764,-2.489049,-1.717950,0.137925,0.133745,0.134782,0.000962,0.000563,0.000694,0.000000,0.000000,0.000000,0.000000,0.000000,0.000000,0.000005,0.000004,0.000003,65.692879,265.964722,96.810944,8.301050,9.073407,68.075638,6.388103,6.383980,6.384947,0.010965,0.010556,0.010683,0
37031.811,1545871.625000,5088037.000000,3510419.250000,-51.913132,5.841516,46.819641,0.053311,-0.056720,-0.590202,0.803494,0.008877,0.003772,-0.000568,-0.358764,-2.489049,-1.717950,0.137989,0.133799,0.134841,0.000963,0.000564,0.000695,0.000000,0.000000,0.000000,0.000000,0.000000,0.000000,0.000005,0.000004,0.000003,65.692879,265.964722,96.810944,8.301050,9.073407,68.075638,6.388103,6.383980,6.384947,0.010965,0.010556,0.010683,0
37031.818,1545871.625000,5088037.000000,3510418.750000,-51.970901,5.852081,46.865498,0.053317,-0.056596,-0.590000,0.803651,0.008877,0.003772,-0.000568,-0.358764,-2.489049,-1.717950,0.138052,0.133852,0.134900,0.000965,0.000564,0.000696,0.000000,0.000000,0.000000,0.000000,0.000000,0.000000,0.000005,0.000004,0.000003,65.692879,265.964722,96.810944,8.301050,9.073407,68.075638,6.388103,6.383980,6.384947,0.010965,0.010556,0.010683,0
37031.825,1545871.500000,5088037.000000,3510418.500000,-52.028423,5.862630,46.910568,0.053323,-0.056476,-0.589810,0.803798,0.008877,0.003772,-0.000568,-0.358764,-2.489049,-1.717950,0.138115,0.133905,0.134959,0.000966,0.000565,0.000697,0.000000,0.000000,0.000000,0.000000,0.000000,0.000000,0.000005,0.000004,0.000003,65.692879,265.964722,96.810944,8.301050,9.073407,68.075638,6.388103,6.383980,6.384947,0.010965,0.010556,0.010683,0
37031.833,1545871.500000,5088037.000000,3510418.000000,-52.086243,5.872904,46.956604,0.053331,-0.056350,-0.589609,0.803954,0.008877,0.003772,-0.000568,-0.358764,-2.489049,-1.717950,0.138179,0.133959,0.135019,0.000967,0.000566,0.000697,0.000000,0.000000,0.000000,0.000000,0.000000,0.000000,0.000005,0.000004,0.000003,65.692879,265.964722,96.810944,8.301050,9.073407,68.075638,6.388103,6.383980,6.384947,0.010965,0.010556,0.010683,0
37031.840,1545871.500000,5088037.000000,3510417.500000,-52.143692,5.883157,47.001640,0.053338,-0.056227,-0.589408,0.804109,0.008877,0.003772,-0.000568,-0.358764,-2.489049,-1.717950,0.138242,0.134012,0.135078,0.000968,0.000566,0.000698,0.000000,0.000000,0.000000,0.000000,0.000000,0.000000,0.000005,0.000004,0.000003,65.692879,265.964722,96.810944,8.301050,9.073407,68.075638,6.388103,6.383980,6.384947,0.010965,0.010556,0.010683,0
37031.847,1545871.375000,5088037.000000,3510417.000000,-52.202301,5.893791,47.047344,0.053343,-0.056110,-0.589210,0.804263,0.008877,0.003772,-0.000568,-0.358764,-2.489049,-1.717950,0.138306,0.134066,0.135138,0.000969,0.000567,0.000699,0.000000,0.000000,0.000000,0.000000,0.000000,0.000000,0.000005,0.000004,0.000003,65.692879,265.964722,96.810944,8.301050,9.073407,68.075638,6.388103,6.383980,6.384947,0.010965,0.010556,0.010683,0
37031.854,1545871.375000,5088037.000000,3510416.500000,-52.260559,5.904138,47.093201,0.053345,-0.055982,-0.589011,0.804417,0.008877,0.003772,-0.000568,-0.358764,-2.489049,-1.717950,0.138370,0.134119,0.135198,0.000971,0.000567,0.000700,0.000000,0.000000,0.000000,0.000000,0.000000,0.000000,0.000005,0.000004,0.000003,65.692879,265.964722,96.810944,8.301050,9.073407,68.075638,6.388103,6.383980,6.384947,0.010965,0.010556,0.010683,0
37031.861,1545871.250000,5088036.500000,3510416.000000,-52.317780,5.914431,47.138626,0.053355,-0.055865,-0.588820,0.804564,0.008877,0.003772,-0.000568,-0.358764,-2.489049,-1.717950,0.138433,0.134173,0.135257,0.000972,0.000568,0.000701,0.000000,0.000000,0.000000,0.000000,0.000000,0.000000,0.000005,0.000004,0.000003,65.692879,265.964722,96.810944,8.301050,9.073407,68.075638,6.388103,6.383980,6.384947,0.010965,0.010556,0.010683,0
37031.868,1545871.250000,5088036.500000,3510415.500000,-52.376076,5.925009,47.184395,0.053356,-0.055740,-0.588623,0.804717,0.008877,0.003772,-0.000568,-0.358764,-2.489049,-1.717950,0.138497,0.134227,0.135317,0.000973,0.000568,0.000701,0.000000,0.000000,0.000000,0.000000,0.000000,0.000000,0.000005,0.000004,0.000003,65.692879,265.964722,96.810944,8.301050,9.073407,68.075638,6.388103,6.383980,6.384947,0.010965,0.010556,0.010683,0
37031.876,1545871.125000,5088036.500000,3510415.000000,-52.434059,5.935611,47.230476,0.053361,-0.055611,-0.588424,0.804871,0.008877,0.003772,-0.000568,-0.358764,-2.489049,-1.717950,0.138562,0.134281,0.135377,0.000974,0.000569,0.000702,0.000000,0.000000,0.000000,0.000000,0.000000,0.000000,0.000005,0.000004,0.000003,65.692879,265.964722,96.810944,8.301050,9.073407,68.075638,6.388103,6.383980,6.384947,0.010965,0.010556,0.010683,0
37031.883,1545871.125000,5088036.500000,3510414.500000,-52.491390,5.945964,47.275703,0.053363,-0.055490,-0.588226,0.805024,0.008877,0.003772,-0.000568,-0.358764,-2.489049,-1.717950,0.138625,0.134334,0.135436,0.000975,0.000569,0.000703,0.000000,0.000000,0.000000,0.000000,0.000000,0.000000,0.000005,0.000004,0.000003,65.692879,265.964722,96.810944,8.301050,9.073407,68.075638,6.388103,6.383980,6.384947,0.010965,0.010556,0.010683,0
37031.890,1545871.000000,5088036.500000,3510414.000000,-52.549694,5.956644,47.321815,0.053367,-0.055362,-0.588032,0.805174,0.008877,0.003772,-0.000568,-0.358764,-2.489049,-1.717950,0.138690,0.134388,0.135497,0.000977,0.000570,0.000704,0.000000,0.000000,0.000000,0.000000,0.000000,0.000000,0.000005,0.000004,0.000003,65.692879,265.964722,96.810944,8.301050,9.073407,68.075638,6.388103,6.383980,6.384947,0.010965,0.010556,0.010683,0
37031.897,1545871.000000,5088036.500000,3510413.500000,-52.607651,5.967345,47.367714,0.053368,-0.055244,-0.587838,0.805324,0.008877,0.003772,-0.000568,-0.358764,-2.489049,-1.717950,0.138755,0.134443,0.135557,0.000978,0.000571,0.000705,0.000000,0.000000,0.000000,0.000000,0.000000,0.000000,0.000005,0.000004,0.000003,65.692879,265.964722,96.810944,8.301050,9.073407,68.075638,6.388103,6.383980,6.384947,0.010965,0.010556,0.010683,0
37031.904,1545870.875000,5088036.500000,3510413.000000,-52.665527,5.978076,47.413971,0.053367,-0.055115,-0.587637,0.805479,0.008877,0.003772,-0.000568,-0.358764,-2.489049,-1.717950,0.138820,0.134497,0.135618,0.000979,0.000571,0.000706,0.000000,0.000000,0.000000,0.000000,0.000000,0.000000,0.000005,0.000004,0.000003,65.692879,265.964722,96.810944,8.301050,9.073407,68.075638,6.388103,6.383980,6.384947,0.010965,0.010556,0.010683,0
37031.911,1545870.875000,5088036.500000,3510412.500000,-52.723022,5.988455,47.459595,0.053371,-0.055001,-0.587443,0.805628,0.008877,0.003772,-0.000568,-0.358764,-2.489049,-1.717950,0.138884,0.134550,0.135678,0.000980,0.000572,0.000706,0.000000,0.000000,0.000000,0.000000,0.000000,0.000000,0.000005,0.000004,0.000003,65.692879,265.964722,96.810944,8.301050,9.073407,68.075638,6.388103,6.383980,6.384947,0.010965,0.010556,0.010683,0
37031.919,1545870.750000,5088036.000000,3510412.000000,-52.781273,5.999132,47.505840,0.053375,-0.054884,-0.587245,0.805780,0.008877,0.003772,-0.000568,-0.358764,-2.489049,-1.717950,0.138949,0.134605,0.135738,0.000981,0.000572,0.000707,0.000000,0.000000,0.000000,0.000000,0.000000,0.000000,0.000005,0.000004,0.000003,65.692879,265.964722,96.810944,8.301050,9.073407,68.075638,6.388103,6.383980,6.384947,0.010965,0.010556,0.010683,0
37031.926,1545870.750000,5088036.000000,3510411.250000,-52.839611,6.009891,47.552261,0.053378,-0.054765,-0.587051,0.805930,0.008877,0.003772,-0.000568,-0.358764,-2.489049,-1.717950,0.139014,0.134659,0.135799,0.000983,0.000573,0.000708,0.000000,0.000000,0.000000,0.000000,0.000000,0.000000,0.000005,0.000004,0.000003,65.692879,265.964722,96.810944,8.301050,9.073407,68.075638,6.388103,6.383980,6.384947,0.010965,0.010556,0.010683,0
37031.933,1545870.625000,5088036.000000,3510410.750000,-52.897568,6.020489,47.597649,0.053379,-0.054645,-0.586854,0.806081,0.008877,0.003772,-0.000568,-0.358764,-2.489049,-1.717950,0.139079,0.134713,0.135859,0.000984,0.000573,0.000709,0.000000,0.000000,0.000000,0.000000,0.000000,0.000000,0.000005,0.000004,0.000003,65.692879,265.964722,96.810944,8.301050,9.073407,68.075638,6.388103,6.383980,6.384947,0.010965,0.010556,0.010683,0
37031.940,1545870.625000,5088036.000000,3510410.250000,-52.955524,6.030899,47.644104,0.053384,-0.054532,-0.586655,0.806233,0.008877,0.003772,-0.000568,-0.358764,-2.489049,-1.717950,0.139144,0.134768,0.135920,0.000985,0.000574,0.000710,0.000000,0.000000,0.000000,0.000000,0.000000,0.000000,0.000005,0.000004,0.000003,65.692879,265.964722,96.810944,8.301050,9.073407,68.075638,6.388103,6.383980,6.384947,0.010965,0.010556,0.010683,0
37031.947,1545870.500000,5088036.000000,3510409.750000,-53.012604,6.041568,47.689777,0.053389,-0.054415,-0.586463,0.806380,0.008877,0.003772,-0.000568,-0.358764,-2.489049,-1.717950,0.139209,0.134822,0.135980,0.000986,0.000574,0.000710,0.000000,0.000000,0.000000,0.000000,0.000000,0.000000,0.000005,0.000004,0.000003,65.692879,265.964722,96.810944,8.301050,9.073407,68.075638,6.388103,6.383980,6.384947,0.010965,0.010556,0.010683,0
37031.954,1545870.500000,5088036.000000,3510409.250000,-53.070854,6.052207,47.736286,0.053387,-0.054289,-0.586265,0.806533,0.008877,0.003772,-0.000568,-0.358764,-2.489049,-1.717950,0.139274,0.134877,0.136041,0.000988,0.000575,0.000711,0.000000,0.000000,0.000000,0.000000,0.000000,0.000000,0.000005,0.000004,0.000003,65.692879,265.964722,96.810944,8.301050,9.073407,68.075638,6.388103,6.383980,6.384947,0.010965,0.010556,0.010683,0
37031.962,1545870.375000,5088036.000000,3510408.750000,-53.129379,6.062518,47.782475,0.053396,-0.054168,-0.586061,0.806689,0.008877,0.003772,-0.000568,-0.358764,-2.489049,-1.717950,0.139340,0.134932,0.136103,0.000989,0.000576,0.000712,0.000000,0.000000,0.000000,0.000000,0.000000,0.000000,0.000005,0.000004,0.000003,65.692879,265.964722,96.810944,8.301050,9.073407,68.075638,6.388103,6.383980,6.384947,0.010965,0.010556,0.010683,0
37031.969,1545870.375000,5088036.000000,3510408.250000,-53.186714,6.073259,47.828297,0.053396,-0.054056,-0.585862,0.806841,0.008877,0.003772,-0.000568,-0.358764,-2.489049,-1.717950,0.139405,0.134986,0.136163,0.000990,0.000576,0.000713,0.000000,0.000000,0.000000,0.000000,0.000000,0.000000,0.000005,0.000004,0.000003,65.692879,265.964722,96.810944,8.301050,9.073407,68.075638,6.388103,6.383980,6.384947,0.010965,0.010556,0.010683,0
37031.976,1545870.250000,5088036.000000,3510407.750000,-53.245079,6.083982,47.874649,0.053403,-0.053928,-0.585665,0.806992,0.008877,0.003772,-0.000568,-0.358764,-2.489049,-1.717950,0.139471,0.135041,0.136224,0.000991,0.000577,0.000714,0.000000,0.000000,0.000000,0.000000,0.000000,0.000000,0.000005,0.000004,0.000003,65.692879,265.964722,96.810944,8.301050,9.073407,68.075638,6.388103,6.383980,6.384947,0.010965,0.010556,0.010683,0
37031.983,1545870.125000,5088035.500000,3510407.250000,-53.303608,6.094776,47.921181,0.053406,-0.053809,-0.585465,0.807145,0.008877,0.003772,-0.000568,-0.358764,-2.489049,-1.717950,0.139537,0.135096,0.136286,0.000992,0.000577,0.000714,0.000000,0.000000,0.000000,0.000000,0.000000,0.000000,0.000005,0.000004,0.000003,65.692879,265.964722,96.810944,8.301050,9.073407,68.075638,6.388103,6.383980,6.384947,0.010965,0.010556,0.010683,0
37031.990,1545870.125000,5088035.500000,3510406.750000,-53.361992,6.105630,47.967812,0.053410,-0.053685,-0.585268,0.807296,0.008877,0.003772,-0.000568,-0.358764,-2.489049,-1.717950,0.139604,0.135151,0.136347,0.000994,0.000578,0.000715,0.000000,0.000000,0.000000,0.000000,0.000000,0.000000,0.000005,0.000004,0.000003,65.692879,265.964722,96.810944,8.301050,9.073407,68.075638,6.388103,6.383980,6.384947,0.010965,0.010556,0.010683,0
37031.997,1545870.000000,5088035.500000,3510406.250000,-53.419960,6.116452,48.013321,0.053420,-0.053569,-0.585067,0.807449,0.008877,0.003772,-0.000568,-0.358764,-2.489049,-1.717950,0.139669,0.135206,0.136408,0.000995,0.000578,0.000716,0.000000,0.000000,0.000000,0.000000,0.000000,0.000000,0.000005,0.000004,0.000003,65.692879,265.964722,96.810944,8.301050,9.073407,68.075638,6.388103,6.383980,6.384947,0.010965,0.010556,0.010683,0
37032.005,1545870.000000,5088035.500000,3510405.750000,-53.478195,6.127277,48.060040,0.053428,-0.053452,-0.584870,0.807599,0.008877,0.003772,-0.000568,-0.358764,-2.489049,-1.717950,0.139736,0.135261,0.136470,0.000996,0.000579,0.000717,0.000000,0.000000,0.000000,0.000000,0.000000,0.000000,0.000005,0.000004,0.000003,65.692879,265.964722,96.810944,8.301050,9.073407,68.075638,6.388103,6.383980,6.384947,0.010965,0.010556,0.010683,0
37032.075,1545869.375000,5088035.000000,3510400.750000,-54.046696,6.232583,48.513367,0.053488,-0.052262,-0.582942,0.809065,0.008877,0.003772,-0.000568,-0.358764,-2.489049,-1.717950,0.140390,0.135803,0.137076,0.001008,0.000585,0.000725,0.000000,0.000000,0.000000,0.000000,0.000000,0.000000,0.000005,0.000004,0.000003,65.692879,265.964722,96.810944,8.301050,9.073407,68.075638,6.388103,6.383980,6.384947,0.010965,0.010556,0.010683,0
37032.082,1545869.250000,5088035.000000,3510400.250000,-54.105183,6.243367,48.560135,0.053490,-0.052147,-0.582745,0.809214,0.008877,0.003772,-0.000568,-0.358764,-2.489049,-1.717950,0.140457,0.135859,0.137139,0.001009,0.000585,0.000726,0.000000,0.000000,0.000000,0.000000,0.000000,0.000000,0.000005,0.000004,0.000003,65.692879,265.964722,96.810944,8.301050,9.073407,68.075638,6.388103,6.383980,6.384947,0.010965,0.010556,0.010683,0
37032.089,1545869.250000,5088035.000000,3510399.750000,-54.164005,6.254313,48.606747,0.053507,-0.052034,-0.582542,0.809367,0.008877,0.003772,-0.000568,-0.358764,-2.489049,-1.717950,0.140525,0.135915,0.137201,0.001011,0.000586,0.000727,0.000000,0.000000,0.000000,0.000000,0.000000,0.000000,0.000005,0.000004,0.000003,65.692879,265.964722,96.810944,8.301050,9.073407,68.075638,6.388103,6.383980,6.384947,0.010965,0.010556,0.010683,0
37032.096,1545869.125000,5088035.000000,3510399.250000,-54.222496,6.265104,48.653786,0.053511,-0.051915,-0.582340,0.809519,0.008877,0.003772,-0.000568,-0.358764,-2.489049,-1.717950,0.140593,0.135971,0.137264,0.001012,0.000586,0.000728,0.000000,0.000000,0.000000,0.000000,0.000000,0.000000,0.000005,0.000004,0.000003,65.692879,265.964722,96.810944,8.301050,9.073407,68.075638,6.388103,6.383980,6.384947,0.010965,0.010556,0.010683,0
37032.103,1545869.125000,5088034.500000,3510398.750000,-54.281345,6.276166,48.700630,0.053515,-0.051798,-0.582145,0.809667,0.008877,0.003772,-0.000568,-0.358764,-2.489049,-1.717950,0.140662,0.136028,0.137327,0.001013,0.000587,0.000728,0.000000,0.000000,0.000000,0.000000,0.000000,0.000000,0.000005,0.000004,0.000003,65.692879,265.964722,96.810944,8.301050,9.073407,68.075638,6.388103,6.383980,6.384947,0.010965,0.010556,0.010683,0
37032.111,1545869.000000,5088034.500000,3510398.250000,-54.339851,6.287043,48.747623,0.053523,-0.051680,-0.581940,0.809821,0.008877,0.003772,-0.000568,-0.358764,-2.489049,-1.717950,0.140730,0.136084,0.137390,0.001014,0.000587,0.000729,0.000000,0.000000,0.000000,0.000000,0.000000,0.000000,0.000005,0.000004,0.000003,65.692879,265.964722,96.810944,8.301050,9.073407,68.075638,6.388103,6.383980,6.384947,0.010965,0.010556,0.010683,0
37032.118,1545869.000000,5088034.500000,3510397.750000,-54.398460,6.298046,48.794479,0.053522,-0.051561,-0.581742,0.809971,0.008877,0.003772,-0.000568,-0.358764,-2.489049,-1.717950,0.140798,0.136140,0.137453,0.001016,0.000588,0.000730,0.000000,0.000000,0.000000,0.000000,0.000000,0.000000,0.000005,0.000004,0.000003,65.692879,265.964722,96.810944,8.301050,9.073407,68.075638,6.388103,6.383980,6.384947,0.010965,0.010556,0.010683,0
37032.125,1545868.875000,5088034.500000,3510397.250000,-54.456997,6.308972,48.841705,0.053524,-0.051441,-0.581543,0.810121,0.008877,0.003772,-0.000568,-0.358764,-2.489049,-1.717950,0.140867,0.136197,0.137517,0.001017,0.000589,0.000731,0.000000,0.000000,0.000000,0.000000,0.000000,0.000000,0.000005,0.000004,0.000003,65.692879,265.964722,96.810944,8.301050,9.073407,68.075638,6.388103,6.383980,6.384947,0.010965,0.010556,0.010683,0
37032.132,1545868.875000,5088034.500000,3510396.750000,-54.514980,6.319620,48.888172,0.053529,-0.051316,-0.581345,0.810271,0.008877,0.003772,-0.000568,-0.358764,-2.489049,-1.717950,0.140934,0.136253,0.137579,0.001018,0.000589,0.000732,0.000000,0.000000,0.000000,0.000000,0.000000,0.000000,0.000005,0.000004,0.000003,65.692879,265.964722,96.810944,8.301050,9.073407,68.075638,6.388103,6.383980,6.384947,0.010965,0.010556,0.010683,0
37032.139,1545868.750000,5088034.500000,3510396.000000,-54.573334,6.330596,48.935143,0.053530,-0.051187,-0.581148,0.810420,0.008877,0.003772,-0.000568,-0.358764,-2.489049,-1.717950,0.141003,0.136309,0.137643,0.001019,0.000590,0.000733,0.000000,0.000000,0.000000,0.000000,0.000000,0.000000,0.000005,0.000004,0.000003,65.692879,265.964722,96.810944,8.301050,9.073407,68.075638,6.388103,6.383980,6.384947,0.010965,0.010556,0.010683,0
37032.147,1545868.750000,5088034.500000,3510395.500000,-54.632690,6.341547,48.982998,0.053533,-0.051055,-0.580947,0.810572,0.008877,0.003772,-0.000568,-0.358764,-2.489049,-1.717950,0.141073,0.136367,0.137707,0.001021,0.000590,0.000733,0.000000,0.000000,0.000000,0.000000,0.000000,0.000000,0.000005,0.000004,0.000003,65.692879,265.964722,96.810944,8.301050,9.073407,68.075638,6.388103,6.383980,6.384947,0.010965,0.010556,0.010683,0
37032.169,1545873.000000,5088039.000000,3510426.750000,-51.354458,6.086587,45.189342,0.062120,-0.053353,-0.595416,0.799233,0.009571,0.003307,-0.000580,-0.383583,-2.398528,-1.731798,0.136157,0.132183,0.133115,0.000926,0.000555,0.000682,0.000000,0.000000,0.000000,0.000000,0.000000,0.000000,0.000005,0.000004,0.000003,69.327705,268.323090,128.784378,9.134863,8.251757,72.621010,6.391073,6.386367,6.387707,0.011021,0.010590,0.010733,0
37032.176,1545872.875000,5088039.000000,3510426.250000,-51.412407,6.097592,45.234657,0.062124,-0.053232,-0.595221,0.799387,0.009571,0.003307,-0.000580,-0.383583,-2.398528,-1.731798,0.136219,0.132237,0.133174,0.000927,0.000555,0.000683,0.000000,0.000000,0.000000,0.000000,0.000000,0.000000,0.000005,0.000004,0.000003,69.327705,268.323090,128.784378,9.134863,8.251757,72.621010,6.391073,6.386367,6.387707,0.011021,0.010590,0.010733,0
37032.183,1545872.875000,5088039.000000,3510425.750000,-51.469551,6.108700,45.279373,0.062124,-0.053110,-0.595029,0.799538,0.009571,0.003307,-0.000580,-0.383583,-2.398528,-1.731798,0.136281,0.132290,0.133233,0.000928,0.000556,0.000684,0.000000,0.000000,0.000000,0.000000,0.000000,0.000000,0.000005,0.000004,0.000003,69.327705,268.323090,128.784378,9.134863,8.251757,72.621010,6.391073,6.386367,6.387707,0.011021,0.010590,0.010733,0
37032.191,1545872.750000,5088039.000000,3510425.250000,-51.526947,6.119661,45.323792,0.062121,-0.052992,-0.594836,0.799689,0.009571,0.003307,-0.000580,-0.383583,-2.398528,-1.731798,0.136343,0.132342,0.133291,0.000929,0.000557,0.000685,0.000000,0.000000,0.000000,0.000000,0.000000,0.000000,0.000005,0.000004,0.000003,69.327705,268.323090,128.784378,9.134863,8.251757,72.621010,6.391073,6.386367,6.387707,0.011021,0.010590,0.010733,0
37032.198,1545872.750000,5088039.000000,3510424.750000,-51.583630,6.130482,45.367645,0.062120,-0.052874,-0.594643,0.799841,0.009571,0.003307,-0.000580,-0.383583,-2.398528,-1.731798,0.136404,0.132395,0.133349,0.000930,0.000557,0.000685,0.000000,0.000000,0.000000,0.000000,0.000000,0.000000,0.000005,0.000004,0.000003,69.327705,268.323090,128.784378,9.134863,8.251757,72.621010,6.391073,6.386367,6.387707,0.011021,0.010590,0.010733,0
37032.205,1545872.625000,5088039.000000,3510424.500000,-51.641224,6.141288,45.412109,0.062124,-0.052753,-0.594449,0.799993,0.009571,0.003307,-0.000580,-0.383583,-2.398528,-1.731798,0.136466,0.132448,0.133407,0.000931,0.000558,0.000686,0.000000,0.000000,0.000000,0.000000,0.000000,0.000000,0.000005,0.000004,0.000003,69.327705,268.323090,128.784378,9.134863,8.251757,72.621010,6.391073,6.386367,6.387707,0.011021,0.010590,0.010733,0
37032.212,1545872.625000,5088038.500000,3510424.000000,-51.698509,6.152213,45.457127,0.062134,-0.052629,-0.594257,0.800143,0.009571,0.003307,-0.000580,-0.383583,-2.398528,-1.731798,0.136528,0.132501,0.133466,0.000932,0.000558,0.000687,0.000000,0.000000,0.000000,0.000000,0.000000,0.000000,0.000005,0.000004,0.000003,69.327705,268.323090,128.784378,9.134863,8.251757,72.621010,6.391073,6.386367,6.387707,0.011021,0.010590,0.010733,0
37032.219,1545872.500000,5088038.500000,3510423.500000,-51.755898,6.162924,45.501785,0.062131,-0.052503,-0.594064,0.800295,0.009571,0.003307,-0.000580,-0.383583,-2.398528,-1.731798,0.136590,0.132554,0.133524,0.000934,0.000559,0.000688,0.000000,0.000000,0.000000,0.000000,0.000000,0.000000,0.000005,0.000004,0.000003,69.327705,268.323090,128.784378,9.134863,8.251757,72.621010,6.391073,6.386367,6.387707,0.011021,0.010590,0.010733,0
37032.226,1545872.500000,5088038.500000,3510423.000000,-51.813015,6.173708,45.546494,0.062130,-0.052381,-0.593875,0.800443,0.009571,0.003307,-0.000580,-0.383583,-2.398528,-1.731798,0.136653,0.132607,0.133583,0.000935,0.000559,0.000688,0.000000,0.000000,0.000000,0.000000,0.000000,0.000000,0.000005,0.000004,0.000003,69.327705,268.323090,128.784378,9.134863,8.251757,72.621010,6.391073,6.386367,6.387707,0.011021,0.010590,0.010733,0
37032.234,1545872.375000,5088038.500000,3510422.500000,-51.870930,6.184747,45.592110,0.062134,-0.052257,-0.593678,0.800597,0.009571,0.003307,-0.000580,-0.383583,-2.398528,-1.731798,0.136716,0.132661,0.133643,0.000936,0.000560,0.000689,0.000000,0.000000,0.000000,0.000000,0.000000,0.000000,0.000005,0.000004,0.000003,69.327705,268.323090,128.784378,9.134863,8.251757,72.621010,6.391073,6.386367,6.387707,0.011021,0.010590,0.010733,0
37032.241,1545872.375000,5088038.500000,3510422.000000,-51.928234,6.195827,45.637169,0.062139,-0.052132,-0.593484,0.800748,0.009571,0.003307,-0.000580,-0.383583,-2.398528,-1.731798,0.136779,0.132714,0.133702,0.000937,0.000560,0.000690,0.000000,0.000000,0.000000,0.000000,0.000000,0.000000,0.000005,0.000004,0.000003,69.327705,268.323090,128.784378,9.134863,8.251757,72.621010,6.391073,6.386367,6.387707,0.011021,0.010590,0.010733,0
37032.248,1545872.250000,5088038.500000,3510421.500000,-51.985855,6.207089,45.681427,0.062140,-0.052009,-0.593290,0.800900,0.009571,0.003307,-0.000580,-0.383583,-2.398528,-1.731798,0.136841,0.132768,0.133761,0.000938,0.000561,0.000691,0.000000,0.000000,0.000000,0.000000,0.000000,0.000000,0.000005,0.000004,0.000003,69.327705,268.323090,128.784378,9.134863,8.251757,72.621010,6.391073,6.386367,6.387707,0.011021,0.010590,0.010733,0
37032.255,1545872.250000,5088038.500000,3510421.000000,-52.043152,6.218029,45.725975,0.062133,-0.051884,-0.593094,0.801054,0.009571,0.003307,-0.000580,-0.383583,-2.398528,-1.731798,0.136904,0.132821,0.133820,0.000939,0.000561,0.000692,0.000000,0.000000,0.000000,0.000000,0.000000,0.000000,0.000005,0.000004,0.000003,69.327705,268.323090,128.784378,9.134863,8.251757,72.621010,6.391073,6.386367,6.387707,0.011021,0.010590,0.010733,0
37032.263,1545872.125000,5088038.500000,3510420.500000,-52.103107,6.229361,45.772736,0.062136,-0.051757,-0.592886,0.801216,0.009571,0.003307,-0.000580,-0.383583,-2.398528,-1.731798,0.136970,0.132877,0.133881,0.000940,0.000562,0.000693,0.000000,0.000000,0.000000,0.000000,0.000000,0.000000,0.000005,0.000004,0.000003,69.327705,268.323090,128.784378,9.134863,8.251757,72.621010,6.391073,6.386367,6.387707,0.011021,0.010590,0.010733,0
37032.285,1545876.000000,5088042.500000,3510447.750000,-49.166191,5.983467,42.425072,0.069764,-0.053763,-0.605536,0.790929,0.010192,0.002892,-0.000593,-0.405628,-2.317132,-1.748086,0.132532,0.128981,0.129671,0.000859,0.000530,0.000647,0.000000,0.000000,0.000000,0.000000,0.000000,0.000000,0.000005,0.000004,0.000003,65.917274,264.425537,103.995819,8.657247,7.065640,68.737396,6.386970,6.382877,6.383882,0.010940,0.010562,0.010693,0
37032.293,1545875.875000,5088042.500000,3510447.250000,-49.223244,5.994069,42.468311,0.069770,-0.053645,-0.605340,0.791087,0.010192,0.002892,-0.000593,-0.405628,-2.317132,-1.748086,0.132589,0.129032,0.129727,0.000860,0.000531,0.000648,0.000000,0.000000,0.000000,0.000000,0.000000,0.000000,0.000005,0.000004,0.000003,65.917274,264.425537,103.995819,8.657247,7.065640,68.737396,6.386970,6.382877,6.383882,0.010940,0.010562,0.010693,0
37032.300,1545875.875000,5088042.500000,3510446.750000,-49.280025,6.004756,42.511505,0.069773,-0.053523,-0.605153,0.791238,0.010192,0.002892,-0.000593,-0.405628,-2.317132,-1.748086,0.132647,0.129082,0.129782,0.000862,0.000531,0.000648,0.000000,0.000000,0.000000,0.000000,0.000000,0.000000,0.000005,0.000004,0.000003,65.917274,264.425537,103.995819,8.657247,7.065640,68.737396,6.386970,6.382877,6.383882,0.010940,0.010562,0.010693,0
37032.398,1545875.000000,5088042.000000,3510440.250000,-50.047943,6.152767,43.095959,0.069811,-0.051857,-0.602552,0.793328,0.010192,0.002892,-0.000593,-0.405628,-2.317132,-1.748086,0.133433,0.129772,0.130535,0.000876,0.000538,0.000659,0.000000,0.000000,0.000000,0.000000,0.000000,0.000000,0.000005,0.000004,0.000003,65.917274,264.425537,103.995819,8.657247,7.065640,68.737396,6.386970,6.382877,6.383882,0.010940,0.010562,0.010693,0
37032.405,1545875.000000,5088042.000000,3510439.750000,-50.104115,6.163517,43.139366,0.069811,-0.051729,-0.602362,0.793480,0.010192,0.002892,-0.000593,-0.405628,-2.317132,-1.748086,0.133491,0.129823,0.130591,0.000877,0.000539,0.000660,0.000000,0.000000,0.000000,0.000000,0.000000,0.000000,0.000005,0.000004,0.000003,65.917274,264.425537,103.995819,8.657247,7.065640,68.737396,6.386970,6.382877,6.383882,0.010940,0.010562,0.010693,0
37032.413,1545874.875000,5088042.000000,3510439.500000,-50.160492,6.174287,43.182465,0.069817,-0.051612,-0.602175,0.793629,0.010192,0.002892,-0.000593,-0.405628,-2.317132,-1.748086,0.133550,0.129874,0.130646,0.000878,0.000539,0.000661,0.000000,0.000000,0.000000,0.000000,0.000000,0.000000,0.000005,0.000004,0.000003,65.917274,264.425537,103.995819,8.657247,7.065640,68.737396,6.386970,6.382877,6.383882,0.010940,0.010562,0.010693,0
37032.420,1545874.875000,5088042.000000,3510439.000000,-50.217339,6.185282,43.226578,0.069825,-0.051485,-0.601979,0.793785,0.010192,0.002892,-0.000593,-0.405628,-2.317132,-1.748086,0.133609,0.129926,0.130703,0.000879,0.000540,0.000661,0.000000,0.000000,0.000000,0.000000,0.000000,0.000000,0.000005,0.000004,0.000003,65.917274,264.425537,103.995819,8.657247,7.065640,68.737396,6.386970,6.382877,6.383882,0.010940,0.010562,0.010693,0
37032.427,1545874.750000,5088041.500000,3510438.500000,-50.273865,6.196557,43.269676,0.069823,-0.051363,-0.601791,0.793936,0.010192,0.002892,-0.000593,-0.405628,-2.317132,-1.748086,0.133668,0.129977,0.130759,0.000880,0.000540,0.000662,0.000000,0.000000,0.000000,0.000000,0.000000,0.000000,0.000005,0.000004,0.000003,65.917274,264.425537,103.995819,8.657247,7.065640,68.737396,6.386970,6.382877,6.383882,0.010940,0.010562,0.010693,0
37032.434,1545874.750000,5088041.500000,3510438.000000,-50.329742,6.207653,43.313042,0.069817,-0.051239,-0.601602,0.794088,0.010192,0.002892,-0.000593,-0.405628,-2.317132,-1.748086,0.133726,0.130028,0.130815,0.000881,0.000541,0.000663,0.000000,0.000000,0.000000,0.000000,0.000000,0.000000,0.000005,0.000004,0.000003,65.917274,264.425537,103.995819,8.657247,7.065640,68.737396,6.386970,6.382877,6.383882,0.010940,0.010562,0.010693,0
37032.441,1545874.625000,5088041.500000,3510437.500000,-50.385220,6.218543,43.355843,0.069818,-0.051117,-0.601415,0.794237,0.010192,0.002892,-0.000593,-0.405628,-2.317132,-1.748086,0.133784,0.130079,0.130870,0.000882,0.000541,0.000664,0.000000,0.000000,0.000000,0.000000,0.000000,0.000000,0.000005,0.000004,0.000003,65.917274,264.425537,103.995819,8.657247,7.065640,68.737396,6.386970,6.382877,6.383882,0.010940,0.010562,0.010693,0
37032.449,1545874.625000,5088041.500000,3510437.000000,-50.441364,6.229655,43.399151,0.069823,-0.050999,-0.601226,0.794388,0.010192,0.002892,-0.000593,-0.405628,-2.317132,-1.748086,0.133843,0.130130,0.130926,0.000883,0.000542,0.000664,0.000000,0.000000,0.000000,0.000000,0.000000,0.000000,0.000005,0.000004,0.000003,65.917274,264.425537,103.995819,8.657247,7.065640,68.737396,6.386970,6.382877,6.383882,0.010940,0.010562,0.010693,0
37032.456,1545874.625000,5088041.500000,3510436.500000,-50.497688,6.240692,43.442604,0.069825,-0.050873,-0.601033,0.794542,0.010192,0.002892,-0.000593,-0.405628,-2.317132,-1.748086,0.133902,0.130181,0.130983,0.000884,0.000542,0.000665,0.000000,0.000000,0.000000,0.000000,0.000000,0.000000,0.000005,0.000004,0.000003,65.917274,264.425537,103.995819,8.657247,7.065640,68.737396,6.386970,6.382877,6.383882,0.010940,0.010562,0.010693,0
37032.463,1545874.500000,5088041.500000,3510436.000000,-50.554329,6.251720,43.485779,0.069832,-0.050749,-0.600843,0.794692,0.010192,0.002892,-0.000593,-0.405628,-2.317132,-1.748086,0.133961,0.130233,0.131039,0.000885,0.000543,0.000666,0.000000,0.000000,0.000000,0.000000,0.000000,0.000000,0.000005,0.000004,0.000003,65.917274,264.425537,103.995819,8.657247,7.065640,68.737396,6.386970,6.382877,6.383882,0.010940,0.010562,0.010693,0
37032.470,1545874.500000,5088041.500000,3510435.500000,-50.611599,6.262849,43.529392,0.069838,-0.050630,-0.600655,0.794841,0.010192,0.002892,-0.000593,-0.405628,-2.317132,-1.748086,0.134021,0.130285,0.131096,0.000886,0.000543,0.000667,0.000000,0.000000,0.000000,0.000000,0.000000,0.000000,0.000005,0.000004,0.000003,65.917274,264.425537,103.995819,8.657247,7.065640,68.737396,6.386970,6.382877,6.383882,0.010940,0.010562,0.010693,0
37032.478,1545874.375000,5088041.500000,3510435.000000,-50.668045,6.273670,43.572701,0.069841,-0.050506,-0.600464,0.794994,0.010192,0.002892,-0.000593,-0.405628,-2.317132,-1.748086,0.134080,0.130336,0.131153,0.000887,0.000544,0.000668,0.000000,0.000000,0.000000,0.000000,0.000000,0.000000,0.000005,0.000004,0.000003,65.917274,264.425537,103.995819,8.657247,7.065640,68.737396,6.386970,6.382877,6.383882,0.010940,0.010562,0.010693,0
37032.485,1545874.375000,5088041.500000,3510434.500000,-50.725174,6.284986,43.616707,0.069852,-0.050379,-0.600274,0.795144,0.010192,0.002892,-0.000593,-0.405628,-2.317132,-1.748086,0.134141,0.130389,0.131210,0.000888,0.000544,0.000668,0.000000,0.000000,0.000000,0.000000,0.000000,0.000000,0.000005,0.000004,0.000003,65.917274,264.425537,103.995819,8.657247,7.065640,68.737396,6.386970,6.382877,6.383882,0.010940,0.010562,0.010693,0
37032.492,1545874.250000,5088041.500000,3510434.250000,-50.780914,6.295905,43.659470,0.069851,-0.050255,-0.600082,0.795296,0.010192,0.002892,-0.000593,-0.405628,-2.317132,-1.748086,0.134199,0.130440,0.131266,0.000889,0.000545,0.000669,0.000000,0.000000,0.000000,0.000000,0.000000,0.000000,0.000005,0.000004,0.000003,65.917274,264.425537,103.995819,8.657247,7.065640,68.737396,6.386970,6.382877,6.383882,0.010940,0.010562,0.010693,0
37032.499,1545874.250000,5088041.500000,3510433.750000,-50.837265,6.306948,43.702972,0.069843,-0.050129,-0.599890,0.795450,0.010192,0.002892,-0.000593,-0.405628,-2.317132,-1.748086,0.134259,0.130492,0.131323,0.000890,0.000545,0.000670,0.000000,0.000000,0.000000,0.000000,0.000000,0.000000,0.000005,0.000004,0.000003,65.917274,264.425537,103.995819,8.657247,7.065640,68.737396,6.386970,6.382877,6.383882,0.010940,0.010562,0.010693,0
37032.506,1545874.125000,5088041.000000,3510433.250000,-50.893322,6.317896,43.746620,0.069843,-0.050009,-0.599699,0.795602,0.010192,0.002892,-0.000593,-0.405628,-2.317132,-1.748086,0.134319,0.130543,0.131380,0.000891,0.000546,0.000671,0.000000,0.000000,0.000000,0.000000,0.000000,0.000000,0.000005,0.000004,0.000003,65.917274,264.425537,103.995819,8.657247,7.065640,68.737396,6.386970,6.382877,6.383882,0.010940,0.010562,0.010693,0
37032.514,1545874.125000,5088041.000000,3510432.750000,-50.950012,6.329037,43.789997,0.069847,-0.049881,-0.599508,0.795753,0.010192,0.002892,-0.000593,-0.405628,-2.317132,-1.748086,0.134378,0.130595,0.131436,0.000892,0.000546,0.000672,0.000000,0.000000,0.000000,0.000000,0.000000,0.000000,0.000005,0.000004,0.000003,65.917274,264.425537,103.995819,8.657247,7.065640,68.737396,6.386970,6.382877,6.383882,0.010940,0.010562,0.010693,0
37032.521,1545874.000000,5088041.000000,3510432.250000,-51.007477,6.340666,43.834671,0.069846,-0.049746,-0.599313,0.795909,0.010192,0.002892,-0.000593,-0.405628,-2.317132,-1.748086,0.134440,0.130649,0.131495,0.000893,0.000547,0.000672,0.000000,0.000000,0.000000,0.000000,0.000000,0.000000,0.000005,0.000004,0.000003,65.917274,264.425537,103.995819,8.657247,7.065640,68.737396,6.386970,6.382877,6.383882,0.010940,0.010562,0.010693,0
37032.528,1545874.000000,5088041.000000,3510431.750000,-51.063763,6.351725,43.878658,0.069858,-0.049616,-0.599128,0.796055,0.010192,0.002892,-0.000593,-0.405628,-2.317132,-1.748086,0.134500,0.130701,0.131552,0.000894,0.000548,0.000673,0.000000,0.000000,0.000000,0.000000,0.000000,0.000000,0.000005,0.000004,0.000003,65.917274,264.425537,103.995819,8.657247,7.065640,68.737396,6.386970,6.382877,6.383882,0.010940,0.010562,0.010693,0
37032.535,1545873.875000,5088041.000000,3510431.250000,-51.120346,6.362745,43.922195,0.069862,-0.049486,-0.598934,0.796209,0.010192,0.002892,-0.000593,-0.405628,-2.317132,-1.748086,0.134560,0.130753,0.131609,0.000895,0.000548,0.000674,0.000000,0.000000,0.000000,0.000000,0.000000,0.000000,0.000005,0.000004,0.000003,65.917274,264.425537,103.995819,8.657247,7.065640,68.737396,6.386970,6.382877,6.383882,0.010940,0.010562,0.010693,0
37032.543,1545873.875000,5088041.000000,3510430.750000,-51.176941,6.374057,43.965897,0.069870,-0.049365,-0.598740,0.796361,0.010192,0.002892,-0.000593,-0.405628,-2.317132,-1.748086,0.134620,0.130805,0.131667,0.000896,0.000549,0.000675,0.000000,0.000000,0.000000,0.000000,0.000000,0.000000,0.000005,0.000004,0.000003,65.917274,264.425537,103.995819,8.657247,7.065640,68.737396,6.386970,6.382877,6.383882,0.010940,0.010562,0.010693,0
37032.550,1545873.750000,5088041.000000,3510430.250000,-51.234287,6.385432,44.010017,0.069876,-0.049235,-0.598542,0.796518,0.010192,0.002892,-0.000593,-0.405628,-2.317132,-1.748086,0.134681,0.130858,0.131725,0.000897,0.000549,0.000676,0.000000,0.000000,0.000000,0.000000,0.000000,0.000000,0.000005,0.000004,0.000003,65.917274,264.425537,103.995819,8.657247,7.065640,68.737396,6.386970,6.382877,6.383882,0.010940,0.010562,0.010693,0
37032.557,1545873.750000,5088041.000000,3510429.750000,-51.291344,6.396641,44.054497,0.069880,-0.049115,-0.598340,0.796677,0.010192,0.002892,-0.000593,-0.405628,-2.317132,-1.748086,0.134743,0.130911,0.131783,0.000899,0.000550,0.000676,0.000000,0.000000,0.000000,0.000000,0.000000,0.000000,0.000005,0.000004,0.000003,65.917274,264.425537,103.995819,8.657247,7.065640,68.737396,6.386970,6.382877,6.383882,0.010940,0.010562,0.010693,0
37032.564,1545873.625000,5088041.000000,3510429.250000,-51.348030,6.407947,44.098183,0.069876,-0.048996,-0.598153,0.796825,0.010192,0.002892,-0.000593,-0.405628,-2.317132,-1.748086,0.134803,0.130963,0.131840,0.000900,0.000550,0.000677,0.000000,0.000000,0.000000,0.000000,0.000000,0.000000,0.000005,0.000004,0.000003,65.917274,264.425537,103.995819,8.657247,7.065640,68.737396,6.386970,6.382877,6.383882,0.010940,0.010562,0.010693,0
37032.571,1545873.625000,5088041.000000,3510428.750000,-51.404663,6.419285,44.141819,0.069885,-0.048873,-0.597961,0.796975,0.010192,0.002892,-0.000593,-0.405628,-2.317132,-1.748086,0.134864,0.131016,0.131898,0.000901,0.000551,0.000678,0.000000,0.000000,0.000000,0.000000,0.000000,0.000000,0.000005,0.000004,0.000003,65.917274,264.425537,103.995819,8.657247,7.065640,68.737396,6.386970,6.382877,6.383882,0.010940,0.010562,0.010693,0
37032.579,1545873.500000,5088041.000000,3510428.250000,-51.461887,6.430402,44.186134,0.069887,-0.048748,-0.597769,0.797127,0.010192,0.002892,-0.000593,-0.405628,-2.317132,-1.748086,0.134925,0.131069,0.131956,0.000902,0.000551,0.000679,0.000000,0.000000,0.000000,0.000000,0.000000,0.000000,0.000005,0.000004,0.000003,65.917274,264.425537,103.995819,8.657247,7.065640,68.737396,6.386970,6.382877,6.383882,0.010940,0.010562,0.010693,0
37032.586,1545873.500000,5088041.000000,3510427.750000,-51.518162,6.441581,44.229973,0.069889,-0.048625,-0.597574,0.797280,0.010192,0.002892,-0.000593,-0.405628,-2.317132,-1.748086,0.134986,0.131121,0.132014,0.000903,0.000552,0.000680,0.000000,0.000000,0.000000,0.000000,0.000000,0.000000,0.000005,0.000004,0.000003,65.917274,264.425537,103.995819,8.657247,7.065640,68.737396,6.386970,6.382877,6.383882,0.010940,0.010562,0.010693,0
37032.593,1545873.375000,5088040.500000,3510427.250000,-51.574791,6.452965,44.273689,0.069893,-0.048501,-0.597385,0.797430,0.010192,0.002892,-0.000593,-0.405628,-2.317132,-1.748086,0.135047,0.131174,0.132072,0.000904,0.000552,0.000680,0.000000,0.000000,0.000000,0.000000,0.000000,0.000000,0.000005,0.000004,0.000003,65.917274,264.425537,103.995819,8.657247,7.065640,68.737396,6.386970,6.382877,6.383882,0.010940,0.010562,0.010693,0
37032.600,1545873.375000,5088040.500000,3510427.000000,-51.630608,6.464021,44.316738,0.069894,-0.048379,-0.597199,0.797576,0.010192,0.002892,-0.000593,-0.405628,-2.317132,-1.748086,0.135108,0.131226,0.132129,0.000905,0.000553,0.000681,0.000000,0.000000,0.000000,0.000000,0.000000,0.000000,0.000005,0.000004,0.000003,65.917274,264.425537,103.995819,8.657247,7.065640,68.737396,6.386970,6.382877,6.383882,0.010940,0.010562,0.010693,0
37032.607,1545873.250000,5088040.500000,3510426.500000,-51.687206,6.475309,44.360428,0.069895,-0.048258,-0.597010,0.797725,0.010192,0.002892,-0.000593,-0.405628,-2.317132,-1.748086,0.135169,0.131279,0.132187,0.000906,0.000553,0.000682,0.000000,0.000000,0.000000,0.000000,0.000000,0.000000,0.000005,0.000004,0.000003,65.917274,264.425537,103.995819,8.657247,7.065640,68.737396,6.386970,6.382877,6.383882,0.010940,0.010562,0.010693,0
37032.615,1545873.250000,5088040.500000,3510426.000000,-51.744427,6.486567,44.405212,0.069899,-0.048132,-0.596812,0.797880,0.010192,0.002892,-0.000593,-0.405628,-2.317132,-1.748086,0.135231,0.131332,0.132246,0.000907,0.000554,0.000683,0.000000,0.000000,0.000000,0.000000,0.000000,0.000000,0.000005,0.000004,0.000003,65.917274,264.425537,103.995819,8.657247,7.065640,68.737396,6.386970,6.382877,6.383882,0.010940,0.010562,0.010693,0
37032.622,1545873.125000,5088040.500000,3510425.500000,-51.801056,6.497853,44.449211,0.069902,-0.048005,-0.596624,0.798028,0.010192,0.002892,-0.000593,-0.405628,-2.317132,-1.748086,0.135292,0.131385,0.132304,0.000908,0.000554,0.000684,0.000000,0.000000,0.000000,0.000000,0.000000,0.000000,0.000005,0.000004,0.000003,65.917274,264.425537,103.995819,8.657247,7.065640,68.737396,6.386970,6.382877,6.383882,0.010940,0.010562,0.010693,0
37032.629,1545873.125000,5088040.500000,3510425.000000,-51.857719,6.509082,44.493279,0.069907,-0.047884,-0.596430,0.798180,0.010192,0.002892,-0.000593,-0.405628,-2.317132,-1.748086,0.135354,0.131438,0.132362,0.000909,0.000555,0.000684,0.000000,0.000000,0.000000,0.000000,0.000000,0.000000,0.000005,0.000004,0.000003,65.917274,264.425537,103.995819,8.657247,7.065640,68.737396,6.386970,6.382877,6.383882,0.010940,0.010562,0.010693,0
37032.636,1545873.000000,5088040.500000,3510424.500000,-51.914188,6.520245,44.537628,0.069910,-0.047761,-0.596235,0.798333,0.010192,0.002892,-0.000593,-0.405628,-2.317132,-1.748086,0.135415,0.131491,0.132421,0.000910,0.000555,0.000685,0.000000,0.000000,0.000000,0.000000,0.000000,0.000000,0.000005,0.000004,0.000003,65.917274,264.425537,103.995819,8.657247,7.065640,68.737396,6.386970,6.382877,6.383882,0.010940,0.010562,0.010693,0
37032.643,1545873.000000,5088040.500000,3510424.000000,-51.970047,6.531498,44.581364,0.069910,-0.047646,-0.596044,0.798482,0.010192,0.002892,-0.000593,-0.405628,-2.317132,-1.748086,0.135476,0.131543,0.132478,0.000911,0.000556,0.000686,0.000000,0.000000,0.000000,0.000000,0.000000,0.000000,0.000005,0.000004,0.000003,65.917274,264.425537,103.995819,8.657247,7.065640,68.737396,6.386970,6.382877,6.383882,0.010940,0.010562,0.010693,0
37032.651,1545872.875000,5088040.500000,3510423.500000,-52.027576,6.543015,44.626030,0.069916,-0.047519,-0.595848,0.798635,0.010192,0.002892,-0.000593,-0.405628,-2.317132,-1.748086,0.135539,0.131597,0.132537,0.000912,0.000557,0.000687,0.000000,0.000000,0.000000,0.000000,0.000000,0.000000,0.000005,0.000004,0.000003,65.917274,264.425537,103.995819,8.657247,7.065640,68.737396,6.386970,6.382877,6.383882,0.010940,0.010562,0.010693,0
37032.658,1545872.875000,5088040.500000,3510423.000000,-52.084110,6.554469,44.670311,0.069919,-0.047397,-0.595657,0.798785,0.010192,0.002892,-0.000593,-0.405628,-2.317132,-1.748086,0.135601,0.131650,0.132596,0.000913,0.000557,0.000688,0.000000,0.000000,0.000000,0.000000,0.000000,0.000000,0.000005,0.000004,0.000003,65.917274,264.425537,103.995819,8.657247,7.065640,68.737396,6.386970,6.382877,6.383882,0.010940,0.010562,0.010693,0
37032.728,1545872.250000,5088040.000000,3510418.250000,-52.637352,6.664757,45.102242,0.069957,-0.046209,-0.593763,0.800260,0.010192,0.002892,-0.000593,-0.405628,-2.317132,-1.748086,0.136210,0.132173,0.133172,0.000924,0.000562,0.000695,0.000000,0.000000,0.000000,0.000000,0.000000,0.000000,0.000005,0.000004,0.000003,65.917274,264.425537,103.995819,8.657247,7.065640,68.737396,6.386970,6.382877,6.383882,0.010940,0.010562,0.010693,0
37032.735,1545872.125000,5088040.000000,3510417.750000,-52.693089,6.675988,45.146191,0.069968,-0.046083,-0.593570,0.800410,0.010192,0.002892,-0.000593,-0.405628,-2.317132,-1.748086,0.136272,0.132226,0.133230,0.000925,0.000563,0.000696,0.000000,0.000000,0.000000,0.000000,0.000000,0.000000,0.000005,0.000004,0.000003,65.917274,264.425537,103.995819,8.657247,7.065640,68.737396,6.386970,6.382877,6.383882,0.010940,0.010562,0.010693,0
37032.743,1545872.125000,5088040.000000,3510417.250000,-52.749950,6.687526,45.191051,0.069977,-0.045957,-0.593378,0.800558,0.010192,0.002892,-0.000593,-0.405628,-2.317132,-1.748086,0.136336,0.132280,0.133290,0.000926,0.000563,0.000697,0.000000,0.000000,0.000000,0.000000,0.000000,0.000000,0.000005,0.000004,0.000003,65.917274,264.425537,103.995819,8.657247,7.065640,68.737396,6.386970,6.382877,6.383882,0.010940,0.010562,0.010693,0
37032.750,1545872.000000,5088040.000000,3510416.750000,-52.807678,6.699279,45.236179,0.069974,-0.045835,-0.593182,0.800711,0.010192,0.002892,-0.000593,-0.405628,-2.317132,-1.748086,0.136400,0.132335,0.133350,0.000927,0.000564,0.000698,0.000000,0.000000,0.000000,0.000000,0.000000,0.000000,0.000005,0.000004,0.000003,65.917274,264.425537,103.995819,8.657247,7.065640,68.737396,6.386970,6.382877,6.383882,0.010940,0.010562,0.010693,0
37032.757,1545872.000000,5088039.500000,3510416.250000,-52.864315,6.710821,45.280739,0.069981,-0.045711,-0.592984,0.800864,0.010192,0.002892,-0.000593,-0.405628,-2.317132,-1.748086,0.136463,0.132389,0.133410,0.000928,0.000564,0.000699,0.000000,0.000000,0.000000,0.000000,0.000000,0.000000,0.000005,0.000004,0.000003,65.917274,264.425537,103.995819,8.657247,7.065640,68.737396,6.386970,6.382877,6.383882,0.010940,0.010562,0.010693,0
37032.764,1545871.875000,5088039.500000,3510415.750000,-52.921257,6.722519,45.325310,0.069978,-0.045595,-0.592784,0.801019,0.010192,0.002892,-0.000593,-0.405628,-2.317132,-1.748086,0.136527,0.132443,0.133470,0.000929,0.000565,0.000699,0.000000,0.000000,0.000000,0.000000,0.000000,0.000000,0.000005,0.000004,0.000003,65.917274,264.425537,103.995819,8.657247,7.065640,68.737396,6.386970,6.382877,6.383882,0.010940,0.010562,0.010693,0
37032.771,1545871.875000,5088039.500000,3510415.250000,-52.977924,6.734147,45.369972,0.069984,-0.045479,-0.592587,0.801171,0.010192,0.002892,-0.000593,-0.405628,-2.317132,-1.748086,0.136590,0.132497,0.133530,0.000931,0.000566,0.000700,0.000000,0.000000,0.000000,0.000000,0.000000,0.000000,0.000005,0.000004,0.000003,65.917274,264.425537,103.995819,8.657247,7.065640,68.737396,6.386970,6.382877,6.383882,0.010940,0.010562,0.010693,0
37032.779,1545871.750000,5088039.500000,3510414.750000,-53.035065,6.745706,45.414253,0.069988,-0.045355,-0.592398,0.801317,0.010192,0.002892,-0.000593,-0.405628,-2.317132,-1.748086,0.136654,0.132552,0.133590,0.000932,0.000566,0.000701,0.000000,0.000000,0.000000,0.000000,0.000000,0.000000,0.000005,0.000004,0.000003,65.917274,264.425537,103.995819,8.657247,7.065640,68.737396,6.386970,6.382877,6.383882,0.010940,0.010562,0.010693,0
37032.786,1545871.750000,5088039.500000,3510414.250000,-53.091808,6.756907,45.458981,0.069990,-0.045233,-0.592203,0.801468,0.010192,0.002892,-0.000593,-0.405628,-2.317132,-1.748086,0.136718,0.132606,0.133650,0.000933,0.000567,0.000702,0.000000,0.000000,0.000000,0.000000,0.000000,0.000000,0.000005,0.000004,0.000003,65.917274,264.425537,103.995819,8.657247,7.065640,68.737396,6.386970,6.382877,6.383882,0.010940,0.010562,0.010693,0
37032.793,1545871.625000,5088039.500000,3510413.750000,-53.148186,6.768292,45.503052,0.069989,-0.045115,-0.592013,0.801615,0.010192,0.002892,-0.000593,-0.405628,-2.317132,-1.748086,0.136781,0.132660,0.133709,0.000934,0.000567,0.000703,0.000000,0.000000,0.000000,0.000000,0.000000,0.000000,0.000005,0.000004,0.000003,65.917274,264.425537,103.995819,8.657247,7.065640,68.737396,6.386970,6.382877,6.383882,0.010940,0.010562,0.010693,0
37032.800,1545871.625000,5088039.500000,3510413.250000,-53.205070,6.779962,45.547626,0.069991,-0.044994,-0.591817,0.801766,0.010192,0.002892,-0.000593,-0.405628,-2.317132,-1.748086,0.136845,0.132714,0.133769,0.000935,0.000568,0.000704,0.000000,0.000000,0.000000,0.000000,0.000000,0.000000,0.000005,0.000004,0.000003,65.917274,264.425537,103.995819,8.657247,7.065640,68.737396,6.386970,6.382877,6.383882,0.010940,0.010562,0.010693,0
37032.807,1545871.500000,5088039.500000,3510412.750000,-53.262360,6.791545,45.592129,0.070000,-0.044873,-0.591622,0.801916,0.010192,0.002892,-0.000593,-0.405628,-2.317132,-1.748086,0.136909,0.132769,0.133830,0.000936,0.000568,0.000704,0.000000,0.000000,0.000000,0.000000,0.000000,0.000000,0.000005,0.000004,0.000003,65.917274,264.425537,103.995819,8.657247,7.065640,68.737396,6.386970,6.382877,6.383882,0.010940,0.010562,0.010693,0
37032.815,1545871.500000,5088039.500000,3510412.250000,-53.319366,6.803112,45.636875,0.070003,-0.044749,-0.591426,0.802068,0.010192,0.002892,-0.000593,-0.405628,-2.317132,-1.748086,0.136973,0.132824,0.133890,0.000937,0.000569,0.000705,0.000000,0.000000,0.000000,0.000000,0.000000,0.000000,0.000005,0.000004,0.000003,65.917274,264.425537,103.995819,8.657247,7.065640,68.737396,6.386970,6.382877,6.383882,0.010940,0.010562,0.010693,0
37032.822,1545871.375000,5088039.500000,3510411.750000,-53.376884,6.814945,45.682484,0.070014,-0.044625,-0.591223,0.802223,0.010192,0.002892,-0.000593,-0.405628,-2.317132,-1.748086,0.137039,0.132879,0.133952,0.000938,0.000569,0.000706,0.000000,0.000000,0.000000,0.000000,0.000000,0.000000,0.000005,0.000004,0.000003,65.917274,264.425537,103.995819,8.657247,7.065640,68.737396,6.386970,6.382877,6.383882,0.010940,0.010562,0.010693,0
37032.829,1545871.375000,5088039.500000,3510411.250000,-53.433907,6.826241,45.727417,0.070018,-0.044502,-0.591029,0.802373,0.010192,0.002892,-0.000593,-0.405628,-2.317132,-1.748086,0.137103,0.132934,0.134012,0.000939,0.000570,0.000707,0.000000,0.000000,0.000000,0.000000,0.000000,0.000000,0.000005,0.000004,0.000003,65.917274,264.425537,103.995819,8.657247,7.065640,68.737396,6.386970,6.382877,6.383882,0.010940,0.010562,0.010693,0
37032.836,1545871.250000,5088039.000000,3510410.750000,-53.490112,6.837764,45.772087,0.070018,-0.044376,-0.590843,0.802516,0.010192,0.002892,-0.000593,-0.405628,-2.317132,-1.748086,0.137167,0.132988,0.134072,0.000940,0.000570,0.000708,0.000000,0.000000,0.000000,0.000000,0.000000,0.000000,0.000005,0.000004,0.000003,65.917274,264.425537,103.995819,8.657247,7.065640,68.737396,6.386970,6.382877,6.383882,0.010940,0.010562,0.010693,0
37032.843,1545871.250000,5088039.000000,3510410.250000,-53.547153,6.849348,45.817184,0.070020,-0.044252,-0.590644,0.802669,0.010192,0.002892,-0.000593,-0.405628,-2.317132,-1.748086,0.137232,0.133043,0.134133,0.000942,0.000571,0.000708,0.000000,0.000000,0.000000,0.000000,0.000000,0.000000,0.000005,0.000004,0.000003,65.917274,264.425537,103.995819,8.657247,7.065640,68.737396,6.386970,6.382877,6.383882,0.010940,0.010562,0.010693,0
37032.851,1545871.125000,5088039.000000,3510409.750000,-53.604252,6.860962,45.862335,0.070021,-0.044126,-0.590450,0.802819,0.010192,0.002892,-0.000593,-0.405628,-2.317132,-1.748086,0.137297,0.133098,0.134194,0.000943,0.000572,0.000709,0.000000,0.000000,0.000000,0.000000,0.000000,0.000000,0.000005,0.000004,0.000003,65.917274,264.425537,103.995819,8.657247,7.065640,68.737396,6.386970,6.382877,6.383882,0.010940,0.010562,0.010693,0
37032.858,1545871.125000,5088039.000000,3510409.250000,-53.662010,6.872624,45.907890,0.070021,-0.043995,-0.590260,0.802967,0.010192,0.002892,-0.000593,-0.405628,-2.317132,-1.748086,0.137362,0.133154,0.134256,0.000944,0.000572,0.000710,0.000000,0.000000,0.000000,0.000000,0.000000,0.000000,0.000005,0.000004,0.000003,65.917274,264.425537,103.995819,8.657247,7.065640,68.737396,6.386970,6.382877,6.383882,0.010940,0.010562,0.010693,0
37032.865,1545871.000000,5088039.000000,3510408.750000,-53.718376,6.884081,45.952164,0.070020,-0.043877,-0.590071,0.803112,0.010192,0.002892,-0.000593,-0.405628,-2.317132,-1.748086,0.137427,0.133208,0.134316,0.000945,0.000573,0.000711,0.000000,0.000000,0.000000,0.000000,0.000000,0.000000,0.000005,0.000004,0.000003,65.917274,264.425537,103.995819,8.657247,7.065640,68.737396,6.386970,6.382877,6.383882,0.010940,0.010562,0.010693,0
37032.872,1545871.000000,5088039.000000,3510408.250000,-53.775322,6.895832,45.997589,0.070019,-0.043760,-0.589880,0.803259,0.010192,0.002892,-0.000593,-0.405628,-2.317132,-1.748086,0.137492,0.133263,0.134377,0.000946,0.000573,0.000712,0.000000,0.000000,0.000000,0.000000,0.000000,0.000000,0.000005,0.000004,0.000003,65.917274,264.425537,103.995819,8.657247,7.065640,68.737396,6.386970,6.382877,6.383882,0.010940,0.010562,0.010693,0
37032.879,1545870.875000,5088039.000000,3510407.750000,-53.832523,6.907338,46.042530,0.070029,-0.043643,-0.589683,0.803409,0.010192,0.002892,-0.000593,-0.405628,-2.317132,-1.748086,0.137557,0.133319,0.134438,0.000947,0.000574,0.000713,0.000000,0.000000,0.000000,0.000000,0.000000,0.000000,0.000005,0.000004,0.000003,65.917274,264.425537,103.995819,8.657247,7.065640,68.737396,6.386970,6.382877,6.383882,0.010940,0.010562,0.010693,0
37032.887,1545870.750000,5088039.000000,3510407.250000,-53.889351,6.918960,46.087868,0.070031,-0.043515,-0.589490,0.803557,0.010192,0.002892,-0.000593,-0.405628,-2.317132,-1.748086,0.137622,0.133374,0.134499,0.000948,0.000574,0.000713,0.000000,0.000000,0.000000,0.000000,0.000000,0.000000,0.000005,0.000004,0.000003,65.917274,264.425537,103.995819,8.657247,7.065640,68.737396,6.386970,6.382877,6.383882,0.010940,0.010562,0.010693,0
37032.894,1545870.750000,5088039.000000,3510406.750000,-53.946198,6.930472,46.132858,0.070038,-0.043393,-0.589302,0.803700,0.010192,0.002892,-0.000593,-0.405628,-2.317132,-1.748086,0.137688,0.133430,0.134561,0.000949,0.000575,0.000714,0.000000,0.000000,0.000000,0.000000,0.000000,0.000000,0.000005,0.000004,0.000003,65.917274,264.425537,103.995819,8.657247,7.065640,68.737396,6.386970,6.382877,6.383882,0.010940,0.010562,0.010693,0
37032.901,1545870.625000,5088039.000000,3510406.250000,-54.003365,6.942236,46.177975,0.070040,-0.043273,-0.589110,0.803848,0.010192,0.002892,-0.000593,-0.405628,-2.317132,-1.748086,0.137754,0.133485,0.134622,0.000950,0.000575,0.000715,0.000000,0.000000,0.000000,0.000000,0.000000,0.000000,0.000005,0.000004,0.000003,65.917274,264.425537,103.995819,8.657247,7.065640,68.737396,6.386970,6.382877,6.383882,0.010940,0.010562,0.010693,0
37032.978,1545870.000000,5088038.500000,3510400.750000,-54.615681,7.068187,46.663433,0.070098,-0.041951,-0.587034,0.805430,0.010192,0.002892,-0.000593,-0.405628,-2.317132,-1.748086,0.138464,0.134084,0.135286,0.000962,0.000581,0.000724,0.000000,0.000000,0.000000,0.000000,0.000000,0.000000,0.000005,0.000004,0.000003,65.917274,264.425537,103.995819,8.657247,7.065640,68.737396,6.386970,6.382877,6.383882,0.010940,0.010562,0.010693,0
37032.985,1545869.875000,5088038.500000,3510400.250000,-54.672066,7.079877,46.708340,0.070099,-0.041828,-0.586846,0.805573,0.010192,0.002892,-0.000593,-0.405628,-2.317132,-1.748086,0.138530,0.134139,0.135348,0.000964,0.000582,0.000725,0.000000,0.000000,0.000000,0.000000,0.000000,0.000000,0.000005,0.000004,0.000003,65.917274,264.425537,103.995819,8.657247,7.065640,68.737396,6.386970,6.382877,6.383882,0.010940,0.010562,0.010693,0
37032.992,1545869.875000,5088038.500000,3510399.750000,-54.728821,7.091462,46.753918,0.070101,-0.041704,-0.586659,0.805716,0.010192,0.002892,-0.000593,-0.405628,-2.317132,-1.748086,0.138597,0.134196,0.135411,0.000965,0.000582,0.000726,0.000000,0.000000,0.000000,0.000000,0.000000,0.000000,0.000005,0.000004,0.000003,65.917274,264.425537,103.995819,8.657247,7.065640,68.737396,6.386970,6.382877,6.383882,0.010940,0.010562,0.010693,0
37032.999,1545869.750000,5088038.000000,3510399.000000,-54.785870,7.102927,46.799694,0.070103,-0.041582,-0.586461,0.805866,0.010192,0.002892,-0.000593,-0.405628,-2.317132,-1.748086,0.138664,0.134252,0.135473,0.000966,0.000583,0.000726,0.000000,0.000000,0.000000,0.000000,0.000000,0.000000,0.000005,0.000004,0.000003,65.917274,264.425537,103.995819,8.657247,7.065640,68.737396,6.386970,6.382877,6.383882,0.010940,0.010562,0.010693,0
37033.007,1545869.750000,5088038.000000,3510398.500000,-54.844234,7.115316,46.845753,0.070102,-0.041462,-0.586257,0.806021,0.010192,0.002892,-0.000593,-0.405628,-2.317132,-1.748086,0.138732,0.134309,0.135537,0.000967,0.000584,0.000727,0.000000,0.000000,0.000000,0.000000,0.000000,0.000000,0.000005,0.000004,0.000003,65.917274,264.425537,103.995819,8.657247,7.065640,68.737396,6.386970,6.382877,6.383882,0.010940,0.010562,0.010693,0
37033.014,1545869.625000,5088038.000000,3510398.000000,-54.901371,7.127249,46.891342,0.070103,-0.041343,-0.586067,0.806165,0.010192,0.002892,-0.000593,-0.405628,-2.317132,-1.748086,0.138799,0.134366,0.135600,0.000968,0.000584,0.000728,0.000000,0.000000,0.000000,0.000000,0.000000,0.000000,0.000005,0.000004,0.000003,65.917274,264.425537,103.995819,8.657247,7.065640,68.737396,6.386970,6.382877,6.383882,0.010940,0.010562,0.010693,0
37033.021,1545869.625000,5088038.000000,3510397.500000,-54.958797,7.139511,46.936481,0.070104,-0.041222,-0.585878,0.806308,0.010192,0.002892,-0.000593,-0.405628,-2.317132,-1.748086,0.138867,0.134423,0.135663,0.000969,0.000585,0.000729,0.000000,0.000000,0.000000,0.000000,0.000000,0.000000,0.000005,0.000004,0.000003,65.917274,264.425537,103.995819,8.657247,7.065640,68.737396,6.386970,6.382877,6.383882,0.010940,0.010562,0.010693,0
37033.028,1545869.500000,5088038.000000,3510397.000000,-55.016270,7.151670,46.982101,0.070117,-0.041098,-0.585681,0.806456,0.010192,0.002892,-0.000593,-0.405628,-2.317132,-1.748086,0.138935,0.134479,0.135726,0.000970,0.000585,0.000730,0.000000,0.000000,0.000000,0.000000,0.000000,0.000000,0.000005,0.000004,0.000003,65.917274,264.425537,103.995819,8.657247,7.065640,68.737396,6.386970,6.382877,6.383882,0.010940,0.010562,0.010693,0
37033.035,1545869.375000,5088038.000000,3510396.500000,-55.072857,7.163453,47.027489,0.070124,-0.040980,-0.585492,0.806600,0.010192,0.002892,-0.000593,-0.405628,-2.317132,-1.748086,0.139002,0.134535,0.135788,0.000972,0.000586,0.000731,0.000000,0.000000,0.000000,0.000000,0.000000,0.000000,0.000005,0.000004,0.000003,65.917274,264.425537,103.995819,8.657247,7.065640,68.737396,6.386970,6.382877,6.383882,0.010940,0.010562,0.010693,0
37033.043,1545869.375000,5088038.000000,3510396.000000,-55.129814,7.175167,47.073505,0.070123,-0.040861,-0.585300,0.806744,0.010192,0.002892,-0.000593,-0.405628,-2.317132,-1.748086,0.139069,0.134592,0.135852,0.000973,0.000586,0.000731,0.000000,0.000000,0.000000,0.000000,0.000000,0.000000,0.000005,0.000004,0.000003,65.917274,264.425537,103.995819,8.657247,7.065640,68.737396,6.386970,6.382877,6.383882,0.010940,0.010562,0.010693,0
37033.050,1545869.250000,5088038.000000,3510395.500000,-55.187420,7.186936,47.119167,0.070123,-0.040739,-0.585111,0.806888,0.010192,0.002892,-0.000593,-0.405628,-2.317132,-1.748086,0.139137,0.134649,0.135915,0.000974,0.000587,0.000732,0.000000,0.000000,0.000000,0.000000,0.000000,0.000000,0.000005,0.000004,0.000003,65.917274,264.425537,103.995819,8.657247,7.065640,68.737396,6.386970,6.382877,6.383882,0.010940,0.010562,0.010693,0
37033.057,1545869.250000,5088038.000000,3510395.000000,-55.245007,7.198654,47.164410,0.070136,-0.040615,-0.584920,0.807031,0.010192,0.002892,-0.000593,-0.405628,-2.317132,-1.748086,0.139206,0.134706,0.135978,0.000975,0.000587,0.000733,0.000000,0.000000,0.000000,0.000000,0.000000,0.000000,0.000005,0.000004,0.000003,65.917274,264.425537,103.995819,8.657247,7.065640,68.737396,6.386970,6.382877,6.383882,0.010940,0.010562,0.010693,0
37033.064,1545869.125000,5088038.000000,3510394.500000,-55.302284,7.210932,47.210152,0.070139,-0.040493,-0.584730,0.807175,0.010192,0.002892,-0.000593,-0.405628,-2.317132,-1.748086,0.139274,0.134763,0.136042,0.000976,0.000588,0.000734,0.000000,0.000000,0.000000,0.000000,0.000000,0.000000,0.000005,0.000004,0.000003,65.917274,264.425537,103.995819,8.657247,7.065640,68.737396,6.386970,6.382877,6.383882,0.010940,0.010562,0.010693,0
37033.071,1545869.125000,5088038.000000,3510394.000000,-55.359344,7.222769,47.256104,0.070151,-0.040370,-0.584534,0.807322,0.010192,0.002892,-0.000593,-0.405628,-2.317132,-1.748086,0.139342,0.134821,0.136105,0.000977,0.000589,0.000735,0.000000,0.000000,0.000000,0.000000,0.000000,0.000000,0.000005,0.000004,0.000003,65.917274,264.425537,103.995819,8.657247,7.065640,68.737396,6.386970,6.382877,6.383882,0.010940,0.010562,0.010693,0
37033.079,1545869.000000,5088037.500000,3510393.500000,-55.415680,7.234558,47.301437,0.070152,-0.040249,-0.584336,0.807472,0.010192,0.002892,-0.000593,-0.405628,-2.317132,-1.748086,0.139410,0.134877,0.136168,0.000978,0.000589,0.000736,0.000000,0.000000,0.000000,0.000000,0.000000,0.000000,0.000005,0.000004,0.000003,65.917274,264.425537,103.995819,8.657247,7.065640,68.737396,6.386970,6.382877,6.383882,0.010940,0.010562,0.010693,0
37033.086,1545869.000000,5088037.500000,3510393.000000,-55.474930,7.246916,47.348434,0.070160,-0.040130,-0.584137,0.807621,0.010192,0.002892,-0.000593,-0.405628,-2.317132,-1.748086,0.139480,0.134936,0.136234,0.000980,0.000590,0.000737,0.000000,0.000000,0.000000,0.000000,0.000000,0.000000,0.000005,0.000004,0.000003,65.917274,264.425537,103.995819,8.657247,7.065640,68.737396,6.386970,6.382877,6.383882,0.010940,0.010562,0.010693,0
37033.093,1545868.875000,5088037.500000,3510392.500000,-55.532555,7.259118,47.394218,0.070162,-0.040005,-0.583939,0.807770,0.010192,0.002892,-0.000593,-0.405628,-2.317132,-1.748086,0.139549,0.134993,0.136298,0.000981,0.000590,0.000737,0.000000,0.000000,0.000000,0.000000,0.000000,0.000000,0.000005,0.000004,0.000003,65.917274,264.425537,103.995819,8.657247,7.065640,68.737396,6.386970,6.382877,6.383882,0.010940,0.010562,0.010693,0
37033.100,1545868.875000,5088037.500000,3510391.750000,-55.589622,7.271250,47.440468,0.070167,-0.039883,-0.583747,0.807914,0.010192,0.002892,-0.000593,-0.405628,-2.317132,-1.748086,0.139618,0.135051,0.136362,0.000982,0.000591,0.000738,0.000000,0.000000,0.000000,0.000000,0.000000,0.000000,0.000005,0.000004,0.000003,65.917274,264.425537,103.995819,8.657247,7.065640,68.737396,6.386970,6.382877,6.383882,0.010940,0.010562,0.010693,0
37033.107,1545868.750000,5088037.500000,3510391.250000,-55.647083,7.282920,47.486465,0.070173,-0.039760,-0.583551,0.808062,0.010192,0.002892,-0.000593,-0.405628,-2.317132,-1.748086,0.139687,0.135108,0.136426,0.000983,0.000591,0.000739,0.000000,0.000000,0.000000,0.000000,0.000000,0.000000,0.000005,0.000004,0.000003,65.917274,264.425537,103.995819,8.657247,7.065640,68.737396,6.386970,6.382877,6.383882,0.010940,0.010562,0.010693,0
37033.115,1545868.625000,5088037.500000,3510390.750000,-55.705006,7.295013,47.533127,0.070174,-0.039627,-0.583358,0.808208,0.010192,0.002892,-0.000593,-0.405628,-2.317132,-1.748086,0.139757,0.135167,0.136491,0.000984,0.000592,0.000740,0.000000,0.000000,0.000000,0.000000,0.000000,0.000000,0.000005,0.000004,0.000003,65.917274,264.425537,103.995819,8.657247,7.065640,68.737396,6.386970,6.382877,6.383882,0.010940,0.010562,0.010693,0
37033.122,1545868.625000,5088037.500000,3510390.250000,-55.762321,7.306827,47.579212,0.070168,-0.039502,-0.583163,0.808354,0.010192,0.002892,-0.000593,-0.405628,-2.317132,-1.748086,0.139826,0.135224,0.136555,0.000985,0.000593,0.000741,0.000000,0.000000,0.000000,0.000000,0.000000,0.000000,0.000005,0.000004,0.000003,65.917274,264.425537,103.995819,8.657247,7.065640,68.737396,6.386970,6.382877,6.383882,0.010940,0.010562,0.010693,0
37033.129,1545868.500000,5088037.500000,3510389.750000,-55.820049,7.318938,47.625267,0.070170,-0.039379,-0.582965,0.808504,0.010192,0.002892,-0.000593,-0.405628,-2.317132,-1.748086,0.139895,0.135282,0.136619,0.000986,0.000593,0.000742,0.000000,0.000000,0.000000,0.000000,0.000000,0.000000,0.000005,0.000004,0.000003,65.917274,264.425537,103.995819,8.657247,7.065640,68.737396,6.386970,6.382877,6.383882,0.010940,0.010562,0.010693,0
37033.136,1545868.500000,5088037.500000,3510389.250000,-55.877205,7.331113,47.671646,0.070174,-0.039253,-0.582771,0.808649,0.010192,0.002892,-0.000593,-0.405628,-2.317132,-1.748086,0.139964,0.135340,0.136684,0.000988,0.000594,0.000743,0.000000,0.000000,0.000000,0.000000,0.000000,0.000000,0.000005,0.000004,0.000003,65.917274,264.425537,103.995819,8.657247,7.065640,68.737396,6.386970,6.382877,6.383882,0.010940,0.010562,0.010693,0
37033.222,1545872.375000,5088041.500000,3510416.750000,-52.987362,7.125917,44.268761,0.078975,-0.040363,-0.595589,0.798378,0.010903,0.002432,-0.000609,-0.435211,-2.227712,-1.776880,0.135609,0.131624,0.132606,0.000907,0.000563,0.000697,0.000000,0.000000,0.000000,0.000000,0.000000,0.000000,0.000005,0.000004,0.000003,69.665710,265.459900,135.715607,9.577973,6.264684,73.003616,6.390035,6.385399,6.386749,0.010989,0.010594,0.010743,0
37033.229,1545872.375000,5088041.500000,3510416.250000,-53.042732,7.137283,44.312088,0.078979,-0.040234,-0.595399,0.798526,0.010903,0.002432,-0.000609,-0.435211,-2.227712,-1.776880,0.135672,0.131678,0.132665,0.000908,0.000563,0.000698,0.000000,0.000000,0.000000,0.000000,0.000000,0.000000,0.000005,0.000004,0.000003,69.665710,265.459900,135.715607,9.577973,6.264684,73.003616,6.390035,6.385399,6.386749,0.010989,0.010594,0.010743,0
37033.236,1545872.250000,5088041.500000,3510415.750000,-53.098797,7.149104,44.356045,0.078986,-0.040111,-0.595210,0.798672,0.010903,0.002432,-0.000609,-0.435211,-2.227712,-1.776880,0.135735,0.131732,0.132725,0.000909,0.000564,0.000699,0.000000,0.000000,0.000000,0.000000,0.000000,0.000000,0.000005,0.000004,0.000003,69.665710,265.459900,135.715607,9.577973,6.264684,73.003616,6.390035,6.385399,6.386749,0.010989,0.010594,0.010743,0
37033.243,1545872.250000,5088041.000000,3510415.250000,-53.154610,7.160856,44.399696,0.078994,-0.039985,-0.595017,0.798822,0.010903,0.002432,-0.000609,-0.435211,-2.227712,-1.776880,0.135798,0.131787,0.132785,0.000910,0.000564,0.000699,0.000000,0.000000,0.000000,0.000000,0.000000,0.000000,0.000005,0.000004,0.000003,69.665710,265.459900,135.715607,9.577973,6.264684,73.003616,6.390035,6.385399,6.386749,0.010989,0.010594,0.010743,0
37033.251,1545872.125000,5088041.000000,3510414.750000,-53.210590,7.173180,44.443668,0.078999,-0.039866,-0.594825,0.798970,0.010903,0.002432,-0.000609,-0.435211,-2.227712,-1.776880,0.135862,0.131841,0.132845,0.000911,0.000565,0.000700,0.000000,0.000000,0.000000,0.000000,0.000000,0.000000,0.000005,0.000004,0.000003,69.665710,265.459900,135.715607,9.577973,6.264684,73.003616,6.390035,6.385399,6.386749,0.010989,0.010594,0.010743,0
37033.258,1545872.125000,5088041.000000,3510414.250000,-53.269192,7.185595,44.489632,0.079001,-0.039740,-0.594624,0.799126,0.010903,0.002432,-0.000609,-0.435211,-2.227712,-1.776880,0.135928,0.131898,0.132907,0.000912,0.000565,0.000701,0.000000,0.000000,0.000000,0.000000,0.000000,0.000000,0.000005,0.000004,0.000003,69.665710,265.459900,135.715607,9.577973,6.264684,73.003616,6.390035,6.385399,6.386749,0.010989,0.010594,0.010743,0
37033.280,1545876.125000,5088045.000000,3510442.000000,-50.245197,6.889605,41.160091,0.086789,-0.041647,-0.607268,0.788644,0.011537,0.002023,-0.000625,-0.461412,-2.147555,-1.806457,0.131494,0.127999,0.128695,0.000836,0.000533,0.000654,0.000000,0.000000,0.000000,0.000000,0.000000,0.000000,0.000005,0.000004,0.000003,65.951294,261.546844,110.145119,9.074415,5.149323,68.995789,6.385928,6.381898,6.382907,0.010912,0.010565,0.010701,0
37033.288,1545876.125000,5088045.000000,3510441.500000,-50.301243,6.901307,41.202377,0.086788,-0.041524,-0.607082,0.788793,0.011537,0.002023,-0.000625,-0.461412,-2.147555,-1.806457,0.131553,0.128050,0.128751,0.000837,0.000533,0.000655,0.000000,0.000000,0.000000,0.000000,0.000000,0.000000,0.000005,0.000004,0.000003,65.951294,261.546844,110.145119,9.074415,5.149323,68.995789,6.385928,6.381898,6.382907,0.010912,0.010565,0.010701,0
37033.295,1545876.000000,5088045.000000,3510441.000000,-50.356110,6.913063,41.243847,0.086786,-0.041406,-0.606897,0.788942,0.011537,0.002023,-0.000625,-0.461412,-2.147555,-1.806457,0.131610,0.128101,0.128806,0.000838,0.000534,0.000656,0.000000,0.000000,0.000000,0.000000,0.000000,0.000000,0.000005,0.000004,0.000003,65.951294,261.546844,110.145119,9.074415,5.149323,68.995789,6.385928,6.381898,6.382907,0.010912,0.010565,0.010701,0
37033.302,1545876.000000,5088045.000000,3510440.500000,-50.410698,6.924737,41.285576,0.086787,-0.041282,-0.606711,0.789092,0.011537,0.002023,-0.000625,-0.461412,-2.147555,-1.806457,0.131668,0.128152,0.128862,0.000839,0.000534,0.000657,0.000000,0.000000,0.000000,0.000000,0.000000,0.000000,0.000005,0.000004,0.000003,65.951294,261.546844,110.145119,9.074415,5.149323,68.995789,6.385928,6.381898,6.382907,0.010912,0.010565,0.010701,0
37033.309,1545875.875000,5088045.000000,3510440.000000,-50.464508,6.936124,41.326942,0.086785,-0.041160,-0.606534,0.789234,0.011537,0.002023,-0.000625,-0.461412,-2.147555,-1.806457,0.131725,0.128203,0.128916,0.000839,0.000535,0.000657,0.000000,0.000000,0.000000,0.000000,0.000000,0.000000,0.000005,0.000004,0.000003,65.951294,261.546844,110.145119,9.074415,5.149323,68.995789,6.385928,6.381898,6.382907,0.010912,0.010565,0.010701,0
37033.316,1545875.875000,5088045.000000,3510439.500000,-50.519096,6.947817,41.369019,0.086780,-0.041041,-0.606353,0.789380,0.011537,0.002023,-0.000625,-0.461412,-2.147555,-1.806457,0.131783,0.128254,0.128972,0.000840,0.000535,0.000658,0.000000,0.000000,0.000000,0.000000,0.000000,0.000000,0.000005,0.000004,0.000003,65.951294,261.546844,110.145119,9.074415,5.149323,68.995789,6.385928,6.381898,6.382907,0.010912,0.010565,0.010701,0
37033.324,1545875.750000,5088045.000000,3510439.250000,-50.573776,6.959686,41.410835,0.086781,-0.040922,-0.606171,0.789526,0.011537,0.002023,-0.000625,-0.461412,-2.147555,-1.806457,0.131841,0.128305,0.129027,0.000841,0.000536,0.000659,0.000000,0.000000,0.000000,0.000000,0.000000,0.000000,0.000005,0.000004,0.000003,65.951294,261.546844,110.145119,9.074415,5.149323,68.995789,6.385928,6.381898,6.382907,0.010912,0.010565,0.010701,0
37033.331,1545875.750000,5088045.000000,3510438.750000,-50.628807,6.971511,41.452675,0.086784,-0.040797,-0.605982,0.789677,0.011537,0.002023,-0.000625,-0.461412,-2.147555,-1.806457,0.131899,0.128356,0.129083,0.000842,0.000536,0.000660,0.000000,0.000000,0.000000,0.000000,0.000000,0.000000,0.000005,0.000004,0.000003,65.951294,261.546844,110.145119,9.074415,5.149323,68.995789,6.385928,6.381898,6.382907,0.010912,0.010565,0.010701,0
37033.338,1545875.625000,5088045.000000,3510438.250000,-50.683891,6.983534,41.494930,0.086787,-0.040677,-0.605796,0.789826,0.011537,0.002023,-0.000625,-0.461412,-2.147555,-1.806457,0.131957,0.128408,0.129139,0.000843,0.000537,0.000660,0.000000,0.000000,0.000000,0.000000,0.000000,0.000000,0.000005,0.000004,0.000003,65.951294,261.546844,110.145119,9.074415,5.149323,68.995789,6.385928,6.381898,6.382907,0.010912,0.010565,0.010701,0
37033.345,1545875.625000,5088044.500000,3510437.750000,-50.739166,6.995407,41.537025,0.086791,-0.040556,-0.605607,0.789977,0.011537,0.002023,-0.000625,-0.461412,-2.147555,-1.806457,0.132015,0.128459,0.129195,0.000844,0.000537,0.000661,0.000000,0.000000,0.000000,0.000000,0.000000,0.000000,0.000005,0.000004,0.000003,65.951294,261.546844,110.145119,9.074415,5.149323,68.995789,6.385928,6.381898,6.382907,0.010912,0.010565,0.010701,0
37033.352,1545875.500000,5088044.500000,3510437.250000,-50.794441,7.007070,41.578796,0.086788,-0.040429,-0.605425,0.790123,0.011537,0.002023,-0.000625,-0.461412,-2.147555,-1.806457,0.132073,0.128511,0.129251,0.000845,0.000538,0.000662,0.000000,0.000000,0.000000,0.000000,0.000000,0.000000,0.000005,0.000004,0.000003,65.951294,261.546844,110.145119,9.074415,5.149323,68.995789,6.385928,6.381898,6.382907,0.010912,0.010565,0.010701,0
37033.360,1545875.500000,5088044.500000,3510436.750000,-50.849380,7.019159,41.620941,0.086796,-0.040306,-0.605239,0.790271,0.011537,0.002023,-0.000625,-0.461412,-2.147555,-1.806457,0.132132,0.128562,0.129307,0.000846,0.000538,0.000663,0.000000,0.000000,0.000000,0.000000,0.000000,0.000000,0.000005,0.000004,0.000003,65.951294,261.546844,110.145119,9.074415,5.149323,68.995789,6.385928,6.381898,6.382907,0.010912,0.010565,0.010701,0
37033.367,1545875.375000,5088044.500000,3510436.250000,-50.903675,7.030907,41.662613,0.086797,-0.040181,-0.605064,0.790411,0.011537,0.002023,-0.000625,-0.461412,-2.147555,-1.806457,0.132190,0.128613,0.129362,0.000847,0.000539,0.000664,0.000000,0.000000,0.000000,0.000000,0.000000,0.000000,0.000005,0.000004,0.000003,65.951294,261.546844,110.145119,9.074415,5.149323,68.995789,6.385928,6.381898,6.382907,0.010912,0.010565,0.010701,0
37033.374,1545875.375000,5088044.500000,3510435.750000,-50.958450,7.042741,41.705048,0.086794,-0.040051,-0.604882,0.790557,0.011537,0.002023,-0.000625,-0.461412,-2.147555,-1.806457,0.132248,0.128665,0.129418,0.000848,0.000539,0.000664,0.000000,0.000000,0.000000,0.000000,0.000000,0.000000,0.000005,0.000004,0.000003,65.951294,261.546844,110.145119,9.074415,5.149323,68.995789,6.385928,6.381898,6.382907,0.010912,0.010565,0.010701,0
37033.381,1545875.250000,5088044.500000,3510435.500000,-51.013306,7.055037,41.747139,0.086801,-0.039929,-0.604698,0.790703,0.011537,0.002023,-0.000625,-0.461412,-2.147555,-1.806457,0.132307,0.128717,0.129475,0.000849,0.000540,0.000665,0.000000,0.000000,0.000000,0.000000,0.000000,0.000000,0.000005,0.000004,0.000003,65.951294,261.546844,110.145119,9.074415,5.149323,68.995789,6.385928,6.381898,6.382907,0.010912,0.010565,0.010701,0
37033.388,1545875.250000,5088044.500000,3510435.000000,-51.068024,7.066926,41.789326,0.086798,-0.039807,-0.604520,0.790846,0.011537,0.002023,-0.000625,-0.461412,-2.147555,-1.806457,0.132366,0.128769,0.129531,0.000850,0.000540,0.000666,0.000000,0.000000,0.000000,0.000000,0.000000,0.000000,0.000005,0.000004,0.000003,65.951294,261.546844,110.145119,9.074415,5.149323,68.995789,6.385928,6.381898,6.382907,0.010912,0.010565,0.010701,0
37033.473,1545874.500000,5088044.000000,3510429.250000,-51.712940,7.207195,42.287556,0.086819,-0.038342,-0.602324,0.792589,0.011537,0.002023,-0.000625,-0.461412,-2.147555,-1.806457,0.133064,0.129382,0.130198,0.000861,0.000546,0.000675,0.000000,0.000000,0.000000,0.000000,0.000000,0.000000,0.000005,0.000004,0.000003,65.951294,261.546844,110.145119,9.074415,5.149323,68.995789,6.385928,6.381898,6.382907,0.010912,0.010565,0.010701,0
37033.480,1545874.375000,5088044.000000,3510428.750000,-51.768551,7.219095,42.330757,0.086824,-0.038217,-0.602132,0.792741,0.011537,0.002023,-0.000625,-0.461412,-2.147555,-1.806457,0.133125,0.129435,0.130256,0.000862,0.000547,0.000676,0.000000,0.000000,0.000000,0.000000,0.000000,0.000000,0.000005,0.000004,0.000003,65.951294,261.546844,110.145119,9.074415,5.149323,68.995789,6.385928,6.381898,6.382907,0.010912,0.010565,0.010701,0
37033.487,1545874.375000,5088044.000000,3510428.250000,-51.823505,7.231265,42.373436,0.086831,-0.038100,-0.601946,0.792887,0.011537,0.002023,-0.000625,-0.461412,-2.147555,-1.806457,0.133185,0.129488,0.130314,0.000863,0.000547,0.000677,0.000000,0.000000,0.000000,0.000000,0.000000,0.000000,0.000005,0.000004,0.000003,65.951294,261.546844,110.145119,9.074415,5.149323,68.995789,6.385928,6.381898,6.382907,0.010912,0.010565,0.010701,0
37033.495,1545874.250000,5088044.000000,3510428.000000,-51.878201,7.243098,42.416225,0.086833,-0.037978,-0.601759,0.793034,0.011537,0.002023,-0.000625,-0.461412,-2.147555,-1.806457,0.133245,0.129541,0.130371,0.000864,0.000548,0.000678,0.000000,0.000000,0.000000,0.000000,0.000000,0.000000,0.000005,0.000004,0.000003,65.951294,261.546844,110.145119,9.074415,5.149323,68.995789,6.385928,6.381898,6.382907,0.010912,0.010565,0.010701,0
37033.502,1545874.250000,5088044.000000,3510427.500000,-51.933784,7.255171,42.459435,0.086839,-0.037853,-0.601568,0.793185,0.011537,0.002023,-0.000625,-0.461412,-2.147555,-1.806457,0.133306,0.129594,0.130430,0.000865,0.000548,0.000678,0.000000,0.000000,0.000000,0.000000,0.000000,0.000000,0.000005,0.000004,0.000003,65.951294,261.546844,110.145119,9.074415,5.149323,68.995789,6.385928,6.381898,6.382907,0.010912,0.010565,0.010701,0
37033.509,1545874.125000,5088044.000000,3510427.000000,-51.988930,7.267215,42.502228,0.086847,-0.037721,-0.601387,0.793328,0.011537,0.002023,-0.000625,-0.461412,-2.147555,-1.806457,0.133367,0.129647,0.130488,0.000866,0.000549,0.000679,0.000000,0.000000,0.000000,0.000000,0.000000,0.000000,0.000005,0.000004,0.000003,65.951294,261.546844,110.145119,9.074415,5.149323,68.995789,6.385928,6.381898,6.382907,0.010912,0.010565,0.010701,0
37033.516,1545874.125000,5088044.000000,3510426.500000,-52.043903,7.279345,42.544685,0.086848,-0.037597,-0.601202,0.793473,0.011537,0.002023,-0.000625,-0.461412,-2.147555,-1.806457,0.133428,0.129700,0.130545,0.000867,0.000550,0.000680,0.000000,0.000000,0.000000,0.000000,0.000000,0.000000,0.000005,0.000004,0.000003,65.951294,261.546844,110.145119,9.074415,5.149323,68.995789,6.385928,6.381898,6.382907,0.010912,0.010565,0.010701,0
37033.523,1545874.000000,5088044.000000,3510426.000000,-52.098911,7.291470,42.587448,0.086850,-0.037478,-0.601013,0.793622,0.011537,0.002023,-0.000625,-0.461412,-2.147555,-1.806457,0.133488,0.129753,0.130603,0.000868,0.000550,0.000681,0.000000,0.000000,0.000000,0.000000,0.000000,0.000000,0.000005,0.000004,0.000003,65.951294,261.546844,110.145119,9.074415,5.149323,68.995789,6.385928,6.381898,6.382907,0.010912,0.010565,0.010701,0
37033.531,1545874.000000,5088044.000000,3510425.500000,-52.154205,7.303593,42.629803,0.086849,-0.037358,-0.600826,0.793770,0.011537,0.002023,-0.000625,-0.461412,-2.147555,-1.806457,0.133549,0.129807,0.130661,0.000869,0.000551,0.000682,0.000000,0.000000,0.000000,0.000000,0.000000,0.000000,0.000005,0.000004,0.000003,65.951294,261.546844,110.145119,9.074415,5.149323,68.995789,6.385928,6.381898,6.382907,0.010912,0.010565,0.010701,0
37033.538,1545873.875000,5088044.000000,3510425.000000,-52.208992,7.315813,42.672787,0.086850,-0.037228,-0.600634,0.793921,0.011537,0.002023,-0.000625,-0.461412,-2.147555,-1.806457,0.133610,0.129860,0.130719,0.000870,0.000551,0.000682,0.000000,0.000000,0.000000,0.000000,0.000000,0.000000,0.000005,0.000004,0.000003,65.951294,261.546844,110.145119,9.074415,5.149323,68.995789,6.385928,6.381898,6.382907,0.010912,0.010565,0.010701,0
37033.545,1545873.875000,5088044.000000,3510424.500000,-52.264336,7.327955,42.715816,0.086854,-0.037109,-0.600450,0.794065,0.011537,0.002023,-0.000625,-0.461412,-2.147555,-1.806457,0.133671,0.129913,0.130777,0.000871,0.000552,0.000683,0.000000,0.000000,0.000000,0.000000,0.000000,0.000000,0.000005,0.000004,0.000003,65.951294,261.546844,110.145119,9.074415,5.149323,68.995789,6.385928,6.381898,6.382907,0.010912,0.010565,0.010701,0
37033.552,1545873.750000,5088044.000000,3510424.000000,-52.319267,7.339775,42.759056,0.086859,-0.036988,-0.600263,0.794212,0.011537,0.002023,-0.000625,-0.461412,-2.147555,-1.806457,0.133732,0.129966,0.130836,0.000872,0.000552,0.000684,0.000000,0.000000,0.000000,0.000000,0.000000,0.000000,0.000005,0.000004,0.000003,65.951294,261.546844,110.145119,9.074415,5.149323,68.995789,6.385928,6.381898,6.382907,0.010912,0.010565,0.010701,0
37033.559,1545873.750000,5088044.000000,3510423.500000,-52.374210,7.351849,42.801838,0.086860,-0.036866,-0.600074,0.794360,0.011537,0.002023,-0.000625,-0.461412,-2.147555,-1.806457,0.133793,0.130020,0.130894,0.000873,0.000553,0.000685,0.000000,0.000000,0.000000,0.000000,0.000000,0.000000,0.000005,0.000004,0.000003,65.951294,261.546844,110.145119,9.074415,5.149323,68.995789,6.385928,6.381898,6.382907,0.010912,0.010565,0.010701,0
37033.567,1545873.625000,5088044.000000,3510423.000000,-52.429180,7.363702,42.844749,0.086856,-0.036741,-0.599896,0.794500,0.011537,0.002023,-0.000625,-0.461412,-2.147555,-1.806457,0.133855,0.130073,0.130952,0.000874,0.000553,0.000685,0.000000,0.000000,0.000000,0.000000,0.000000,0.000000,0.000005,0.000004,0.000003,65.951294,261.546844,110.145119,9.074415,5.149323,68.995789,6.385928,6.381898,6.382907,0.010912,0.010565,0.010701,0
37033.574,1545873.625000,5088044.000000,3510422.500000,-52.484322,7.375749,42.888081,0.086853,-0.036618,-0.599710,0.794647,0.011537,0.002023,-0.000625,-0.461412,-2.147555,-1.806457,0.133916,0.130127,0.131011,0.000875,0.000554,0.000686,0.000000,0.000000,0.000000,0.000000,0.000000,0.000000,0.000005,0.000004,0.000003,65.951294,261.546844,110.145119,9.074415,5.149323,68.995789,6.385928,6.381898,6.382907,0.010912,0.010565,0.010701,0
37033.581,1545873.500000,5088044.000000,3510422.000000,-52.539062,7.387431,42.930981,0.086858,-0.036491,-0.599525,0.794792,0.011537,0.002023,-0.000625,-0.461412,-2.147555,-1.806457,0.133978,0.130180,0.131069,0.000875,0.000554,0.000687,0.000000,0.000000,0.000000,0.000000,0.000000,0.000000,0.000005,0.000004,0.000003,65.951294,261.546844,110.145119,9.074415,5.149323,68.995789,6.385928,6.381898,6.382907,0.010912,0.010565,0.010701,0
37033.588,1545873.500000,5088043.500000,3510421.500000,-52.594227,7.399594,42.974007,0.086859,-0.036373,-0.599339,0.794937,0.011537,0.002023,-0.000625,-0.461412,-2.147555,-1.806457,0.134039,0.130234,0.131128,0.000876,0.000555,0.000688,0.000000,0.000000,0.000000,0.000000,0.000000,0.000000,0.000005,0.000004,0.000003,65.951294,261.546844,110.145119,9.074415,5.149323,68.995789,6.385928,6.381898,6.382907,0.010912,0.010565,0.010701,0
37033.595,1545873.375000,5088043.500000,3510421.000000,-52.649437,7.411690,43.017010,0.086858,-0.036247,-0.599157,0.795080,0.011537,0.002023,-0.000625,-0.461412,-2.147555,-1.806457,0.134101,0.130288,0.131187,0.000877,0.000555,0.000689,0.000000,0.000000,0.000000,0.000000,0.000000,0.000000,0.000005,0.000004,0.000003,65.951294,261.546844,110.145119,9.074415,5.149323,68.995789,6.385928,6.381898,6.382907,0.010912,0.010565,0.010701,0
37033.603,1545873.375000,5088043.500000,3510420.500000,-52.704376,7.423980,43.060211,0.086861,-0.036121,-0.598968,0.795228,0.011537,0.002023,-0.000625,-0.461412,-2.147555,-1.806457,0.134163,0.130342,0.131246,0.000878,0.000556,0.000689,0.000000,0.000000,0.000000,0.000000,0.000000,0.000000,0.000005,0.000004,0.000003,65.951294,261.546844,110.145119,9.074415,5.149323,68.995789,6.385928,6.381898,6.382907,0.010912,0.010565,0.010701,0
37033.610,1545873.250000,5088043.500000,3510420.250000,-52.759315,7.436268,43.103413,0.086864,-0.035989,-0.598782,0.795374,0.011537,0.002023,-0.000625,-0.461412,-2.147555,-1.806457,0.134225,0.130395,0.131304,0.000879,0.000556,0.000690,0.000000,0.000000,0.000000,0.000000,0.000000,0.000000,0.000005,0.000004,0.000003,65.951294,261.546844,110.145119,9.074415,5.149323,68.995789,6.385928,6.381898,6.382907,0.010912,0.010565,0.010701,0
37033.694,1545872.500000,5088043.500000,3510414.500000,-53.405567,7.580101,43.609222,0.086936,-0.034559,-0.596592,0.797074,0.011537,0.002023,-0.000625,-0.461412,-2.147555,-1.806457,0.134957,0.131030,0.132000,0.000891,0.000562,0.000700,0.000000,0.000000,0.000000,0.000000,0.000000,0.000000,0.000005,0.000004,0.000003,65.951294,261.546844,110.145119,9.074415,5.149323,68.995789,6.385928,6.381898,6.382907,0.010912,0.010565,0.010701,0
37033.701,1545872.375000,5088043.000000,3510414.000000,-53.459534,7.592100,43.652397,0.086942,-0.034436,-0.596408,0.797216,0.011537,0.002023,-0.000625,-0.461412,-2.147555,-1.806457,0.135020,0.131084,0.132059,0.000892,0.000563,0.000701,0.000000,0.000000,0.000000,0.000000,0.000000,0.000000,0.000005,0.000004,0.000003,65.951294,261.546844,110.145119,9.074415,5.149323,68.995789,6.385928,6.381898,6.382907,0.010912,0.010565,0.010701,0
37033.708,1545872.375000,5088043.000000,3510413.500000,-53.513847,7.604241,43.695473,0.086935,-0.034318,-0.596222,0.797360,0.011537,0.002023,-0.000625,-0.461412,-2.147555,-1.806457,0.135082,0.131138,0.132118,0.000893,0.000563,0.000701,0.000000,0.000000,0.000000,0.000000,0.000000,0.000000,0.000005,0.000004,0.000003,65.951294,261.546844,110.145119,9.074415,5.149323,68.995789,6.385928,6.381898,6.382907,0.010912,0.010565,0.010701,0
37033.715,1545872.250000,5088043.000000,3510413.000000,-53.569431,7.616467,43.739044,0.086933,-0.034197,-0.596043,0.797500,0.011537,0.002023,-0.000625,-0.461412,-2.147555,-1.806457,0.135146,0.131193,0.132178,0.000894,0.000564,0.000702,0.000000,0.000000,0.000000,0.000000,0.000000,0.000000,0.000005,0.000004,0.000003,65.951294,261.546844,110.145119,9.074415,5.149323,68.995789,6.385928,6.381898,6.382907,0.010912,0.010565,0.010701,0
37033.723,1545872.250000,5088043.000000,3510412.500000,-53.624992,7.628963,43.782627,0.086927,-0.034076,-0.595859,0.797643,0.011537,0.002023,-0.000625,-0.461412,-2.147555,-1.806457,0.135209,0.131248,0.132238,0.000895,0.000564,0.000703,0.000000,0.000000,0.000000,0.000000,0.000000,0.000000,0.000005,0.000004,0.000003,65.951294,261.546844,110.145119,9.074415,5.149323,68.995789,6.385928,6.381898,6.382907,0.010912,0.010565,0.010701,0
37033.730,1545872.125000,5088043.000000,3510412.000000,-53.680626,7.641252,43.826241,0.086923,-0.033955,-0.595671,0.797789,0.011537,0.002023,-0.000625,-0.461412,-2.147555,-1.806457,0.135273,0.131303,0.132299,0.000896,0.000565,0.000704,0.000000,0.000000,0.000000,0.000000,0.000000,0.000000,0.000005,0.000004,0.000003,65.951294,261.546844,110.145119,9.074415,5.149323,68.995789,6.385928,6.381898,6.382907,0.010912,0.010565,0.010701,0
37033.737,1545872.125000,5088043.000000,3510411.500000,-53.736244,7.653404,43.869678,0.086924,-0.033830,-0.595486,0.797933,0.011537,0.002023,-0.000625,-0.461412,-2.147555,-1.806457,0.135337,0.131358,0.132359,0.000897,0.000565,0.000705,0.000000,0.000000,0.000000,0.000000,0.000000,0.000000,0.000005,0.000004,0.000003,65.951294,261.546844,110.145119,9.074415,5.149323,68.995789,6.385928,6.381898,6.382907,0.010912,0.010565,0.010701,0
37033.744,1545872.000000,5088043.000000,3510411.000000,-53.791702,7.665927,43.913258,0.086926,-0.033707,-0.595295,0.798080,0.011537,0.002023,-0.000625,-0.461412,-2.147555,-1.806457,0.135401,0.131413,0.132420,0.000898,0.000566,0.000705,0.000000,0.000000,0.000000,0.000000,0.000000,0.000000,0.000005,0.000004,0.000003,65.951294,261.546844,110.145119,9.074415,5.149323,68.995789,6.385928,6.381898,6.382907,0.010912,0.010565,0.010701,0
37033.751,1545872.000000,5088043.000000,3510410.500000,-53.846874,7.678534,43.956882,0.086925,-0.033578,-0.595107,0.798226,0.011537,0.002023,-0.000625,-0.461412,-2.147555,-1.806457,0.135465,0.131469,0.132480,0.000899,0.000567,0.000706,0.000000,0.000000,0.000000,0.000000,0.000000,0.000000,0.000005,0.000004,0.000003,65.951294,261.546844,110.145119,9.074415,5.149323,68.995789,6.385928,6.381898,6.382907,0.010912,0.010565,0.010701,0
37033.759,1545871.875000,5088043.000000,3510410.000000,-53.902569,7.690947,44.000237,0.086926,-0.033455,-0.594926,0.798365,0.011537,0.002023,-0.000625,-0.461412,-2.147555,-1.806457,0.135529,0.131524,0.132541,0.000900,0.000567,0.000707,0.000000,0.000000,0.000000,0.000000,0.000000,0.000000,0.000005,0.000004,0.000003,65.951294,261.546844,110.145119,9.074415,5.149323,68.995789,6.385928,6.381898,6.382907,0.010912,0.010565,0.010701,0
37033.766,1545871.875000,5088043.000000,3510409.500000,-53.957020,7.702981,44.043476,0.086925,-0.033339,-0.594739,0.798510,0.011537,0.002023,-0.000625,-0.461412,-2.147555,-1.806457,0.135592,0.131578,0.132601,0.000901,0.000568,0.000708,0.000000,0.000000,0.000000,0.000000,0.000000,0.000000,0.000005,0.000004,0.000003,65.951294,261.546844,110.145119,9.074415,5.149323,68.995789,6.385928,6.381898,6.382907,0.010912,0.010565,0.010701,0
37033.773,1545871.750000,5088043.000000,3510409.000000,-54.012604,7.715425,44.087357,0.086924,-0.033213,-0.594542,0.798662,0.011537,0.002023,-0.000625,-0.461412,-2.147555,-1.806457,0.135657,0.131634,0.132662,0.000902,0.000568,0.000709,0.000000,0.000000,0.000000,0.000000,0.000000,0.000000,0.000005,0.000004,0.000003,65.951294,261.546844,110.145119,9.074415,5.149323,68.995789,6.385928,6.381898,6.382907,0.010912,0.010565,0.010701,0
37033.780,1545871.625000,5088043.000000,3510408.500000,-54.068356,7.727769,44.131096,0.086926,-0.033093,-0.594358,0.798804,0.011537,0.002023,-0.000625,-0.461412,-2.147555,-1.806457,0.135721,0.131689,0.132723,0.000903,0.000569,0.000710,0.000000,0.000000,0.000000,0.000000,0.000000,0.000000,0.000005,0.000004,0.000003,65.951294,261.546844,110.145119,9.074415,5.149323,68.995789,6.385928,6.381898,6.382907,0.010912,0.010565,0.010701,0
37033.787,1545871.625000,5088043.000000,3510408.000000,-54.124046,7.740300,44.174961,0.086930,-0.032966,-0.594168,0.798950,0.011537,0.002023,-0.000625,-0.461412,-2.147555,-1.806457,0.135786,0.131745,0.132784,0.000904,0.000569,0.000710,0.000000,0.000000,0.000000,0.000000,0.000000,0.000000,0.000005,0.000004,0.000003,65.951294,261.546844,110.145119,9.074415,5.149323,68.995789,6.385928,6.381898,6.382907,0.010912,0.010565,0.010701,0
37033.794,1545871.500000,5088043.000000,3510407.500000,-54.179146,7.752463,44.218002,0.086931,-0.032842,-0.593981,0.799094,0.011537,0.002023,-0.000625,-0.461412,-2.147555,-1.806457,0.135849,0.131800,0.132844,0.000905,0.000570,0.000711,0.000000,0.000000,0.000000,0.000000,0.000000,0.000000,0.000005,0.000004,0.000003,65.951294,261.546844,110.145119,9.074415,5.149323,68.995789,6.385928,6.381898,6.382907,0.010912,0.010565,0.010701,0
37033.802,1545871.500000,5088043.000000,3510407.000000,-54.234970,7.765001,44.261837,0.086928,-0.032722,-0.593788,0.799243,0.011537,0.002023,-0.000625,-0.461412,-2.147555,-1.806457,0.135914,0.131855,0.132905,0.000906,0.000570,0.000712,0.000000,0.000000,0.000000,0.000000,0.000000,0.000000,0.000005,0.000004,0.000003,65.951294,261.546844,110.145119,9.074415,5.149323,68.995789,6.385928,6.381898,6.382907,0.010912,0.010565,0.010701,0
37033.907,1545870.500000,5088042.500000,3510399.500000,-55.046455,7.949065,44.904892,0.086957,-0.030885,-0.591062,0.801331,0.011537,0.002023,-0.000625,-0.461412,-2.147555,-1.806457,0.136872,0.132676,0.133809,0.000921,0.000578,0.000724,0.000000,0.000000,0.000000,0.000000,0.000000,0.000000,0.000005,0.000004,0.000003,65.951294,261.546844,110.145119,9.074415,5.149323,68.995789,6.385928,6.381898,6.382907,0.010912,0.010565,0.010701,0
37033.914,1545870.375000,5088042.500000,3510399.000000,-55.101536,7.961615,44.948528,0.086951,-0.030761,-0.590878,0.801472,0.011537,0.002023,-0.000625,-0.461412,-2.147555,-1.806457,0.136938,0.132732,0.133870,0.000922,0.000579,0.000725,0.000000,0.000000,0.000000,0.000000,0.000000,0.000000,0.000005,0.000004,0.000003,65.951294,261.546844,110.145119,9.074415,5.149323,68.995789,6.385928,6.381898,6.382907,0.010912,0.010565,0.010701,0
37033.921,1545870.375000,5088042.500000,3510398.500000,-55.156887,7.974176,44.993011,0.086948,-0.030637,-0.590690,0.801615,0.011537,0.002023,-0.000625,-0.461412,-2.147555,-1.806457,0.137004,0.132789,0.133933,0.000923,0.000579,0.000726,0.000000,0.000000,0.000000,0.000000,0.000000,0.000000,0.000005,0.000004,0.000003,65.951294,261.546844,110.145119,9.074415,5.149323,68.995789,6.385928,6.381898,6.382907,0.010912,0.010565,0.010701,0
37033.928,1545870.250000,5088042.500000,3510398.000000,-55.212379,7.986551,45.037350,0.086940,-0.030510,-0.590502,0.801759,0.011537,0.002023,-0.000625,-0.461412,-2.147555,-1.806457,0.137071,0.132846,0.133996,0.000924,0.000580,0.000727,0.000000,0.000000,0.000000,0.000000,0.000000,0.000000,0.000005,0.000004,0.000003,65.951294,261.546844,110.145119,9.074415,5.149323,68.995789,6.385928,6.381898,6.382907,0.010912,0.010565,0.010701,0
37033.935,1545870.250000,5088042.000000,3510397.500000,-55.268421,7.999167,45.081509,0.086942,-0.030383,-0.590311,0.801904,0.011537,0.002023,-0.000625,-0.461412,-2.147555,-1.806457,0.137138,0.132903,0.134059,0.000925,0.000580,0.000728,0.000000,0.000000,0.000000,0.000000,0.000000,0.000000,0.000005,0.000004,0.000003,65.951294,261.546844,110.145119,9.074415,5.149323,68.995789,6.385928,6.381898,6.382907,0.010912,0.010565,0.010701,0
37033.943,1545870.125000,5088042.000000,3510397.000000,-55.323936,8.012024,45.126083,0.086945,-0.030259,-0.590123,0.802047,0.011537,0.002023,-0.000625,-0.461412,-2.147555,-1.806457,0.137205,0.132960,0.134122,0.000926,0.000581,0.000728,0.000000,0.000000,0.000000,0.000000,0.000000,0.000000,0.000005,0.000004,0.000003,65.951294,261.546844,110.145119,9.074415,5.149323,68.995789,6.385928,6.381898,6.382907,0.010912,0.010565,0.010701,0
37033.950,1545870.125000,5088042.000000,3510396.500000,-55.379444,8.024841,45.169655,0.086946,-0.030137,-0.589937,0.802189,0.011537,0.002023,-0.000625,-0.461412,-2.147555,-1.806457,0.137271,0.133016,0.134184,0.000927,0.000581,0.000729,0.000000,0.000000,0.000000,0.000000,0.000000,0.000000,0.000005,0.000004,0.000003,65.951294,261.546844,110.145119,9.074415,5.149323,68.995789,6.385928,6.381898,6.382907,0.010912,0.010565,0.010701,0
37033.957,1545870.000000,5088042.000000,3510396.000000,-55.434792,8.037653,45.214417,0.086941,-0.030020,-0.589747,0.802334,0.011537,0.002023,-0.000625,-0.461412,-2.147555,-1.806457,0.137338,0.133073,0.134247,0.000928,0.000582,0.000730,0.000000,0.000000,0.000000,0.000000,0.000000,0.000000,0.000005,0.000004,0.000003,65.951294,261.546844,110.145119,9.074415,5.149323,68.995789,6.385928,6.381898,6.382907,0.010912,0.010565,0.010701,0
37033.964,1545869.875000,5088042.000000,3510395.500000,-55.490417,8.050310,45.259037,0.086944,-0.029906,-0.589560,0.802475,0.011537,0.002023,-0.000625,-0.461412,-2.147555,-1.806457,0.137405,0.133131,0.134310,0.000929,0.000582,0.000731,0.000000,0.000000,0.000000,0.000000,0.000000,0.000000,0.000005,0.000004,0.000003,65.951294,261.546844,110.145119,9.074415,5.149323,68.995789,6.385928,6.381898,6.382907,0.010912,0.010565,0.010701,0
37033.971,1545869.875000,5088042.000000,3510395.000000,-55.546520,8.062865,45.303543,0.086945,-0.029782,-0.589373,0.802616,0.011537,0.002023,-0.000625,-0.461412,-2.147555,-1.806457,0.137473,0.133188,0.134373,0.000930,0.000583,0.000732,0.000000,0.000000,0.000000,0.000000,0.000000,0.000000,0.000005,0.000004,0.000003,65.951294,261.546844,110.145119,9.074415,5.149323,68.995789,6.385928,6.381898,6.382907,0.010912,0.010565,0.010701,0
37033.978,1545869.750000,5088042.000000,3510394.500000,-55.602371,8.075745,45.347687,0.086944,-0.029655,-0.589179,0.802764,0.011537,0.002023,-0.000625,-0.461412,-2.147555,-1.806457,0.137540,0.133245,0.134437,0.000931,0.000583,0.000733,0.000000,0.000000,0.000000,0.000000,0.000000,0.000000,0.000005,0.000004,0.000003,65.951294,261.546844,110.145119,9.074415,5.149323,68.995789,6.385928,6.381898,6.382907,0.010912,0.010565,0.010701,0
37033.986,1545869.750000,5088042.000000,3510394.000000,-55.658699,8.088467,45.392906,0.086938,-0.029530,-0.588993,0.802905,0.011537,0.002023,-0.000625,-0.461412,-2.147555,-1.806457,0.137609,0.133304,0.134501,0.000932,0.000584,0.000733,0.000000,0.000000,0.000000,0.000000,0.000000,0.000000,0.000005,0.000004,0.000003,65.951294,261.546844,110.145119,9.074415,5.149323,68.995789,6.385928,6.381898,6.382907,0.010912,0.010565,0.010701,0
37033.993,1545869.625000,5088042.000000,3510393.500000,-55.714485,8.101414,45.437340,0.086947,-0.029402,-0.588797,0.803053,0.011537,0.002023,-0.000625,-0.461412,-2.147555,-1.806457,0.137676,0.133361,0.134565,0.000933,0.000585,0.000734,0.000000,0.000000,0.000000,0.000000,0.000000,0.000000,0.000005,0.000004,0.000003,65.951294,261.546844,110.145119,9.074415,5.149323,68.995789,6.385928,6.381898,6.382907,0.010912,0.010565,0.010701,0
37034.000,1545869.625000,5088042.000000,3510393.000000,-55.770660,8.114444,45.481617,0.086949,-0.029271,-0.588609,0.803195,0.011537,0.002023,-0.000625,-0.461412,-2.147555,-1.806457,0.137744,0.133419,0.134628,0.000934,0.000585,0.000735,0.000000,0.000000,0.000000,0.000000,0.000000,0.000000,0.000005,0.000004,0.000003,65.951294,261.546844,110.145119,9.074415,5.149323,68.995789,6.385928,6.381898,6.382907,0.010912,0.010565,0.010701,0
37034.007,1545869.500000,5088042.000000,3510392.500000,-55.826408,8.127007,45.526371,0.086944,-0.029147,-0.588423,0.803336,0.011537,0.002023,-0.000625,-0.461412,-2.147555,-1.806457,0.137812,0.133477,0.134692,0.000935,0.000586,0.000736,0.000000,0.000000,0.000000,0.000000,0.000000,0.000000,0.000005,0.000004,0.000003,65.951294,261.546844,110.145119,9.074415,5.149323,68.995789,6.385928,6.381898,6.382907,0.010912,0.010565,0.010701,0
37034.014,1545869.375000,5088042.000000,3510392.000000,-55.881588,8.139754,45.570267,0.086948,-0.029024,-0.588241,0.803474,0.011537,0.002023,-0.000625,-0.461412,-2.147555,-1.806457,0.137879,0.133534,0.134755,0.000936,0.000586,0.000737,0.000000,0.000000,0.000000,0.000000,0.000000,0.000000,0.000005,0.000004,0.000003,65.951294,261.546844,110.145119,9.074415,5.149323,68.995789,6.385928,6.381898,6.382907,0.010912,0.010565,0.010701,0
37034.120,1545868.375000,5088041.500000,3510384.250000,-56.699203,8.330475,46.227062,0.086962,-0.027228,-0.585472,0.805555,0.011537,0.002023,-0.000625,-0.461412,-2.147555,-1.806457,0.138887,0.134387,0.135700,0.000951,0.000594,0.000749,0.000000,0.000000,0.000000,0.000000,0.000000,0.000000,0.000005,0.000004,0.000003,65.951294,261.546844,110.145119,9.074415,5.149323,68.995789,6.385928,6.381898,6.382907,0.010912,0.010565,0.010701,0
37034.127,1545868.375000,5088041.500000,3510383.750000,-56.754383,8.343443,46.271477,0.086966,-0.027107,-0.585284,0.805695,0.011537,0.002023,-0.000625,-0.461412,-2.147555,-1.806457,0.138956,0.134445,0.135764,0.000952,0.000595,0.000750,0.000000,0.000000,0.000000,0.000000,0.000000,0.000000,0.000005,0.000004,0.000003,65.951294,261.546844,110.145119,9.074415,5.149323,68.995789,6.385928,6.381898,6.382907,0.010912,0.010565,0.010701,0
37034.134,1545868.250000,5088041.500000,3510383.250000,-56.810040,8.356677,46.316986,0.086965,-0.026984,-0.585096,0.805836,0.011537,0.002023,-0.000625,-0.461412,-2.147555,-1.806457,0.139026,0.134504,0.135830,0.000954,0.000595,0.000751,0.000000,0.000000,0.000000,0.000000,0.000000,0.000000,0.000005,0.000004,0.000003,65.951294,261.546844,110.145119,9.074415,5.149323,68.995789,6.385928,6.381898,6.382907,0.010912,0.010565,0.010701,0
37034.141,1545868.125000,5088041.500000,3510382.750000,-56.866966,8.369742,46.362900,0.086962,-0.026850,-0.584907,0.805978,0.011537,0.002023,-0.000625,-0.461412,-2.147555,-1.806457,0.139097,0.134563,0.135896,0.000955,0.000596,0.000752,0.000000,0.000000,0.000000,0.000000,0.000000,0.000000,0.000005,0.000004,0.000003,65.951294,261.546844,110.145119,9.074415,5.149323,68.995789,6.385928,6.381898,6.382907,0.010912,0.010565,0.010701,0
37034.164,1545873.000000,5088045.500000,3510415.000000,-53.402370,8.002317,42.609070,0.095851,-0.028917,-0.599312,0.794230,0.012258,0.001572,-0.000645,-0.495718,-2.060259,-1.848332,0.134191,0.130354,0.131279,0.000871,0.000560,0.000698,0.000000,0.000000,0.000000,0.000000,0.000000,0.000000,0.000005,0.000004,0.000003,69.874649,261.347961,141.664780,10.082150,4.392784,73.029015,6.389097,6.384563,6.385896,0.010955,0.010596,0.010752,0
37034.171,1545872.875000,5088045.500000,3510414.500000,-53.456696,8.014953,42.651894,0.095848,-0.028790,-0.599129,0.794373,0.012258,0.001572,-0.000645,-0.495718,-2.060259,-1.848332,0.134254,0.130409,0.131339,0.000871,0.000560,0.000699,0.000000,0.000000,0.000000,0.000000,0.000000,0.000000,0.000005,0.000004,0.000003,69.874649,261.347961,141.664780,10.082150,4.392784,73.029015,6.389097,6.384563,6.385896,0.010955,0.010596,0.010752,0
37034.178,1545872.875000,5088045.000000,3510414.000000,-53.511219,8.027722,42.694504,0.095848,-0.028671,-0.598946,0.794516,0.012258,0.001572,-0.000645,-0.495718,-2.060259,-1.848332,0.134317,0.130464,0.131399,0.000872,0.000561,0.000700,0.000000,0.000000,0.000000,0.000000,0.000000,0.000000,0.000005,0.000004,0.000003,69.874649,261.347961,141.664780,10.082150,4.392784,73.029015,6.389097,6.384563,6.385896,0.010955,0.010596,0.010752,0
37034.185,1545872.750000,5088045.000000,3510413.500000,-53.565956,8.040703,42.737118,0.095847,-0.028545,-0.598766,0.794656,0.012258,0.001572,-0.000645,-0.495718,-2.060259,-1.848332,0.134381,0.130519,0.131459,0.000873,0.000561,0.000700,0.000000,0.000000,0.000000,0.000000,0.000000,0.000000,0.000005,0.000004,0.000003,69.874649,261.347961,141.664780,10.082150,4.392784,73.029015,6.389097,6.384563,6.385896,0.010955,0.010596,0.010752,0
37034.192,1545872.750000,5088045.000000,3510413.000000,-53.620373,8.053405,42.779907,0.095850,-0.028424,-0.598580,0.794800,0.012258,0.001572,-0.000645,-0.495718,-2.060259,-1.848332,0.134444,0.130574,0.131520,0.000874,0.000562,0.000701,0.000000,0.000000,0.000000,0.000000,0.000000,0.000000,0.000005,0.000004,0.000003,69.874649,261.347961,141.664780,10.082150,4.392784,73.029015,6.389097,6.384563,6.385896,0.010955,0.010596,0.010752,0
37034.200,1545872.625000,5088045.000000,3510412.500000,-53.675533,8.066254,42.823368,0.095857,-0.028299,-0.598388,0.794948,0.012258,0.001572,-0.000645,-0.495718,-2.060259,-1.848332,0.134508,0.130630,0.131581,0.000875,0.000562,0.000702,0.000000,0.000000,0.000000,0.000000,0.000000,0.000000,0.000005,0.000004,0.000003,69.874649,261.347961,141.664780,10.082150,4.392784,73.029015,6.389097,6.384563,6.385896,0.010955,0.010596,0.010752,0
37034.207,1545872.500000,5088045.000000,3510412.000000,-53.730305,8.078937,42.866119,0.095855,-0.028175,-0.598204,0.795091,0.012258,0.001572,-0.000645,-0.495718,-2.060259,-1.848332,0.134572,0.130685,0.131641,0.000876,0.000563,0.000703,0.000000,0.000000,0.000000,0.000000,0.000000,0.000000,0.000005,0.000004,0.000003,69.874649,261.347961,141.664780,10.082150,4.392784,73.029015,6.389097,6.384563,6.385896,0.010955,0.010596,0.010752,0
37034.214,1545872.500000,5088045.000000,3510411.500000,-53.784492,8.091405,42.909214,0.095850,-0.028042,-0.598021,0.795234,0.012258,0.001572,-0.000645,-0.495718,-2.060259,-1.848332,0.134635,0.130741,0.131701,0.000877,0.000564,0.000704,0.000000,0.000000,0.000000,0.000000,0.000000,0.000000,0.000005,0.000004,0.000003,69.874649,261.347961,141.664780,10.082150,4.392784,73.029015,6.389097,6.384563,6.385896,0.010955,0.010596,0.010752,0
37034.221,1545872.375000,5088045.000000,3510411.000000,-53.838871,8.103864,42.952530,0.095855,-0.027912,-0.597836,0.795377,0.012258,0.001572,-0.000645,-0.495718,-2.060259,-1.848332,0.134699,0.130796,0.131762,0.000878,0.000564,0.000704,0.000000,0.000000,0.000000,0.000000,0.000000,0.000000,0.000005,0.000004,0.000003,69.874649,261.347961,141.664780,10.082150,4.392784,73.029015,6.389097,6.384563,6.385896,0.010955,0.010596,0.010752,0
37034.229,1545872.375000,5088045.000000,3510410.500000,-53.893642,8.116750,42.995438,0.095857,-0.027786,-0.597652,0.795520,0.012258,0.001572,-0.000645,-0.495718,-2.060259,-1.848332,0.134763,0.130852,0.131822,0.000879,0.000565,0.000705,0.000000,0.000000,0.000000,0.000000,0.000000,0.000000,0.000005,0.000004,0.000003,69.874649,261.347961,141.664780,10.082150,4.392784,73.029015,6.389097,6.384563,6.385896,0.010955,0.010596,0.010752,0
37034.236,1545872.250000,5088045.000000,3510410.000000,-53.948170,8.129602,43.038647,0.095860,-0.027665,-0.597464,0.795665,0.012258,0.001572,-0.000645,-0.495718,-2.060259,-1.848332,0.134827,0.130907,0.131883,0.000880,0.000565,0.000706,0.000000,0.000000,0.000000,0.000000,0.000000,0.000000,0.000005,0.000004,0.000003,69.874649,261.347961,141.664780,10.082150,4.392784,73.029015,6.389097,6.384563,6.385896,0.010955,0.010596,0.010752,0
37034.243,1545872.250000,5088045.000000,3510409.500000,-54.002785,8.142501,43.081741,0.095861,-0.027537,-0.597280,0.795807,0.012258,0.001572,-0.000645,-0.495718,-2.060259,-1.848332,0.134891,0.130963,0.131944,0.000881,0.000566,0.000707,0.000000,0.000000,0.000000,0.000000,0.000000,0.000000,0.000005,0.000004,0.000003,69.874649,261.347961,141.664780,10.082150,4.392784,73.029015,6.389097,6.384563,6.385896,0.010955,0.010596,0.010752,0
37034.250,1545872.125000,5088045.000000,3510409.000000,-54.056702,8.154849,43.124172,0.095861,-0.027414,-0.597098,0.795948,0.012258,0.001572,-0.000645,-0.495718,-2.060259,-1.848332,0.134954,0.131017,0.132004,0.000882,0.000566,0.000708,0.000000,0.000000,0.000000,0.000000,0.000000,0.000000,0.000005,0.000004,0.000003,69.874649,261.347961,141.664780,10.082150,4.392784,73.029015,6.389097,6.384563,6.385896,0.010955,0.010596,0.010752,0
37034.385,1545875.375000,5088048.500000,3510429.750000,-51.789345,8.003847,40.474514,0.103714,-0.027300,-0.606854,0.787545,0.012901,0.001171,-0.000664,-0.526098,-1.982152,-1.889478,0.131443,0.127925,0.128669,0.000823,0.000541,0.000672,0.000000,0.000000,0.000000,0.000000,0.000000,0.000000,0.000005,0.000004,0.000003,65.960121,257.699127,115.854980,9.559076,3.364166,68.968048,6.385021,6.381075,6.382067,0.010883,0.010567,0.010709,0
37034.392,1545875.375000,5088048.500000,3510429.250000,-51.843170,8.016937,40.516579,0.103710,-0.027173,-0.606673,0.787689,0.012901,0.001171,-0.000664,-0.526098,-1.982152,-1.889478,0.131503,0.127979,0.128727,0.000824,0.000542,0.000673,0.000000,0.000000,0.000000,0.000000,0.000000,0.000000,0.000005,0.000004,0.000003,65.960121,257.699127,115.854980,9.559076,3.364166,68.968048,6.385021,6.381075,6.382067,0.010883,0.010567,0.010709,0
37034.399,1545875.250000,5088048.000000,3510428.750000,-51.896351,8.029865,40.558296,0.103707,-0.027044,-0.606494,0.787832,0.012901,0.001171,-0.000664,-0.526098,-1.982152,-1.889478,0.131563,0.128032,0.128784,0.000825,0.000542,0.000674,0.000000,0.000000,0.000000,0.000000,0.000000,0.000000,0.000005,0.000004,0.000003,65.960121,257.699127,115.854980,9.559076,3.364166,68.968048,6.385021,6.381075,6.382067,0.010883,0.010567,0.010709,0
37034.406,1545875.250000,5088048.000000,3510428.500000,-51.949360,8.042576,40.599941,0.103700,-0.026922,-0.606317,0.787973,0.012901,0.001171,-0.000664,-0.526098,-1.982152,-1.889478,0.131623,0.128085,0.128842,0.000826,0.000543,0.000674,0.000000,0.000000,0.000000,0.000000,0.000000,0.000000,0.000005,0.000004,0.000003,65.960121,257.699127,115.854980,9.559076,3.364166,68.968048,6.385021,6.381075,6.382067,0.010883,0.010567,0.010709,0
37034.413,1545875.125000,5088048.000000,3510428.000000,-52.002480,8.055258,40.641674,0.103693,-0.026796,-0.606135,0.788118,0.012901,0.001171,-0.000664,-0.526098,-1.982152,-1.889478,0.131683,0.128138,0.128899,0.000827,0.000543,0.000675,0.000000,0.000000,0.000000,0.000000,0.000000,0.000000,0.000005,0.000004,0.000003,65.960121,257.699127,115.854980,9.559076,3.364166,68.968048,6.385021,6.381075,6.382067,0.010883,0.010567,0.010709,0
37034.421,1545875.125000,5088048.000000,3510427.500000,-52.056107,8.068269,40.683075,0.103696,-0.026672,-0.605955,0.788260,0.012901,0.001171,-0.000664,-0.526098,-1.982152,-1.889478,0.131742,0.128191,0.128957,0.000828,0.000544,0.000676,0.000000,0.000000,0.000000,0.000000,0.000000,0.000000,0.000005,0.000004,0.000003,65.960121,257.699127,115.854980,9.559076,3.364166,68.968048,6.385021,6.381075,6.382067,0.010883,0.010567,0.010709,0
37034.428,1545875.000000,5088048.000000,3510427.000000,-52.109501,8.081092,40.724934,0.103695,-0.026550,-0.605775,0.788403,0.012901,0.001171,-0.000664,-0.526098,-1.982152,-1.889478,0.131803,0.128244,0.129014,0.000828,0.000544,0.000677,0.000000,0.000000,0.000000,0.000000,0.000000,0.000000,0.000005,0.000004,0.000003,65.960121,257.699127,115.854980,9.559076,3.364166,68.968048,6.385021,6.381075,6.382067,0.010883,0.010567,0.010709,0
37034.435,1545875.000000,5088048.000000,3510426.500000,-52.161896,8.093740,40.765972,0.103698,-0.026429,-0.605595,0.788545,0.012901,0.001171,-0.000664,-0.526098,-1.982152,-1.889478,0.131862,0.128297,0.129071,0.000829,0.000545,0.000678,0.000000,0.000000,0.000000,0.000000,0.000000,0.000000,0.000005,0.000004,0.000003,65.960121,257.699127,115.854980,9.559076,3.364166,68.968048,6.385021,6.381075,6.382067,0.010883,0.010567,0.010709,0
37034.442,1545874.875000,5088048.000000,3510426.000000,-52.215275,8.106674,40.807686,0.103697,-0.026308,-0.605414,0.788688,0.012901,0.001171,-0.000664,-0.526098,-1.982152,-1.889478,0.131922,0.128350,0.129129,0.000830,0.000545,0.000678,0.000000,0.000000,0.000000,0.000000,0.000000,0.000000,0.000005,0.000004,0.000003,65.960121,257.699127,115.854980,9.559076,3.364166,68.968048,6.385021,6.381075,6.382067,0.010883,0.010567,0.010709,0
37034.449,1545874.875000,5088048.000000,3510425.500000,-52.268417,8.119604,40.849495,0.103695,-0.026190,-0.605233,0.788831,0.012901,0.001171,-0.000664,-0.526098,-1.982152,-1.889478,0.131983,0.128404,0.129187,0.000831,0.000546,0.000679,0.000000,0.000000,0.000000,0.000000,0.000000,0.000000,0.000005,0.000004,0.000003,65.960121,257.699127,115.854980,9.559076,3.364166,68.968048,6.385021,6.381075,6.382067,0.010883,0.010567,0.010709,0
37034.457,1545874.750000,5088048.000000,3510425.000000,-52.321564,8.132600,40.891266,0.103688,-0.026058,-0.605049,0.788977,0.012901,0.001171,-0.000664,-0.526098,-1.982152,-1.889478,0.132043,0.128457,0.129245,0.000832,0.000546,0.000680,0.000000,0.000000,0.000000,0.000000,0.000000,0.000000,0.000005,0.000004,0.000003,65.960121,257.699127,115.854980,9.559076,3.364166,68.968048,6.385021,6.381075,6.382067,0.010883,0.010567,0.010709,0
37034.464,1545874.750000,5088048.000000,3510424.500000,-52.375656,8.145433,40.933445,0.103692,-0.025932,-0.604860,0.789126,0.012901,0.001171,-0.000664,-0.526098,-1.982152,-1.889478,0.132104,0.128511,0.129303,0.000833,0.000547,0.000681,0.000000,0.000000,0.000000,0.000000,0.000000,0.000000,0.000005,0.000004,0.000003,65.960121,257.699127,115.854980,9.559076,3.364166,68.968048,6.385021,6.381075,6.382067,0.010883,0.010567,0.010709,0
37034.471,1545874.625000,5088048.000000,3510424.000000,-52.429234,8.158343,40.974903,0.103685,-0.025809,-0.604679,0.789269,0.012901,0.001171,-0.000664,-0.526098,-1.982152,-1.889478,0.132165,0.128565,0.129361,0.000834,0.000547,0.000682,0.000000,0.000000,0.000000,0.000000,0.000000,0.000000,0.000005,0.000004,0.000003,65.960121,257.699127,115.854980,9.559076,3.364166,68.968048,6.385021,6.381075,6.382067,0.010883,0.010567,0.010709,0
37034.478,1545874.625000,5088048.000000,3510423.500000,-52.482620,8.171291,41.016453,0.103695,-0.025676,-0.604500,0.789410,0.012901,0.001171,-0.000664,-0.526098,-1.982152,-1.889478,0.132226,0.128619,0.129420,0.000835,0.000548,0.000682,0.000000,0.000000,0.000000,0.000000,0.000000,0.000000,0.000005,0.000004,0.000003,65.960121,257.699127,115.854980,9.559076,3.364166,68.968048,6.385021,6.381075,6.382067,0.010883,0.010567,0.010709,0
37034.675,1545872.750000,5088047.500000,3510410.500000,-53.945499,8.528489,42.164024,0.103663,-0.022266,-0.599530,0.793298,0.012901,0.001171,-0.000664,-0.526098,-1.982152,-1.889478,0.133922,0.130109,0.131039,0.000859,0.000562,0.000704,0.000000,0.000000,0.000000,0.000000,0.000000,0.000000,0.000005,0.000004,0.000003,65.960121,257.699127,115.854980,9.559076,3.364166,68.968048,6.385021,6.381075,6.382067,0.010883,0.010567,0.010709,0
37034.682,1545872.625000,5088047.500000,3510410.000000,-53.998123,8.541748,42.206093,0.103658,-0.022145,-0.599349,0.793439,0.012901,0.001171,-0.000664,-0.526098,-1.982152,-1.889478,0.133984,0.130164,0.131099,0.000860,0.000562,0.000705,0.000000,0.000000,0.000000,0.000000,0.000000,0.000000,0.000005,0.000004,0.000003,65.960121,257.699127,115.854980,9.559076,3.364166,68.968048,6.385021,6.381075,6.382067,0.010883,0.010567,0.010709,0
37034.689,1545872.625000,5088047.500000,3510409.500000,-54.051846,8.554836,42.248203,0.103659,-0.022028,-0.599170,0.793577,0.012901,0.001171,-0.000664,-0.526098,-1.982152,-1.889478,0.134048,0.130219,0.131160,0.000861,0.000563,0.000706,0.000000,0.000000,0.000000,0.000000,0.000000,0.000000,0.000005,0.000004,0.000003,65.960121,257.699127,115.854980,9.559076,3.364166,68.968048,6.385021,6.381075,6.382067,0.010883,0.010567,0.010709,0
37034.696,1545872.500000,5088047.500000,3510409.000000,-54.104588,8.568204,42.290215,0.103651,-0.021906,-0.598989,0.793718,0.012901,0.001171,-0.000664,-0.526098,-1.982152,-1.889478,0.134111,0.130274,0.131220,0.000862,0.000563,0.000707,0.000000,0.000000,0.000000,0.000000,0.000000,0.000000,0.000005,0.000004,0.000003,65.960121,257.699127,115.854980,9.559076,3.364166,68.968048,6.385021,6.381075,6.382067,0.010883,0.010567,0.010709,0
37034.703,1545872.375000,5088047.500000,3510408.500000,-54.157986,8.581755,42.332951,0.103645,-0.021783,-0.598808,0.793859,0.012901,0.001171,-0.000664,-0.526098,-1.982152,-1.889478,0.134175,0.130330,0.131280,0.000863,0.000564,0.000708,0.000000,0.000000,0.000000,0.000000,0.000000,0.000000,0.000005,0.000004,0.000003,65.960121,257.699127,115.854980,9.559076,3.364166,68.968048,6.385021,6.381075,6.382067,0.010883,0.010567,0.010709,0
37034.710,1545872.375000,5088047.500000,3510408.000000,-54.211685,8.594824,42.375492,0.103641,-0.021666,-0.598634,0.793994,0.012901,0.001171,-0.000664,-0.526098,-1.982152,-1.889478,0.134239,0.130386,0.131341,0.000863,0.000564,0.000708,0.000000,0.000000,0.000000,0.000000,0.000000,0.000000,0.000005,0.000004,0.000003,65.960121,257.699127,115.854980,9.559076,3.364166,68.968048,6.385021,6.381075,6.382067,0.010883,0.010567,0.010709,0
37034.718,1545872.250000,5088047.500000,3510407.500000,-54.265011,8.608204,42.418015,0.103639,-0.021539,-0.598449,0.794137,0.012901,0.001171,-0.000664,-0.526098,-1.982152,-1.889478,0.134303,0.130442,0.131402,0.000864,0.000565,0.000709,0.000000,0.000000,0.000000,0.000000,0.000000,0.000000,0.000005,0.000004,0.000003,65.960121,257.699127,115.854980,9.559076,3.364166,68.968048,6.385021,6.381075,6.382067,0.010883,0.010567,0.010709,0
37034.725,1545872.250000,5088047.500000,3510407.000000,-54.318150,8.621376,42.460056,0.103639,-0.021415,-0.598269,0.794276,0.012901,0.001171,-0.000664,-0.526098,-1.982152,-1.889478,0.134366,0.130497,0.131463,0.000865,0.000565,0.000710,0.000000,0.000000,0.000000,0.000000,0.000000,0.000000,0.000005,0.000004,0.000003,65.960121,257.699127,115.854980,9.559076,3.364166,68.968048,6.385021,6.381075,6.382067,0.010883,0.010567,0.010709,0
37034.732,1545872.125000,5088047.500000,3510406.500000,-54.371971,8.634714,42.502892,0.103638,-0.021296,-0.598093,0.794412,0.012901,0.001171,-0.000664,-0.526098,-1.982152,-1.889478,0.134431,0.130553,0.131524,0.000866,0.000566,0.000711,0.000000,0.000000,0.000000,0.000000,0.000000,0.000000,0.000005,0.000004,0.000003,65.960121,257.699127,115.854980,9.559076,3.364166,68.968048,6.385021,6.381075,6.382067,0.010883,0.010567,0.010709,0
37034.739,1545872.125000,5088047.500000,3510406.000000,-54.424984,8.647923,42.544998,0.103638,-0.021174,-0.597912,0.794551,0.012901,0.001171,-0.000664,-0.526098,-1.982152,-1.889478,0.134494,0.130608,0.131584,0.000867,0.000566,0.000712,0.000000,0.000000,0.000000,0.000000,0.000000,0.000000,0.000005,0.000004,0.000003,65.960121,257.699127,115.854980,9.559076,3.364166,68.968048,6.385021,6.381075,6.382067,0.010883,0.010567,0.010709,0
37034.746,1545872.000000,5088047.500000,3510405.500000,-54.478985,8.661465,42.587749,0.103637,-0.021054,-0.597731,0.794691,0.012901,0.001171,-0.000664,-0.526098,-1.982152,-1.889478,0.134559,0.130665,0.131646,0.000868,0.000567,0.000713,0.000000,0.000000,0.000000,0.000000,0.000000,0.000000,0.000005,0.000004,0.000003,65.960121,257.699127,115.854980,9.559076,3.364166,68.968048,6.385021,6.381075,6.382067,0.010883,0.010567,0.010709,0
37034.753,1545871.875000,5088047.500000,3510405.000000,-54.533237,8.674845,42.630497,0.103638,-0.020929,-0.597552,0.794829,0.012901,0.001171,-0.000664,-0.526098,-1.982152,-1.889478,0.134623,0.130721,0.131707,0.000869,0.000567,0.000713,0.000000,0.000000,0.000000,0.000000,0.000000,0.000000,0.000005,0.000004,0.000003,65.960121,257.699127,115.854980,9.559076,3.364166,68.968048,6.385021,6.381075,6.382067,0.010883,0.010567,0.010709,0
37034.761,1545871.875000,5088047.500000,3510404.500000,-54.587223,8.688431,42.673107,0.103634,-0.020807,-0.597373,0.794967,0.012901,0.001171,-0.000664,-0.526098,-1.982152,-1.889478,0.134688,0.130777,0.131769,0.000870,0.000568,0.000714,0.000000,0.000000,0.000000,0.000000,0.000000,0.000000,0.000005,0.000004,0.000003,65.960121,257.699127,115.854980,9.559076,3.364166,68.968048,6.385021,6.381075,6.382067,0.010883,0.010567,0.010709,0
37034.880,1545870.625000,5088047.000000,3510396.250000,-55.478287,8.911954,43.384293,0.103649,-0.018738,-0.594364,0.797269,0.012901,0.001171,-0.000664,-0.526098,-1.982152,-1.889478,0.135773,0.131719,0.132799,0.000885,0.000576,0.000728,0.000000,0.000000,0.000000,0.000000,0.000000,0.000000,0.000005,0.000004,0.000003,65.960121,257.699127,115.854980,9.559076,3.364166,68.968048,6.385021,6.381075,6.382067,0.010883,0.010567,0.010709,0
37034.887,1545870.625000,5088047.000000,3510395.750000,-55.531612,8.925251,43.426922,0.103655,-0.018618,-0.594179,0.797409,0.012901,0.001171,-0.000664,-0.526098,-1.982152,-1.889478,0.135839,0.131775,0.132861,0.000886,0.000577,0.000729,0.000000,0.000000,0.000000,0.000000,0.000000,0.000000,0.000005,0.000004,0.000003,65.960121,257.699127,115.854980,9.559076,3.364166,68.968048,6.385021,6.381075,6.382067,0.010883,0.010567,0.010709,0
37034.894,1545870.500000,5088047.000000,3510395.250000,-55.585613,8.938989,43.469921,0.103656,-0.018493,-0.593993,0.797550,0.012901,0.001171,-0.000664,-0.526098,-1.982152,-1.889478,0.135905,0.131833,0.132924,0.000887,0.000577,0.000730,0.000000,0.000000,0.000000,0.000000,0.000000,0.000000,0.000005,0.000004,0.000003,65.960121,257.699127,115.854980,9.559076,3.364166,68.968048,6.385021,6.381075,6.382067,0.010883,0.010567,0.010709,0
37034.901,1545870.500000,5088047.000000,3510394.750000,-55.639748,8.952805,43.513023,0.103656,-0.018365,-0.593809,0.797690,0.012901,0.001171,-0.000664,-0.526098,-1.982152,-1.889478,0.135972,0.131891,0.132988,0.000888,0.000578,0.000730,0.000000,0.000000,0.000000,0.000000,0.000000,0.000000,0.000005,0.000004,0.000003,65.960121,257.699127,115.854980,9.559076,3.364166,68.968048,6.385021,6.381075,6.382067,0.010883,0.010567,0.010709,0
37034.908,1545870.375000,5088047.000000,3510394.250000,-55.692894,8.966406,43.556042,0.103652,-0.018241,-0.593625,0.797830,0.012901,0.001171,-0.000664,-0.526098,-1.982152,-1.889478,0.136038,0.131948,0.133050,0.000889,0.000578,0.000731,0.000000,0.000000,0.000000,0.000000,0.000000,0.000000,0.000005,0.000004,0.000003,65.960121,257.699127,115.854980,9.559076,3.364166,68.968048,6.385021,6.381075,6.382067,0.010883,0.010567,0.010709,0
37034.915,1545870.375000,5088047.000000,3510393.750000,-55.746914,8.979988,43.599567,0.103655,-0.018119,-0.593450,0.797963,0.012901,0.001171,-0.000664,-0.526098,-1.982152,-1.889478,0.136105,0.132006,0.133114,0.000890,0.000579,0.000732,0.000000,0.000000,0.000000,0.000000,0.000000,0.000000,0.000005,0.000004,0.000003,65.960121,257.699127,115.854980,9.559076,3.364166,68.968048,6.385021,6.381075,6.382067,0.010883,0.010567,0.010709,0
37034.923,1545870.250000,5088047.000000,3510393.250000,-55.801079,8.993558,43.642841,0.103663,-0.017994,-0.593267,0.798100,0.012901,0.001171,-0.000664,-0.526098,-1.982152,-1.889478,0.136172,0.132064,0.133177,0.000891,0.000579,0.000733,0.000000,0.000000,0.000000,0.000000,0.000000,0.000000,0.000005,0.000004,0.000003,65.960121,257.699127,115.854980,9.559076,3.364166,68.968048,6.385021,6.381075,6.382067,0.010883,0.010567,0.010709,0
37034.930,1545870.125000,5088047.000000,3510392.750000,-55.854626,9.007333,43.685452,0.103666,-0.017880,-0.593087,0.798236,0.012901,0.001171,-0.000664,-0.526098,-1.982152,-1.889478,0.136239,0.132121,0.133240,0.000892,0.000580,0.000734,0.000000,0.000000,0.000000,0.000000,0.000000,0.000000,0.000005,0.000004,0.000003,65.960121,257.699127,115.854980,9.559076,3.364166,68.968048,6.385021,6.381075,6.382067,0.010883,0.010567,0.010709,0
37034.937,1545870.125000,5088047.000000,3510392.250000,-55.908432,9.020984,43.729095,0.103670,-0.017756,-0.592903,0.798375,0.012901,0.001171,-0.000664,-0.526098,-1.982152,-1.889478,0.136306,0.132179,0.133304,0.000893,0.000580,0.000735,0.000000,0.000000,0.000000,0.000000,0.000000,0.000000,0.000005,0.000004,0.000003,65.960121,257.699127,115.854980,9.559076,3.364166,68.968048,6.385021,6.381075,6.382067,0.010883,0.010567,0.010709,0
37034.944,1545870.000000,5088047.000000,3510391.750000,-55.961601,9.034415,43.772221,0.103671,-0.017644,-0.592721,0.798513,0.012901,0.001171,-0.000664,-0.526098,-1.982152,-1.889478,0.136372,0.132236,0.133367,0.000893,0.000581,0.000735,0.000000,0.000000,0.000000,0.000000,0.000000,0.000000,0.000005,0.000004,0.000003,65.960121,257.699127,115.854980,9.559076,3.364166,68.968048,6.385021,6.381075,6.382067,0.010883,0.010567,0.010709,0
37034.951,1545870.000000,5088047.000000,3510391.250000,-56.015518,9.048242,43.815895,0.103669,-0.017514,-0.592533,0.798656,0.012901,0.001171,-0.000664,-0.526098,-1.982152,-1.889478,0.136440,0.132294,0.133431,0.000894,0.000582,0.000736,0.000000,0.000000,0.000000,0.000000,0.000000,0.000000,0.000005,0.000004,0.000003,65.960121,257.699127,115.854980,9.559076,3.364166,68.968048,6.385021,6.381075,6.382067,0.010883,0.010567,0.010709,0
37034.958,1545869.875000,5088047.000000,3510390.750000,-56.068512,9.061527,43.858746,0.103667,-0.017388,-0.592349,0.798795,0.012901,0.001171,-0.000664,-0.526098,-1.982152,-1.889478,0.136507,0.132352,0.133494,0.000895,0.000582,0.000737,0.000000,0.000000,0.000000,0.000000,0.000000,0.000000,0.000005,0.000004,0.000003,65.960121,257.699127,115.854980,9.559076,3.364166,68.968048,6.385021,6.381075,6.382067,0.010883,0.010567,0.010709,0
37034.965,1545869.750000,5088047.000000,3510390.250000,-56.122845,9.075193,43.902344,0.103667,-0.017265,-0.592166,0.798933,0.012901,0.001171,-0.000664,-0.526098,-1.982152,-1.889478,0.136574,0.132410,0.133558,0.000896,0.000583,0.000738,0.000000,0.000000,0.000000,0.000000,0.000000,0.000000,0.000005,0.000004,0.000003,65.960121,257.699127,115.854980,9.559076,3.364166,68.968048,6.385021,6.381075,6.382067,0.010883,0.010567,0.010709,0
37034.973,1545869.750000,5088047.000000,3510389.500000,-56.177639,9.089004,43.946526,0.103661,-0.017135,-0.591987,0.799069,0.012901,0.001171,-0.000664,-0.526098,-1.982152,-1.889478,0.136643,0.132469,0.133623,0.000897,0.000583,0.000739,0.000000,0.000000,0.000000,0.000000,0.000000,0.000000,0.000005,0.000004,0.000003,65.960121,257.699127,115.854980,9.559076,3.364166,68.968048,6.385021,6.381075,6.382067,0.010883,0.010567,0.010709,0
37035.063,1545868.750000,5088046.500000,3510383.000000,-56.861382,9.263658,44.497208,0.103646,-0.015565,-0.589695,0.800796,0.012901,0.001171,-0.000664,-0.526098,-1.982152,-1.889478,0.137508,0.133212,0.134441,0.000909,0.000590,0.000750,0.000000,0.000000,0.000000,0.000000,0.000000,0.000000,0.000005,0.000004,0.000003,65.960121,257.699127,115.854980,9.559076,3.364166,68.968048,6.385021,6.381075,6.382067,0.010883,0.010567,0.010709,0
37035.071,1545868.750000,5088046.500000,3510382.500000,-56.916279,9.277586,44.542042,0.103652,-0.015440,-0.589510,0.800935,0.012901,0.001171,-0.000664,-0.526098,-1.982152,-1.889478,0.137579,0.133273,0.134507,0.000910,0.000590,0.000750,0.000000,0.000000,0.000000,0.000000,0.000000,0.000000,0.000005,0.000004,0.000003,65.960121,257.699127,115.854980,9.559076,3.364166,68.968048,6.385021,6.381075,6.382067,0.010883,0.010567,0.010709,0
37035.078,1545868.625000,5088046.500000,3510382.000000,-56.970520,9.291247,44.586159,0.103652,-0.015321,-0.589325,0.801073,0.012901,0.001171,-0.000664,-0.526098,-1.982152,-1.889478,0.137648,0.133332,0.134573,0.000911,0.000591,0.000751,0.000000,0.000000,0.000000,0.000000,0.000000,0.000000,0.000005,0.000004,0.000003,65.960121,257.699127,115.854980,9.559076,3.364166,68.968048,6.385021,6.381075,6.382067,0.010883,0.010567,0.010709,0
37035.085,1545868.500000,5088046.500000,3510381.500000,-57.024746,9.305158,44.630394,0.103649,-0.015194,-0.589139,0.801212,0.012901,0.001171,-0.000664,-0.526098,-1.982152,-1.889478,0.137718,0.133392,0.134638,0.000912,0.000591,0.000752,0.000000,0.000000,0.000000,0.000000,0.000000,0.000000,0.000005,0.000004,0.000003,65.960121,257.699127,115.854980,9.559076,3.364166,68.968048,6.385021,6.381075,6.382067,0.010883,0.010567,0.010709,0
37035.092,1545868.500000,5088046.500000,3510381.000000,-57.079327,9.319129,44.674187,0.103655,-0.015065,-0.588954,0.801350,0.012901,0.001171,-0.000664,-0.526098,-1.982152,-1.889478,0.137787,0.133451,0.134704,0.000913,0.000592,0.000753,0.000000,0.000000,0.000000,0.000000,0.000000,0.000000,0.000005,0.000004,0.000003,65.960121,257.699127,115.854980,9.559076,3.364166,68.968048,6.385021,6.381075,6.382067,0.010883,0.010567,0.010709,0
37035.100,1545868.375000,5088046.500000,3510380.500000,-57.133877,9.332873,44.718185,0.103654,-0.014939,-0.588768,0.801490,0.012901,0.001171,-0.000664,-0.526098,-1.982152,-1.889478,0.137857,0.133511,0.134770,0.000914,0.000593,0.000754,0.000000,0.000000,0.000000,0.000000,0.000000,0.000000,0.000005,0.000004,0.000003,65.960121,257.699127,115.854980,9.559076,3.364166,68.968048,6.385021,6.381075,6.382067,0.010883,0.010567,0.010709,0
37035.107,1545868.375000,5088046.500000,3510380.000000,-57.187939,9.346823,44.762154,0.103660,-0.014815,-0.588577,0.801631,0.012901,0.001171,-0.000664,-0.526098,-1.982152,-1.889478,0.137927,0.133571,0.134836,0.000915,0.000593,0.000755,0.000000,0.000000,0.000000,0.000000,0.000000,0.000000,0.000005,0.000004,0.000003,65.960121,257.699127,115.854980,9.559076,3.364166,68.968048,6.385021,6.381075,6.382067,0.010883,0.010567,0.010709,0
37035.114,1545868.250000,5088046.500000,3510379.500000,-57.241505,9.360626,44.805496,0.103665,-0.014688,-0.588396,0.801766,0.012901,0.001171,-0.000664,-0.526098,-1.982152,-1.889478,0.137996,0.133630,0.134901,0.000916,0.000594,0.000756,0.000000,0.000000,0.000000,0.000000,0.000000,0.000000,0.000005,0.000004,0.000003,65.960121,257.699127,115.854980,9.559076,3.364166,68.968048,6.385021,6.381075,6.382067,0.010883,0.010567,0.010709,0
37035.121,1545868.125000,5088046.500000,3510379.000000,-57.295868,9.374598,44.849735,0.103667,-0.014561,-0.588207,0.801906,0.012901,0.001171,-0.000664,-0.526098,-1.982152,-1.889478,0.138066,0.133690,0.134967,0.000917,0.000594,0.000757,0.000000,0.000000,0.000000,0.000000,0.000000,0.000000,0.000005,0.000004,0.000003,65.960121,257.699127,115.854980,9.559076,3.364166,68.968048,6.385021,6.381075,6.382067,0.010883,0.010567,0.010709,0
37035.128,1545868.125000,5088046.500000,3510378.500000,-57.350204,9.388597,44.893841,0.103666,-0.014438,-0.588015,0.802050,0.012901,0.001171,-0.000664,-0.526098,-1.982152,-1.889478,0.138136,0.133750,0.135033,0.000918,0.000595,0.000757,0.000000,0.000000,0.000000,0.000000,0.000000,0.000000,0.000005,0.000004,0.000003,65.960121,257.699127,115.854980,9.559076,3.364166,68.968048,6.385021,6.381075,6.382067,0.010883,0.010567,0.010709,0
37035.135,1545868.000000,5088046.500000,3510378.000000,-57.404659,9.402594,44.937881,0.103663,-0.014314,-0.587835,0.802184,0.012901,0.001171,-0.000664,-0.526098,-1.982152,-1.889478,0.138207,0.133810,0.135100,0.000919,0.000595,0.000758,0.000000,0.000000,0.000000,0.000000,0.000000,0.000000,0.000005,0.000004,0.000003,65.960121,257.699127,115.854980,9.559076,3.364166,68.968048,6.385021,6.381075,6.382067,0.010883,0.010567,0.010709,0
37035.143,1545868.000000,5088046.500000,3510377.250000,-57.460541,9.417102,44.983208,0.103667,-0.014191,-0.587648,0.802323,0.012901,0.001171,-0.000664,-0.526098,-1.982152,-1.889478,0.138279,0.133872,0.135168,0.000920,0.000596,0.000759,0.000000,0.000000,0.000000,0.000000,0.000000,0.000000,0.000005,0.000004,0.000003,65.960121,257.699127,115.854980,9.559076,3.364166,68.968048,6.385021,6.381075,6.382067,0.010883,0.010567,0.010709,0
37035.165,1545873.000000,5088050.000000,3510410.000000,-53.932758,8.988296,41.283215,0.112656,-0.016171,-0.601857,0.790453,0.013628,0.000731,-0.000686,-0.565019,-1.897714,-1.942454,0.133378,0.129640,0.130534,0.000841,0.000560,0.000704,0.000000,0.000000,0.000000,0.000000,0.000000,0.000000,0.000005,0.000004,0.000003,70.095291,256.361694,147.014160,10.654585,2.674038,72.760567,6.388279,6.383872,6.385168,0.010920,0.010596,0.010759,0
37035.173,1545873.000000,5088050.000000,3510409.500000,-53.986301,9.002201,41.325523,0.112654,-0.016038,-0.601669,0.790599,0.013628,0.000731,-0.000686,-0.565019,-1.897714,-1.942454,0.133442,0.129697,0.130595,0.000842,0.000560,0.000705,0.000000,0.000000,0.000000,0.000000,0.000000,0.000000,0.000005,0.000004,0.000003,70.095291,256.361694,147.014160,10.654585,2.674038,72.760567,6.388279,6.383872,6.385168,0.010920,0.010596,0.010759,0
37035.180,1545872.875000,5088050.000000,3510409.000000,-54.039570,9.016054,41.368183,0.112651,-0.015911,-0.601489,0.790739,0.013628,0.000731,-0.000686,-0.565019,-1.897714,-1.942454,0.133507,0.129754,0.130657,0.000843,0.000561,0.000706,0.000000,0.000000,0.000000,0.000000,0.000000,0.000000,0.000005,0.000004,0.000003,70.095291,256.361694,147.014160,10.654585,2.674038,72.760567,6.388279,6.383872,6.385168,0.010920,0.010596,0.010759,0
37035.187,1545872.875000,5088050.000000,3510408.500000,-54.092125,9.029676,41.410294,0.112648,-0.015787,-0.601304,0.790882,0.013628,0.000731,-0.000686,-0.565019,-1.897714,-1.942454,0.133571,0.129810,0.130718,0.000844,0.000561,0.000707,0.000000,0.000000,0.000000,0.000000,0.000000,0.000000,0.000005,0.000004,0.000003,70.095291,256.361694,147.014160,10.654585,2.674038,72.760567,6.388279,6.383872,6.385168,0.010920,0.010596,0.010759,0
37035.194,1545872.750000,5088050.000000,3510408.000000,-54.144684,9.043382,41.452316,0.112653,-0.015661,-0.601120,0.791024,0.013628,0.000731,-0.000686,-0.565019,-1.897714,-1.942454,0.133635,0.129866,0.130779,0.000845,0.000562,0.000707,0.000000,0.000000,0.000000,0.000000,0.000000,0.000000,0.000005,0.000004,0.000003,70.095291,256.361694,147.014160,10.654585,2.674038,72.760567,6.388279,6.383872,6.385168,0.010920,0.010596,0.010759,0
37035.201,1545872.750000,5088050.000000,3510407.500000,-54.197414,9.056930,41.494583,0.112655,-0.015526,-0.600941,0.791163,0.013628,0.000731,-0.000686,-0.565019,-1.897714,-1.942454,0.133698,0.129922,0.130840,0.000846,0.000562,0.000708,0.000000,0.000000,0.000000,0.000000,0.000000,0.000000,0.000005,0.000004,0.000003,70.095291,256.361694,147.014160,10.654585,2.674038,72.760567,6.388279,6.383872,6.385168,0.010920,0.010596,0.010759,0
37035.294,1545876.625000,5088053.000000,3510431.000000,-51.558578,8.786687,38.661945,0.120558,-0.016058,-0.611584,0.781776,0.014275,0.000340,-0.000706,-0.599547,-1.822228,-1.993398,0.129885,0.126540,0.127202,0.000786,0.000535,0.000667,0.000000,0.000000,0.000000,0.000000,0.000000,0.000000,0.000005,0.000004,0.000003,65.997215,252.885574,121.276352,10.122256,1.740294,68.707291,6.384268,6.380421,6.381383,0.010853,0.010567,0.010715,0
37035.301,1545876.500000,5088053.000000,3510430.500000,-51.610096,8.800056,38.702030,0.120560,-0.015932,-0.611406,0.781917,0.014275,0.000340,-0.000706,-0.599547,-1.822228,-1.993398,0.129944,0.126593,0.127258,0.000787,0.000535,0.000668,0.000000,0.000000,0.000000,0.000000,0.000000,0.000000,0.000005,0.000004,0.000003,65.997215,252.885574,121.276352,10.122256,1.740294,68.707291,6.384268,6.380421,6.381383,0.010853,0.010567,0.010715,0
37035.308,1545876.375000,5088053.000000,3510430.250000,-51.661362,8.813224,38.742123,0.120564,-0.015807,-0.611226,0.782060,0.014275,0.000340,-0.000706,-0.599547,-1.822228,-1.993398,0.130004,0.126646,0.127315,0.000788,0.000536,0.000669,0.000000,0.000000,0.000000,0.000000,0.000000,0.000000,0.000005,0.000004,0.000003,65.997215,252.885574,121.276352,10.122256,1.740294,68.707291,6.384268,6.380421,6.381383,0.010853,0.010567,0.010715,0
37035.316,1545876.375000,5088053.000000,3510429.750000,-51.713383,8.826982,38.783005,0.120561,-0.015679,-0.611055,0.782196,0.014275,0.000340,-0.000706,-0.599547,-1.822228,-1.993398,0.130064,0.126700,0.127373,0.000789,0.000536,0.000670,0.000000,0.000000,0.000000,0.000000,0.000000,0.000000,0.000005,0.000004,0.000003,65.997215,252.885574,121.276352,10.122256,1.740294,68.707291,6.384268,6.380421,6.381383,0.010853,0.010567,0.010715,0
37035.323,1545876.250000,5088053.000000,3510429.250000,-51.764606,8.840584,38.823540,0.120560,-0.015552,-0.610878,0.782338,0.014275,0.000340,-0.000706,-0.599547,-1.822228,-1.993398,0.130123,0.126753,0.127430,0.000789,0.000537,0.000671,0.000000,0.000000,0.000000,0.000000,0.000000,0.000000,0.000005,0.000004,0.000003,65.997215,252.885574,121.276352,10.122256,1.740294,68.707291,6.384268,6.380421,6.381383,0.010853,0.010567,0.010715,0
37035.330,1545876.250000,5088053.000000,3510428.750000,-51.815716,8.854056,38.864166,0.120567,-0.015426,-0.610706,0.782473,0.014275,0.000340,-0.000706,-0.599547,-1.822228,-1.993398,0.130182,0.126806,0.127488,0.000790,0.000537,0.000671,0.000000,0.000000,0.000000,0.000000,0.000000,0.000000,0.000005,0.000004,0.000003,65.997215,252.885574,121.276352,10.122256,1.740294,68.707291,6.384268,6.380421,6.381383,0.010853,0.010567,0.010715,0
37035.337,1545876.125000,5088053.000000,3510428.250000,-51.867020,8.867727,38.904533,0.120554,-0.015302,-0.610530,0.782615,0.014275,0.000340,-0.000706,-0.599547,-1.822228,-1.993398,0.130242,0.126860,0.127545,0.000791,0.000538,0.000672,0.000000,0.000000,0.000000,0.000000,0.000000,0.000000,0.000005,0.000004,0.000003,65.997215,252.885574,121.276352,10.122256,1.740294,68.707291,6.384268,6.380421,6.381383,0.010853,0.010567,0.010715,0
37035.345,1545876.125000,5088053.000000,3510427.750000,-51.918701,8.881100,38.945068,0.120551,-0.015183,-0.610355,0.782754,0.014275,0.000340,-0.000706,-0.599547,-1.822228,-1.993398,0.130301,0.126913,0.127602,0.000792,0.000538,0.000673,0.000000,0.000000,0.000000,0.000000,0.000000,0.000000,0.000005,0.000004,0.000003,65.997215,252.885574,121.276352,10.122256,1.740294,68.707291,6.384268,6.380421,6.381383,0.010853,0.010567,0.010715,0
37035.352,1545876.000000,5088053.000000,3510427.250000,-51.970112,8.894547,38.985382,0.120547,-0.015057,-0.610182,0.782892,0.014275,0.000340,-0.000706,-0.599547,-1.822228,-1.993398,0.130361,0.126966,0.127660,0.000793,0.000539,0.000674,0.000000,0.000000,0.000000,0.000000,0.000000,0.000000,0.000005,0.000004,0.000003,65.997215,252.885574,121.276352,10.122256,1.740294,68.707291,6.384268,6.380421,6.381383,0.010853,0.010567,0.010715,0
37035.359,1545876.000000,5088053.000000,3510426.750000,-52.021873,8.908268,39.025623,0.120543,-0.014926,-0.610006,0.783032,0.014275,0.000340,-0.000706,-0.599547,-1.822228,-1.993398,0.130421,0.127020,0.127717,0.000793,0.000539,0.000674,0.000000,0.000000,0.000000,0.000000,0.000000,0.000000,0.000005,0.000004,0.000003,65.997215,252.885574,121.276352,10.122256,1.740294,68.707291,6.384268,6.380421,6.381383,0.010853,0.010567,0.010715,0
37035.366,1545875.875000,5088053.000000,3510426.500000,-52.073154,8.921927,39.066055,0.120536,-0.014795,-0.609836,0.783168,0.014275,0.000340,-0.000706,-0.599547,-1.822228,-1.993398,0.130480,0.127074,0.127775,0.000794,0.000540,0.000675,0.000000,0.000000,0.000000,0.000000,0.000000,0.000000,0.000005,0.000004,0.000003,65.997215,252.885574,121.276352,10.122256,1.740294,68.707291,6.384268,6.380421,6.381383,0.010853,0.010567,0.010715,0
37035.374,1545875.750000,5088053.000000,3510426.000000,-52.125347,8.935589,39.107136,0.120540,-0.014663,-0.609660,0.783307,0.014275,0.000340,-0.000706,-0.599547,-1.822228,-1.993398,0.130541,0.127128,0.127833,0.000795,0.000540,0.000676,0.000000,0.000000,0.000000,0.000000,0.000000,0.000000,0.000005,0.000004,0.000003,65.997215,252.885574,121.276352,10.122256,1.740294,68.707291,6.384268,6.380421,6.381383,0.010853,0.010567,0.010715,0
37035.381,1545875.750000,5088053.000000,3510425.500000,-52.177845,8.949430,39.148109,0.120541,-0.014538,-0.609483,0.783447,0.014275,0.000340,-0.000706,-0.599547,-1.822228,-1.993398,0.130602,0.127182,0.127892,0.000796,0.000540,0.000677,0.000000,0.000000,0.000000,0.000000,0.000000,0.000000,0.000005,0.000004,0.000003,65.997215,252.885574,121.276352,10.122256,1.740294,68.707291,6.384268,6.380421,6.381383,0.010853,0.010567,0.010715,0
37035.388,1545875.625000,5088053.000000,3510425.000000,-52.229424,8.963101,39.188469,0.120535,-0.014411,-0.609309,0.783586,0.014275,0.000340,-0.000706,-0.599547,-1.822228,-1.993398,0.130662,0.127236,0.127950,0.000797,0.000541,0.000678,0.000000,0.000000,0.000000,0.000000,0.000000,0.000000,0.000005,0.000004,0.000003,65.997215,252.885574,121.276352,10.122256,1.740294,68.707291,6.384268,6.380421,6.381383,0.010853,0.010567,0.010715,0
37035.395,1545875.625000,5088053.000000,3510424.500000,-52.280598,8.976650,39.229034,0.120532,-0.014286,-0.609134,0.783725,0.014275,0.000340,-0.000706,-0.599547,-1.822228,-1.993398,0.130722,0.127290,0.128008,0.000797,0.000541,0.000678,0.000000,0.000000,0.000000,0.000000,0.000000,0.000000,0.000005,0.000004,0.000003,65.997215,252.885574,121.276352,10.122256,1.740294,68.707291,6.384268,6.380421,6.381383,0.010853,0.010567,0.010715,0
37035.402,1545875.500000,5088053.000000,3510424.000000,-52.332645,8.990170,39.269341,0.120525,-0.014161,-0.608956,0.783866,0.014275,0.000340,-0.000706,-0.599547,-1.822228,-1.993398,0.130783,0.127344,0.128066,0.000798,0.000542,0.000679,0.000000,0.000000,0.000000,0.000000,0.000000,0.000000,0.000005,0.000004,0.000003,65.997215,252.885574,121.276352,10.122256,1.740294,68.707291,6.384268,6.380421,6.381383,0.010853,0.010567,0.010715,0
37035.410,1545875.500000,5088053.000000,3510423.500000,-52.384041,9.003862,39.309910,0.120517,-0.014037,-0.608784,0.784003,0.014275,0.000340,-0.000706,-0.599547,-1.822228,-1.993398,0.130843,0.127398,0.128124,0.000799,0.000542,0.000680,0.000000,0.000000,0.000000,0.000000,0.000000,0.000000,0.000005,0.000004,0.000003,65.997215,252.885574,121.276352,10.122256,1.740294,68.707291,6.384268,6.380421,6.381383,0.010853,0.010567,0.010715,0
37035.494,1545874.625000,5088053.000000,3510418.000000,-52.988613,9.163872,39.786156,0.120510,-0.012577,-0.606737,0.785614,0.014275,0.000340,-0.000706,-0.599547,-1.822228,-1.993398,0.131557,0.128035,0.128810,0.000808,0.000548,0.000689,0.000000,0.000000,0.000000,0.000000,0.000000,0.000000,0.000005,0.000004,0.000003,65.997215,252.885574,121.276352,10.122256,1.740294,68.707291,6.384268,6.380421,6.381383,0.010853,0.010567,0.010715,0
37035.501,1545874.625000,5088053.000000,3510417.500000,-53.040215,9.177733,39.827099,0.120512,-0.012456,-0.606561,0.785752,0.014275,0.000340,-0.000706,-0.599547,-1.822228,-1.993398,0.131619,0.128090,0.128870,0.000809,0.000549,0.000690,0.000000,0.000000,0.000000,0.000000,0.000000,0.000000,0.000005,0.000004,0.000003,65.997215,252.885574,121.276352,10.122256,1.740294,68.707291,6.384268,6.380421,6.381383,0.010853,0.010567,0.010715,0
37035.508,1545874.500000,5088053.000000,3510417.000000,-53.091732,9.191524,39.868237,0.120513,-0.012335,-0.606382,0.785892,0.014275,0.000340,-0.000706,-0.599547,-1.822228,-1.993398,0.131680,0.128145,0.128929,0.000810,0.000549,0.000691,0.000000,0.000000,0.000000,0.000000,0.000000,0.000000,0.000005,0.000004,0.000003,65.997215,252.885574,121.276352,10.122256,1.740294,68.707291,6.384268,6.380421,6.381383,0.010853,0.010567,0.010715,0
37035.516,1545874.375000,5088053.000000,3510416.500000,-53.143517,9.205400,39.909096,0.120505,-0.012219,-0.606210,0.786027,0.014275,0.000340,-0.000706,-0.599547,-1.822228,-1.993398,0.131742,0.128200,0.128988,0.000811,0.000550,0.000692,0.000000,0.000000,0.000000,0.000000,0.000000,0.000000,0.000005,0.000004,0.000003,65.997215,252.885574,121.276352,10.122256,1.740294,68.707291,6.384268,6.380421,6.381383,0.010853,0.010567,0.010715,0
37035.523,1545874.375000,5088053.000000,3510416.000000,-53.195984,9.219279,39.950592,0.120504,-0.012096,-0.606035,0.786164,0.014275,0.000340,-0.000706,-0.599547,-1.822228,-1.993398,0.131805,0.128256,0.129049,0.000812,0.000550,0.000692,0.000000,0.000000,0.000000,0.000000,0.000000,0.000000,0.000005,0.000004,0.000003,65.997215,252.885574,121.276352,10.122256,1.740294,68.707291,6.384268,6.380421,6.381383,0.010853,0.010567,0.010715,0
37035.530,1545874.250000,5088053.000000,3510415.750000,-53.247807,9.233043,39.991756,0.120502,-0.011978,-0.605860,0.786301,0.014275,0.000340,-0.000706,-0.599547,-1.822228,-1.993398,0.131867,0.128311,0.129108,0.000812,0.000551,0.000693,0.000000,0.000000,0.000000,0.000000,0.000000,0.000000,0.000005,0.000004,0.000003,65.997215,252.885574,121.276352,10.122256,1.740294,68.707291,6.384268,6.380421,6.381383,0.010853,0.010567,0.010715,0
37035.537,1545874.250000,5088053.000000,3510415.250000,-53.299599,9.246950,40.033028,0.120500,-0.011847,-0.605685,0.786438,0.014275,0.000340,-0.000706,-0.599547,-1.822228,-1.993398,0.131929,0.128366,0.129168,0.000813,0.000551,0.000694,0.000000,0.000000,0.000000,0.000000,0.000000,0.000000,0.000005,0.000004,0.000003,65.997215,252.885574,121.276352,10.122256,1.740294,68.707291,6.384268,6.380421,6.381383,0.010853,0.010567,0.010715,0
37035.544,1545874.125000,5088053.000000,3510414.750000,-53.351711,9.260939,40.074009,0.120496,-0.011728,-0.605511,0.786575,0.014275,0.000340,-0.000706,-0.599547,-1.822228,-1.993398,0.131991,0.128421,0.129227,0.000814,0.000551,0.000695,0.000000,0.000000,0.000000,0.000000,0.000000,0.000000,0.000005,0.000004,0.000003,65.997215,252.885574,121.276352,10.122256,1.740294,68.707291,6.384268,6.380421,6.381383,0.010853,0.010567,0.010715,0
37035.552,1545874.000000,5088053.000000,3510414.250000,-53.403603,9.274850,40.114910,0.120495,-0.011603,-0.605340,0.786709,0.014275,0.000340,-0.000706,-0.599547,-1.822228,-1.993398,0.132054,0.128477,0.129287,0.000815,0.000552,0.000696,0.000000,0.000000,0.000000,0.000000,0.000000,0.000000,0.000005,0.000004,0.000003,65.997215,252.885574,121.276352,10.122256,1.740294,68.707291,6.384268,6.380421,6.381383,0.010853,0.010567,0.010715,0
37035.559,1545874.000000,5088053.000000,3510413.750000,-53.455338,9.288835,40.156242,0.120490,-0.011472,-0.605164,0.786846,0.014275,0.000340,-0.000706,-0.599547,-1.822228,-1.993398,0.132116,0.128532,0.129347,0.000816,0.000552,0.000697,0.000000,0.000000,0.000000,0.000000,0.000000,0.000000,0.000005,0.000004,0.000003,65.997215,252.885574,121.276352,10.122256,1.740294,68.707291,6.384268,6.380421,6.381383,0.010853,0.010567,0.010715,0
37035.566,1545873.875000,5088053.000000,3510413.250000,-53.506992,9.302611,40.197300,0.120491,-0.011348,-0.604988,0.786983,0.014275,0.000340,-0.000706,-0.599547,-1.822228,-1.993398,0.132178,0.128587,0.129407,0.000817,0.000553,0.000697,0.000000,0.000000,0.000000,0.000000,0.000000,0.000000,0.000005,0.000004,0.000003,65.997215,252.885574,121.276352,10.122256,1.740294,68.707291,6.384268,6.380421,6.381383,0.010853,0.010567,0.010715,0
37035.573,1545873.875000,5088053.000000,3510412.750000,-53.558853,9.316395,40.238365,0.120487,-0.011231,-0.604818,0.787116,0.014275,0.000340,-0.000706,-0.599547,-1.822228,-1.993398,0.132241,0.128643,0.129467,0.000817,0.000553,0.000698,0.000000,0.000000,0.000000,0.000000,0.000000,0.000000,0.000005,0.000004,0.000003,65.997215,252.885574,121.276352,10.122256,1.740294,68.707291,6.384268,6.380421,6.381383,0.010853,0.010567,0.010715,0
37035.580,1545873.750000,5088052.500000,3510412.250000,-53.611053,9.330233,40.279945,0.120481,-0.011108,-0.604638,0.787257,0.014275,0.000340,-0.000706,-0.599547,-1.822228,-1.993398,0.132305,0.128699,0.129528,0.000818,0.000554,0.000699,0.000000,0.000000,0.000000,0.000000,0.000000,0.000000,0.000005,0.000004,0.000003,65.997215,252.885574,121.276352,10.122256,1.740294,68.707291,6.384268,6.380421,6.381383,0.010853,0.010567,0.010715,0
37035.588,1545873.750000,5088052.500000,3510411.750000,-53.663895,9.344303,40.321777,0.120472,-0.010986,-0.604456,0.787400,0.014275,0.000340,-0.000706,-0.599547,-1.822228,-1.993398,0.132368,0.128756,0.129589,0.000819,0.000554,0.000700,0.000000,0.000000,0.000000,0.000000,0.000000,0.000000,0.000005,0.000004,0.000003,65.997215,252.885574,121.276352,10.122256,1.740294,68.707291,6.384268,6.380421,6.381383,0.010853,0.010567,0.010715,0
37035.595,1545873.625000,5088052.500000,3510411.250000,-53.715603,9.358305,40.362789,0.120480,-0.010857,-0.604275,0.787539,0.014275,0.000340,-0.000706,-0.599547,-1.822228,-1.993398,0.132431,0.128812,0.129649,0.000820,0.000555,0.000701,0.000000,0.000000,0.000000,0.000000,0.000000,0.000000,0.000005,0.000004,0.000003,65.997215,252.885574,121.276352,10.122256,1.740294,68.707291,6.384268,6.380421,6.381383,0.010853,0.010567,0.010715,0
37035.602,1545873.500000,5088052.500000,3510410.750000,-53.767750,9.372297,40.403831,0.120477,-0.010739,-0.604097,0.787678,0.014275,0.000340,-0.000706,-0.599547,-1.822228,-1.993398,0.132494,0.128867,0.129710,0.000821,0.000555,0.000701,0.000000,0.000000,0.000000,0.000000,0.000000,0.000000,0.000005,0.000004,0.000003,65.997215,252.885574,121.276352,10.122256,1.740294,68.707291,6.384268,6.380421,6.381383,0.010853,0.010567,0.010715,0
37035.609,1545873.500000,5088052.500000,3510410.250000,-53.819099,9.386281,40.445324,0.120480,-0.010613,-0.603919,0.787816,0.014275,0.000340,-0.000706,-0.599547,-1.822228,-1.993398,0.132557,0.128923,0.129770,0.000822,0.000556,0.000702,0.000000,0.000000,0.000000,0.000000,0.000000,0.000000,0.000005,0.000004,0.000003,65.997215,252.885574,121.276352,10.122256,1.740294,68.707291,6.384268,6.380421,6.381383,0.010853,0.010567,0.010715,0
37035.694,1545872.625000,5088052.500000,3510404.750000,-54.426422,9.551723,40.929859,0.120471,-0.009140,-0.601850,0.789418,0.014275,0.000340,-0.000706,-0.599547,-1.822228,-1.993398,0.133302,0.129582,0.130484,0.000831,0.000562,0.000712,0.000000,0.000000,0.000000,0.000000,0.000000,0.000000,0.000005,0.000004,0.000003,65.997215,252.885574,121.276352,10.122256,1.740294,68.707291,6.384268,6.380421,6.381383,0.010853,0.010567,0.010715,0
37035.701,1545872.500000,5088052.500000,3510404.250000,-54.477795,9.565629,40.970718,0.120472,-0.009013,-0.601669,0.789557,0.014275,0.000340,-0.000706,-0.599547,-1.822228,-1.993398,0.133366,0.129637,0.130544,0.000832,0.000562,0.000713,0.000000,0.000000,0.000000,0.000000,0.000000,0.000000,0.000005,0.000004,0.000003,65.997215,252.885574,121.276352,10.122256,1.740294,68.707291,6.384268,6.380421,6.381383,0.010853,0.010567,0.010715,0
37035.708,1545872.500000,5088052.500000,3510403.750000,-54.529678,9.579585,41.012268,0.120466,-0.008890,-0.601495,0.789692,0.014275,0.000340,-0.000706,-0.599547,-1.822228,-1.993398,0.133430,0.129694,0.130606,0.000833,0.000563,0.000713,0.000000,0.000000,0.000000,0.000000,0.000000,0.000000,0.000005,0.000004,0.000003,65.997215,252.885574,121.276352,10.122256,1.740294,68.707291,6.384268,6.380421,6.381383,0.010853,0.010567,0.010715,0
37035.715,1545872.375000,5088052.500000,3510403.250000,-54.580856,9.593600,41.053425,0.120456,-0.008764,-0.601318,0.789830,0.014275,0.000340,-0.000706,-0.599547,-1.822228,-1.993398,0.133494,0.129750,0.130667,0.000834,0.000563,0.000714,0.000000,0.000000,0.000000,0.000000,0.000000,0.000000,0.000005,0.000004,0.000003,65.997215,252.885574,121.276352,10.122256,1.740294,68.707291,6.384268,6.380421,6.381383,0.010853,0.010567,0.010715,0
37035.722,1545872.375000,5088052.500000,3510402.750000,-54.632874,9.607967,41.094994,0.120447,-0.008641,-0.601146,0.789963,0.014275,0.000340,-0.000706,-0.599547,-1.822228,-1.993398,0.133558,0.129807,0.130729,0.000835,0.000564,0.000715,0.000000,0.000000,0.000000,0.000000,0.000000,0.000000,0.000005,0.000004,0.000003,65.997215,252.885574,121.276352,10.122256,1.740294,68.707291,6.384268,6.380421,6.381383,0.010853,0.010567,0.010715,0
37035.729,1545872.250000,5088052.500000,3510402.250000,-54.684830,9.622178,41.136848,0.120440,-0.008516,-0.600974,0.790096,0.014275,0.000340,-0.000706,-0.599547,-1.822228,-1.993398,0.133623,0.129864,0.130791,0.000835,0.000564,0.000716,0.000000,0.000000,0.000000,0.000000,0.000000,0.000000,0.000005,0.000004,0.000003,65.997215,252.885574,121.276352,10.122256,1.740294,68.707291,6.384268,6.380421,6.381383,0.010853,0.010567,0.010715,0
37035.737,1545872.125000,5088052.500000,3510401.750000,-54.737118,9.636593,41.178638,0.120445,-0.008387,-0.600799,0.790230,0.014275,0.000340,-0.000706,-0.599547,-1.822228,-1.993398,0.133688,0.129921,0.130853,0.000836,0.000565,0.000717,0.000000,0.000000,0.000000,0.000000,0.000000,0.000000,0.000005,0.000004,0.000003,65.997215,252.885574,121.276352,10.122256,1.740294,68.707291,6.384268,6.380421,6.381383,0.010853,0.010567,0.010715,0
37035.744,1545872.125000,5088052.500000,3510401.250000,-54.788792,9.651111,41.220558,0.120436,-0.008258,-0.600623,0.790367,0.014275,0.000340,-0.000706,-0.599547,-1.822228,-1.993398,0.133753,0.129979,0.130915,0.000837,0.000565,0.000717,0.000000,0.000000,0.000000,0.000000,0.000000,0.000000,0.000005,0.000004,0.000003,65.997215,252.885574,121.276352,10.122256,1.740294,68.707291,6.384268,6.380421,6.381383,0.010853,0.010567,0.010715,0
37035.751,1545872.000000,5088052.500000,3510400.750000,-54.840519,9.665386,41.262489,0.120431,-0.008137,-0.600448,0.790501,0.014275,0.000340,-0.000706,-0.599547,-1.822228,-1.993398,0.133818,0.130036,0.130977,0.000838,0.000566,0.000718,0.000000,0.000000,0.000000,0.000000,0.000000,0.000000,0.000005,0.000004,0.000003,65.997215,252.885574,121.276352,10.122256,1.740294,68.707291,6.384268,6.380421,6.381383,0.010853,0.010567,0.010715,0
37035.758,1545872.000000,5088052.500000,3510400.250000,-54.892792,9.680041,41.304550,0.120423,-0.008015,-0.600276,0.790634,0.014275,0.000340,-0.000706,-0.599547,-1.822228,-1.993398,0.133883,0.130093,0.131039,0.000839,0.000566,0.000719,0.000000,0.000000,0.000000,0.000000,0.000000,0.000000,0.000005,0.000004,0.000003,65.997215,252.885574,121.276352,10.122256,1.740294,68.707291,6.384268,6.380421,6.381383,0.010853,0.010567,0.010715,0
37035.765,1545871.875000,5088052.500000,3510399.750000,-54.944099,9.694378,41.346073,0.120424,-0.007892,-0.600100,0.790769,0.014275,0.000340,-0.000706,-0.599547,-1.822228,-1.993398,0.133947,0.130150,0.131101,0.000840,0.000567,0.000720,0.000000,0.000000,0.000000,0.000000,0.000000,0.000000,0.000005,0.000004,0.000003,65.997215,252.885574,121.276352,10.122256,1.740294,68.707291,6.384268,6.380421,6.381383,0.010853,0.010567,0.010715,0
37035.772,1545871.750000,5088052.500000,3510399.250000,-54.996223,9.708630,41.388149,0.120424,-0.007760,-0.599929,0.790900,0.014275,0.000340,-0.000706,-0.599547,-1.822228,-1.993398,0.134013,0.130207,0.131163,0.000840,0.000567,0.000721,0.000000,0.000000,0.000000,0.000000,0.000000,0.000000,0.000005,0.000004,0.000003,65.997215,252.885574,121.276352,10.122256,1.740294,68.707291,6.384268,6.380421,6.381383,0.010853,0.010567,0.010715,0
37035.780,1545871.750000,5088052.500000,3510398.750000,-55.048923,9.723262,41.430672,0.120421,-0.007635,-0.599750,0.791038,0.014275,0.000340,-0.000706,-0.599547,-1.822228,-1.993398,0.134079,0.130265,0.131227,0.000841,0.000568,0.000722,0.000000,0.000000,0.000000,0.000000,0.000000,0.000000,0.000005,0.000004,0.000003,65.997215,252.885574,121.276352,10.122256,1.740294,68.707291,6.384268,6.380421,6.381383,0.010853,0.010567,0.010715,0
37035.787,1545871.625000,5088052.500000,3510398.250000,-55.101135,9.737916,41.472542,0.120429,-0.007520,-0.599568,0.791175,0.014275,0.000340,-0.000706,-0.599547,-1.822228,-1.993398,0.134144,0.130323,0.131290,0.000842,0.000568,0.000722,0.000000,0.000000,0.000000,0.000000,0.000000,0.000000,0.000005,0.000004,0.000003,65.997215,252.885574,121.276352,10.122256,1.740294,68.707291,6.384268,6.380421,6.381383,0.010853,0.010567,0.010715,0
37035.794,1545871.625000,5088052.500000,3510397.750000,-55.153179,9.752275,41.514355,0.120429,-0.007405,-0.599387,0.791314,0.014275,0.000340,-0.000706,-0.599547,-1.822228,-1.993398,0.134210,0.130381,0.131352,0.000843,0.000569,0.000723,0.000000,0.000000,0.000000,0.000000,0.000000,0.000000,0.000005,0.000004,0.000003,65.997215,252.885574,121.276352,10.122256,1.740294,68.707291,6.384268,6.380421,6.381383,0.010853,0.010567,0.010715,0
37035.801,1545871.500000,5088052.500000,3510397.250000,-55.205235,9.766329,41.556290,0.120433,-0.007279,-0.599208,0.791450,0.014275,0.000340,-0.000706,-0.599547,-1.822228,-1.993398,0.134276,0.130438,0.131415,0.000844,0.000569,0.000724,0.000000,0.000000,0.000000,0.000000,0.000000,0.000000,0.000005,0.000004,0.000003,65.997215,252.885574,121.276352,10.122256,1.740294,68.707291,6.384268,6.380421,6.381383,0.010853,0.010567,0.010715,0
37035.914,1545870.250000,5088052.500000,3510389.500000,-56.017124,9.990936,42.215836,0.120409,-0.005322,-0.596429,0.793565,0.014275,0.000340,-0.000706,-0.599547,-1.822228,-1.993398,0.135313,0.131347,0.132406,0.000857,0.000577,0.000737,0.000000,0.000000,0.000000,0.000000,0.000000,0.000000,0.000005,0.000004,0.000003,65.997215,252.885574,121.276352,10.122256,1.740294,68.707291,6.384268,6.380421,6.381383,0.010853,0.010567,0.010715,0
37035.921,1545870.250000,5088052.500000,3510389.000000,-56.069359,10.005360,42.258377,0.120401,-0.005197,-0.596250,0.793702,0.014275,0.000340,-0.000706,-0.599547,-1.822228,-1.993398,0.135381,0.131406,0.132470,0.000858,0.000578,0.000738,0.000000,0.000000,0.000000,0.000000,0.000000,0.000000,0.000005,0.000004,0.000003,65.997215,252.885574,121.276352,10.122256,1.740294,68.707291,6.384268,6.380421,6.381383,0.010853,0.010567,0.010715,0
37035.928,1545870.125000,5088052.500000,3510388.500000,-56.121498,10.019952,42.301090,0.120404,-0.005068,-0.596076,0.793833,0.014275,0.000340,-0.000706,-0.599547,-1.822228,-1.993398,0.135448,0.131464,0.132535,0.000859,0.000578,0.000739,0.000000,0.000000,0.000000,0.000000,0.000000,0.000000,0.000005,0.000004,0.000003,65.997215,252.885574,121.276352,10.122256,1.740294,68.707291,6.384268,6.380421,6.381383,0.010853,0.010567,0.010715,0
37035.935,1545870.125000,5088052.500000,3510388.000000,-56.174763,10.034649,42.344154,0.120406,-0.004935,-0.595897,0.793968,0.014275,0.000340,-0.000706,-0.599547,-1.822228,-1.993398,0.135517,0.131524,0.132600,0.000860,0.000579,0.000740,0.000000,0.000000,0.000000,0.000000,0.000000,0.000000,0.000005,0.000004,0.000003,65.997215,252.885574,121.276352,10.122256,1.740294,68.707291,6.384268,6.380421,6.381383,0.010853,0.010567,0.010715,0
37035.942,1545870.000000,5088052.500000,3510387.500000,-56.227081,10.049276,42.386868,0.120403,-0.004809,-0.595721,0.794101,0.014275,0.000340,-0.000706,-0.599547,-1.822228,-1.993398,0.135585,0.131583,0.132665,0.000861,0.000579,0.000740,0.000000,0.000000,0.000000,0.000000,0.000000,0.000000,0.000005,0.000004,0.000003,65.997215,252.885574,121.276352,10.122256,1.740294,68.707291,6.384268,6.380421,6.381383,0.010853,0.010567,0.010715,0
37035.950,1545869.875000,5088052.500000,3510387.000000,-56.280117,10.063958,42.429924,0.120398,-0.004679,-0.595538,0.794240,0.014275,0.000340,-0.000706,-0.599547,-1.822228,-1.993398,0.135653,0.131643,0.132730,0.000861,0.000580,0.000741,0.000000,0.000000,0.000000,0.000000,0.000000,0.000000,0.000005,0.000004,0.000003,65.997215,252.885574,121.276352,10.122256,1.740294,68.707291,6.384268,6.380421,6.381383,0.010853,0.010567,0.010715,0
37035.957,1545869.875000,5088052.500000,3510386.500000,-56.332298,10.078831,42.472321,0.120403,-0.004553,-0.595358,0.794375,0.014275,0.000340,-0.000706,-0.599547,-1.822228,-1.993398,0.135721,0.131703,0.132795,0.000862,0.000580,0.000742,0.000000,0.000000,0.000000,0.000000,0.000000,0.000000,0.000005,0.000004,0.000003,65.997215,252.885574,121.276352,10.122256,1.740294,68.707291,6.384268,6.380421,6.381383,0.010853,0.010567,0.010715,0
37035.964,1545869.750000,5088052.500000,3510386.000000,-56.384468,10.093345,42.515079,0.120410,-0.004424,-0.595180,0.794508,0.014275,0.000340,-0.000706,-0.599547,-1.822228,-1.993398,0.135789,0.131762,0.132860,0.000863,0.000581,0.000743,0.000000,0.000000,0.000000,0.000000,0.000000,0.000000,0.000005,0.000004,0.000003,65.997215,252.885574,121.276352,10.122256,1.740294,68.707291,6.384268,6.380421,6.381383,0.010853,0.010567,0.010715,0
37035.971,1545869.625000,5088052.500000,3510385.500000,-56.436611,10.108214,42.557873,0.120407,-0.004293,-0.595000,0.794644,0.014275,0.000340,-0.000706,-0.599547,-1.822228,-1.993398,0.135858,0.131821,0.132925,0.000864,0.000581,0.000744,0.000000,0.000000,0.000000,0.000000,0.000000,0.000000,0.000005,0.000004,0.000003,65.997215,252.885574,121.276352,10.122256,1.740294,68.707291,6.384268,6.380421,6.381383,0.010853,0.010567,0.010715,0
37035.979,1545869.625000,5088052.500000,3510385.000000,-56.488739,10.122987,42.600620,0.120400,-0.004172,-0.594824,0.794777,0.014275,0.000340,-0.000706,-0.599547,-1.822228,-1.993398,0.135926,0.131881,0.132990,0.000865,0.000582,0.000745,0.000000,0.000000,0.000000,0.000000,0.000000,0.000000,0.000005,0.000004,0.000003,65.997215,252.885574,121.276352,10.122256,1.740294,68.707291,6.384268,6.380421,6.381383,0.010853,0.010567,0.010715,0
37035.986,1545869.500000,5088052.500000,3510384.250000,-56.541172,10.137543,42.643333,0.120400,-0.004054,-0.594641,0.794915,0.014275,0.000340,-0.000706,-0.599547,-1.822228,-1.993398,0.135994,0.131940,0.133055,0.000866,0.000582,0.000746,0.000000,0.000000,0.000000,0.000000,0.000000,0.000000,0.000005,0.000004,0.000003,65.997215,252.885574,121.276352,10.122256,1.740294,68.707291,6.384268,6.380421,6.381383,0.010853,0.010567,0.010715,0
37035.993,1545869.500000,5088052.500000,3510383.750000,-56.593674,10.152069,42.686188,0.120391,-0.003923,-0.594463,0.795050,0.014275,0.000340,-0.000706,-0.599547,-1.822228,-1.993398,0.136063,0.132000,0.133120,0.000867,0.000583,0.000746,0.000000,0.000000,0.000000,0.000000,0.000000,0.000000,0.000005,0.000004,0.000003,65.997215,252.885574,121.276352,10.122256,1.740294,68.707291,6.384268,6.380421,6.381383,0.010853,0.010567,0.010715,0
37036.000,1545869.375000,5088052.500000,3510383.250000,-56.646339,10.166949,42.728859,0.120382,-0.003804,-0.594278,0.795190,0.014275,0.000340,-0.000706,-0.599547,-1.822228,-1.993398,0.136131,0.132060,0.133186,0.000867,0.000583,0.000747,0.000000,0.000000,0.000000,0.000000,0.000000,0.000000,0.000005,0.000004,0.000003,65.997215,252.885574,121.276352,10.122256,1.740294,68.707291,6.384268,6.380421,6.381383,0.010853,0.010567,0.010715,0
37036.007,1545869.250000,5088052.500000,3510382.750000,-56.698750,10.181499,42.771656,0.120380,-0.003673,-0.594101,0.795324,0.014275,0.000340,-0.000706,-0.599547,-1.822228,-1.993398,0.136200,0.132119,0.133251,0.000868,0.000584,0.000748,0.000000,0.000000,0.000000,0.000000,0.000000,0.000000,0.000005,0.000004,0.000003,65.997215,252.885574,121.276352,10.122256,1.740294,68.707291,6.384268,6.380421,6.381383,0.010853,0.010567,0.010715,0
37036.014,1545869.250000,5088052.500000,3510382.250000,-56.751350,10.196253,42.814022,0.120381,-0.003546,-0.593918,0.795460,0.014275,0.000340,-0.000706,-0.599547,-1.822228,-1.993398,0.136269,0.132179,0.133317,0.000869,0.000584,0.000749,0.000000,0.000000,0.000000,0.000000,0.000000,0.000000,0.000005,0.000004,0.000003,65.997215,252.885574,121.276352,10.122256,1.740294,68.707291,6.384268,6.380421,6.381383,0.010853,0.010567,0.010715,0
37036.022,1545869.125000,5088052.500000,3510381.750000,-56.805489,10.211420,42.858067,0.120372,-0.003423,-0.593739,0.795596,0.014275,0.000340,-0.000706,-0.599547,-1.822228,-1.993398,0.136340,0.132241,0.133384,0.000870,0.000585,0.000750,0.000000,0.000000,0.000000,0.000000,0.000000,0.000000,0.000005,0.000004,0.000003,65.997215,252.885574,121.276352,10.122256,1.740294,68.707291,6.384268,6.380421,6.381383,0.010853,0.010567,0.010715,0
37036.029,1545869.000000,5088052.500000,3510381.250000,-56.858044,10.226099,42.900970,0.120369,-0.003299,-0.593564,0.795727,0.014275,0.000340,-0.000706,-0.599547,-1.822228,-1.993398,0.136409,0.132301,0.133450,0.000871,0.000585,0.000751,0.000000,0.000000,0.000000,0.000000,0.000000,0.000000,0.000005,0.000004,0.000003,65.997215,252.885574,121.276352,10.122256,1.740294,68.707291,6.384268,6.380421,6.381383,0.010853,0.010567,0.010715,0
37036.121,1545868.000000,5088052.000000,3510374.750000,-57.525352,10.414087,43.449081,0.120339,-0.001700,-0.591286,0.797431,0.014275,0.000340,-0.000706,-0.599547,-1.822228,-1.993398,0.137296,0.133070,0.134295,0.000882,0.000592,0.000762,0.000000,0.000000,0.000000,0.000000,0.000000,0.000000,0.000005,0.000004,0.000003,65.997215,252.885574,121.276352,10.122256,1.740294,68.707291,6.384268,6.380421,6.381383,0.010853,0.010567,0.010715,0
37036.128,1545868.000000,5088052.000000,3510374.250000,-57.577843,10.428994,43.492207,0.120336,-0.001571,-0.591106,0.797565,0.014275,0.000340,-0.000706,-0.599547,-1.822228,-1.993398,0.137366,0.133131,0.134362,0.000883,0.000593,0.000763,0.000000,0.000000,0.000000,0.000000,0.000000,0.000000,0.000005,0.000004,0.000003,65.997215,252.885574,121.276352,10.122256,1.740294,68.707291,6.384268,6.380421,6.381383,0.010853,0.010567,0.010715,0
37036.135,1545867.875000,5088052.000000,3510373.750000,-57.630932,10.443806,43.534977,0.120327,-0.001447,-0.590921,0.797704,0.014275,0.000340,-0.000706,-0.599547,-1.822228,-1.993398,0.137437,0.133192,0.134429,0.000884,0.000593,0.000763,0.000000,0.000000,0.000000,0.000000,0.000000,0.000000,0.000005,0.000004,0.000003,65.997215,252.885574,121.276352,10.122256,1.740294,68.707291,6.384268,6.380421,6.381383,0.010853,0.010567,0.010715,0
37036.143,1545867.750000,5088052.000000,3510373.250000,-57.684757,10.459055,43.579639,0.120337,-0.001313,-0.590731,0.797843,0.014275,0.000340,-0.000706,-0.599547,-1.822228,-1.993398,0.137510,0.133255,0.134498,0.000885,0.000594,0.000764,0.000000,0.000000,0.000000,0.000000,0.000000,0.000000,0.000005,0.000004,0.000003,65.997215,252.885574,121.276352,10.122256,1.740294,68.707291,6.384268,6.380421,6.381383,0.010853,0.010567,0.010715,0
37036.165,1545873.250000,5088055.500000,3510405.750000,-54.119930,9.967961,39.958794,0.129330,-0.003226,-0.604643,0.785920,0.015002,-0.000087,-0.000729,-0.642770,-1.741282,-2.055332,0.132623,0.129005,0.129852,0.000812,0.000558,0.000709,0.000000,0.000000,0.000000,0.000000,0.000000,0.000000,0.000005,0.000004,0.000003,70.268021,250.513779,151.231598,11.275249,1.132631,72.172577,6.387510,6.383255,6.384498,0.010885,0.010594,0.010764,0
37036.172,1545873.125000,5088055.500000,3510405.250000,-54.170738,9.982590,39.999737,0.129320,-0.003106,-0.604471,0.786054,0.015002,-0.000087,-0.000729,-0.642770,-1.741282,-2.055332,0.132687,0.129062,0.129914,0.000813,0.000558,0.000709,0.000000,0.000000,0.000000,0.000000,0.000000,0.000000,0.000005,0.000004,0.000003,70.268021,250.513779,151.231598,11.275249,1.132631,72.172577,6.387510,6.383255,6.384498,0.010885,0.010594,0.010764,0
37036.179,1545873.000000,5088055.500000,3510404.750000,-54.221714,9.997189,40.040691,0.129314,-0.002973,-0.604302,0.786186,0.015002,-0.000087,-0.000729,-0.642770,-1.741282,-2.055332,0.132751,0.129118,0.129975,0.000813,0.000559,0.000710,0.000000,0.000000,0.000000,0.000000,0.000000,0.000000,0.000005,0.000004,0.000003,70.268021,250.513779,151.231598,11.275249,1.132631,72.172577,6.387510,6.383255,6.384498,0.010885,0.010594,0.010764,0
37036.187,1545873.000000,5088055.500000,3510404.500000,-54.272823,10.011786,40.081787,0.129309,-0.002848,-0.604127,0.786322,0.015002,-0.000087,-0.000729,-0.642770,-1.741282,-2.055332,0.132815,0.129175,0.130037,0.000814,0.000559,0.000711,0.000000,0.000000,0.000000,0.000000,0.000000,0.000000,0.000005,0.000004,0.000003,70.268021,250.513779,151.231598,11.275249,1.132631,72.172577,6.387510,6.383255,6.384498,0.010885,0.010594,0.010764,0
37036.194,1545872.875000,5088055.500000,3510404.000000,-54.324028,10.026571,40.122826,0.129303,-0.002728,-0.603955,0.786455,0.015002,-0.000087,-0.000729,-0.642770,-1.741282,-2.055332,0.132879,0.129232,0.130099,0.000815,0.000560,0.000712,0.000000,0.000000,0.000000,0.000000,0.000000,0.000000,0.000005,0.000004,0.000003,70.268021,250.513779,151.231598,11.275249,1.132631,72.172577,6.387510,6.383255,6.384498,0.010885,0.010594,0.010764,0
37036.201,1545872.875000,5088055.500000,3510403.500000,-54.375072,10.041305,40.163963,0.129289,-0.002602,-0.603786,0.786588,0.015002,-0.000087,-0.000729,-0.642770,-1.741282,-2.055332,0.132944,0.129289,0.130160,0.000816,0.000560,0.000713,0.000000,0.000000,0.000000,0.000000,0.000000,0.000000,0.000005,0.000004,0.000003,70.268021,250.513779,151.231598,11.275249,1.132631,72.172577,6.387510,6.383255,6.384498,0.010885,0.010594,0.010764,0
37036.208,1545872.750000,5088055.500000,3510403.000000,-54.426018,10.055648,40.205246,0.129290,-0.002471,-0.603614,0.786720,0.015002,-0.000087,-0.000729,-0.642770,-1.741282,-2.055332,0.133008,0.129347,0.130222,0.000817,0.000561,0.000713,0.000000,0.000000,0.000000,0.000000,0.000000,0.000000,0.000005,0.000004,0.000003,70.268021,250.513779,151.231598,11.275249,1.132631,72.172577,6.387510,6.383255,6.384498,0.010885,0.010594,0.010764,0
37036.215,1545872.625000,5088055.500000,3510402.500000,-54.477161,10.069963,40.246338,0.129288,-0.002351,-0.603438,0.786856,0.015002,-0.000087,-0.000729,-0.642770,-1.741282,-2.055332,0.133073,0.129404,0.130284,0.000817,0.000561,0.000714,0.000000,0.000000,0.000000,0.000000,0.000000,0.000000,0.000005,0.000004,0.000003,70.268021,250.513779,151.231598,11.275249,1.132631,72.172577,6.387510,6.383255,6.384498,0.010885,0.010594,0.010764,0
37036.223,1545872.625000,5088055.500000,3510402.000000,-54.528057,10.084442,40.287659,0.129285,-0.002225,-0.603259,0.786994,0.015002,-0.000087,-0.000729,-0.642770,-1.741282,-2.055332,0.133137,0.129461,0.130346,0.000818,0.000562,0.000715,0.000000,0.000000,0.000000,0.000000,0.000000,0.000000,0.000005,0.000004,0.000003,70.268021,250.513779,151.231598,11.275249,1.132631,72.172577,6.387510,6.383255,6.384498,0.010885,0.010594,0.010764,0
37036.230,1545872.500000,5088055.500000,3510401.500000,-54.579105,10.099339,40.328606,0.129286,-0.002094,-0.603083,0.787129,0.015002,-0.000087,-0.000729,-0.642770,-1.741282,-2.055332,0.133202,0.129519,0.130408,0.000819,0.000562,0.000716,0.000000,0.000000,0.000000,0.000000,0.000000,0.000000,0.000005,0.000004,0.000003,70.268021,250.513779,151.231598,11.275249,1.132631,72.172577,6.387510,6.383255,6.384498,0.010885,0.010594,0.010764,0
37036.237,1545872.500000,5088055.500000,3510401.000000,-54.629856,10.114163,40.369770,0.129278,-0.001972,-0.602904,0.787268,0.015002,-0.000087,-0.000729,-0.642770,-1.741282,-2.055332,0.133267,0.129576,0.130471,0.000820,0.000563,0.000717,0.000000,0.000000,0.000000,0.000000,0.000000,0.000000,0.000005,0.000004,0.000003,70.268021,250.513779,151.231598,11.275249,1.132631,72.172577,6.387510,6.383255,6.384498,0.010885,0.010594,0.010764,0
37036.244,1545872.375000,5088055.500000,3510400.500000,-54.681572,10.129143,40.411644,0.129270,-0.001847,-0.602727,0.787405,0.015002,-0.000087,-0.000729,-0.642770,-1.741282,-2.055332,0.133333,0.129634,0.130534,0.000821,0.000563,0.000718,0.000000,0.000000,0.000000,0.000000,0.000000,0.000000,0.000005,0.000004,0.000003,70.268021,250.513779,151.231598,11.275249,1.132631,72.172577,6.387510,6.383255,6.384498,0.010885,0.010594,0.010764,0
37036.251,1545872.250000,5088055.500000,3510400.000000,-54.732719,10.143709,40.452942,0.129265,-0.001721,-0.602555,0.787537,0.015002,-0.000087,-0.000729,-0.642770,-1.741282,-2.055332,0.133398,0.129692,0.130596,0.000821,0.000564,0.000718,0.000000,0.000000,0.000000,0.000000,0.000000,0.000000,0.000005,0.000004,0.000003,70.268021,250.513779,151.231598,11.275249,1.132631,72.172577,6.387510,6.383255,6.384498,0.010885,0.010594,0.010764,0
37036.259,1545872.250000,5088055.500000,3510399.500000,-54.786552,10.159199,40.496418,0.129253,-0.001588,-0.602367,0.787684,0.015002,-0.000087,-0.000729,-0.642770,-1.741282,-2.055332,0.133467,0.129753,0.130662,0.000822,0.000564,0.000719,0.000000,0.000000,0.000000,0.000000,0.000000,0.000000,0.000005,0.000004,0.000003,70.268021,250.513779,151.231598,11.275249,1.132631,72.172577,6.387510,6.383255,6.384498,0.010885,0.010594,0.010764,0
37036.281,1545877.000000,5088058.500000,3510427.750000,-51.605148,9.699019,37.333019,0.137183,-0.003271,-0.614469,0.776915,0.015648,-0.000465,-0.000749,-0.681006,-1.669146,-2.113923,0.129041,0.125810,0.126426,0.000759,0.000532,0.000670,0.000000,0.000000,0.000000,0.000000,0.000000,0.000000,0.000005,0.000004,0.000003,65.854874,247.190948,124.950188,10.708127,0.297491,68.052261,6.383467,6.379753,6.380662,0.010822,0.010564,0.010719,0
37036.289,1545877.000000,5088058.500000,3510427.500000,-51.655071,9.713538,37.373001,0.137170,-0.003147,-0.614299,0.777053,0.015648,-0.000465,-0.000749,-0.681006,-1.669146,-2.113923,0.129101,0.125865,0.126484,0.000760,0.000533,0.000671,0.000000,0.000000,0.000000,0.000000,0.000000,0.000000,0.000005,0.000004,0.000003,65.854874,247.190948,124.950188,10.708127,0.297491,68.052261,6.383467,6.379753,6.380662,0.010822,0.010564,0.010719,0
37036.296,1545876.875000,5088058.500000,3510427.000000,-51.704079,9.727774,37.411999,0.137167,-0.003021,-0.614127,0.777190,0.015648,-0.000465,-0.000749,-0.681006,-1.669146,-2.113923,0.129160,0.125918,0.126540,0.000760,0.000533,0.000672,0.000000,0.000000,0.000000,0.000000,0.000000,0.000000,0.000005,0.000004,0.000003,65.854874,247.190948,124.950188,10.708127,0.297491,68.052261,6.383467,6.379753,6.380662,0.010822,0.010564,0.010719,0
37036.303,1545876.875000,5088058.500000,3510426.500000,-51.753590,9.742213,37.451363,0.137163,-0.002894,-0.613958,0.777324,0.015648,-0.000465,-0.000749,-0.681006,-1.669146,-2.113923,0.129219,0.125972,0.126598,0.000761,0.000533,0.000672,0.000000,0.000000,0.000000,0.000000,0.000000,0.000000,0.000005,0.000004,0.000003,65.854874,247.190948,124.950188,10.708127,0.297491,68.052261,6.383467,6.379753,6.380662,0.010822,0.010564,0.010719,0
37036.310,1545876.750000,5088058.500000,3510426.000000,-51.803020,9.756450,37.490978,0.137165,-0.002775,-0.613793,0.777455,0.015648,-0.000465,-0.000749,-0.681006,-1.669146,-2.113923,0.129279,0.126026,0.126656,0.000762,0.000534,0.000673,0.000000,0.000000,0.000000,0.000000,0.000000,0.000000,0.000005,0.000004,0.000003,65.854874,247.190948,124.950188,10.708127,0.297491,68.052261,6.383467,6.379753,6.380662,0.010822,0.010564,0.010719,0
37036.395,1545875.875000,5088058.500000,3510420.500000,-52.384083,9.924760,37.955109,0.137126,-0.001330,-0.611816,0.779022,0.015648,-0.000465,-0.000749,-0.681006,-1.669146,-2.113923,0.129984,0.126663,0.127337,0.000770,0.000539,0.000682,0.000000,0.000000,0.000000,0.000000,0.000000,0.000000,0.000005,0.000004,0.000003,65.854874,247.190948,124.950188,10.708127,0.297491,68.052261,6.383467,6.379753,6.380662,0.010822,0.010564,0.010719,0
37036.402,1545875.875000,5088058.500000,3510420.250000,-52.433922,9.939262,37.995087,0.137116,-0.001201,-0.611649,0.779155,0.015648,-0.000465,-0.000749,-0.681006,-1.669146,-2.113923,0.130045,0.126718,0.127396,0.000771,0.000540,0.000683,0.000000,0.000000,0.000000,0.000000,0.000000,0.000000,0.000005,0.000004,0.000003,65.854874,247.190948,124.950188,10.708127,0.297491,68.052261,6.383467,6.379753,6.380662,0.010822,0.010564,0.010719,0
37036.409,1545875.750000,5088058.500000,3510419.750000,-52.483547,9.953745,38.034771,0.137110,-0.001072,-0.611477,0.779292,0.015648,-0.000465,-0.000749,-0.681006,-1.669146,-2.113923,0.130106,0.126773,0.127455,0.000772,0.000540,0.000684,0.000000,0.000000,0.000000,0.000000,0.000000,0.000000,0.000005,0.000004,0.000003,65.854874,247.190948,124.950188,10.708127,0.297491,68.052261,6.383467,6.379753,6.380662,0.010822,0.010564,0.010719,0
37036.416,1545875.625000,5088058.500000,3510419.250000,-52.533348,9.968280,38.074730,0.137104,-0.000949,-0.611302,0.779430,0.015648,-0.000465,-0.000749,-0.681006,-1.669146,-2.113923,0.130167,0.126828,0.127514,0.000773,0.000541,0.000685,0.000000,0.000000,0.000000,0.000000,0.000000,0.000000,0.000005,0.000004,0.000003,65.854874,247.190948,124.950188,10.708127,0.297491,68.052261,6.383467,6.379753,6.380662,0.010822,0.010564,0.010719,0
37036.423,1545875.625000,5088058.500000,3510418.750000,-52.583042,9.982667,38.114731,0.137103,-0.000826,-0.611134,0.779562,0.015648,-0.000465,-0.000749,-0.681006,-1.669146,-2.113923,0.130228,0.126883,0.127573,0.000773,0.000541,0.000685,0.000000,0.000000,0.000000,0.000000,0.000000,0.000000,0.000005,0.000004,0.000003,65.854874,247.190948,124.950188,10.708127,0.297491,68.052261,6.383467,6.379753,6.380662,0.010822,0.010564,0.010719,0
37036.431,1545875.500000,5088058.500000,3510418.250000,-52.632675,9.997096,38.154480,0.137096,-0.000697,-0.610966,0.779695,0.015648,-0.000465,-0.000749,-0.681006,-1.669146,-2.113923,0.130289,0.126938,0.127632,0.000774,0.000542,0.000686,0.000000,0.000000,0.000000,0.000000,0.000000,0.000000,0.000005,0.000004,0.000003,65.854874,247.190948,124.950188,10.708127,0.297491,68.052261,6.383467,6.379753,6.380662,0.010822,0.010564,0.010719,0
37036.438,1545875.500000,5088058.500000,3510417.750000,-52.681526,10.011320,38.193699,0.137091,-0.000578,-0.610795,0.779830,0.015648,-0.000465,-0.000749,-0.681006,-1.669146,-2.113923,0.130349,0.126992,0.127690,0.000775,0.000542,0.000687,0.000000,0.000000,0.000000,0.000000,0.000000,0.000000,0.000005,0.000004,0.000003,65.854874,247.190948,124.950188,10.708127,0.297491,68.052261,6.383467,6.379753,6.380662,0.010822,0.010564,0.010719,0
37036.445,1545875.375000,5088058.500000,3510417.250000,-52.731434,10.025802,38.234444,0.137094,-0.000450,-0.610622,0.779965,0.015648,-0.000465,-0.000749,-0.681006,-1.669146,-2.113923,0.130412,0.127048,0.127750,0.000776,0.000543,0.000688,0.000000,0.000000,0.000000,0.000000,0.000000,0.000000,0.000005,0.000004,0.000003,65.854874,247.190948,124.950188,10.708127,0.297491,68.052261,6.383467,6.379753,6.380662,0.010822,0.010564,0.010719,0
37036.452,1545875.375000,5088058.500000,3510416.750000,-52.780674,10.039948,38.273792,0.137083,-0.000333,-0.610459,0.780095,0.015648,-0.000465,-0.000749,-0.681006,-1.669146,-2.113923,0.130472,0.127102,0.127809,0.000776,0.000543,0.000688,0.000000,0.000000,0.000000,0.000000,0.000000,0.000000,0.000005,0.000004,0.000003,65.854874,247.190948,124.950188,10.708127,0.297491,68.052261,6.383467,6.379753,6.380662,0.010822,0.010564,0.010719,0
37036.459,1545875.250000,5088058.500000,3510416.500000,-52.830952,10.054795,38.314270,0.137076,-0.000200,-0.610285,0.780232,0.015648,-0.000465,-0.000749,-0.681006,-1.669146,-2.113923,0.130535,0.127158,0.127869,0.000777,0.000544,0.000689,0.000000,0.000000,0.000000,0.000000,0.000000,0.000000,0.000005,0.000004,0.000003,65.854874,247.190948,124.950188,10.708127,0.297491,68.052261,6.383467,6.379753,6.380662,0.010822,0.010564,0.010719,0
37036.467,1545875.125000,5088058.500000,3510416.000000,-52.880730,10.069444,38.354050,0.137075,-0.000078,-0.610114,0.780366,0.015648,-0.000465,-0.000749,-0.681006,-1.669146,-2.113923,0.130596,0.127214,0.127928,0.000778,0.000544,0.000690,0.000000,0.000000,0.000000,0.000000,0.000000,0.000000,0.000005,0.000004,0.000003,65.854874,247.190948,124.950188,10.708127,0.297491,68.052261,6.383467,6.379753,6.380662,0.010822,0.010564,0.010719,0
37036.474,1545875.125000,5088058.500000,3510415.500000,-52.930733,10.084087,38.394226,0.137078,0.000054,-0.609946,0.780497,0.015648,-0.000465,-0.000749,-0.681006,-1.669146,-2.113923,0.130658,0.127269,0.127988,0.000778,0.000545,0.000691,0.000000,0.000000,0.000000,0.000000,0.000000,0.000000,0.000005,0.000004,0.000003,65.854874,247.190948,124.950188,10.708127,0.297491,68.052261,6.383467,6.379753,6.380662,0.010822,0.010564,0.010719,0
37036.481,1545875.000000,5088058.500000,3510415.000000,-52.980507,10.098649,38.434479,0.137081,0.000177,-0.609776,0.780630,0.015648,-0.000465,-0.000749,-0.681006,-1.669146,-2.113923,0.130720,0.127325,0.128047,0.000779,0.000545,0.000692,0.000000,0.000000,0.000000,0.000000,0.000000,0.000000,0.000005,0.000004,0.000003,65.854874,247.190948,124.950188,10.708127,0.297491,68.052261,6.383467,6.379753,6.380662,0.010822,0.010564,0.010719,0
37036.488,1545874.875000,5088058.500000,3510414.500000,-53.030914,10.113393,38.475246,0.137073,0.000301,-0.609602,0.780767,0.015648,-0.000465,-0.000749,-0.681006,-1.669146,-2.113923,0.130782,0.127381,0.128108,0.000780,0.000545,0.000692,0.000000,0.000000,0.000000,0.000000,0.000000,0.000000,0.000005,0.000004,0.000003,65.854874,247.190948,124.950188,10.708127,0.297491,68.052261,6.383467,6.379753,6.380662,0.010822,0.010564,0.010719,0
37036.495,1545874.875000,5088058.500000,3510414.000000,-53.080917,10.128142,38.515045,0.137067,0.000426,-0.609432,0.780900,0.015648,-0.000465,-0.000749,-0.681006,-1.669146,-2.113923,0.130844,0.127437,0.128168,0.000781,0.000546,0.000693,0.000000,0.000000,0.000000,0.000000,0.000000,0.000000,0.000005,0.000004,0.000003,65.854874,247.190948,124.950188,10.708127,0.297491,68.052261,6.383467,6.379753,6.380662,0.010822,0.010564,0.010719,0
37036.503,1545874.750000,5088058.500000,3510413.500000,-53.131729,10.143219,38.555378,0.137067,0.000554,-0.609257,0.781037,0.015648,-0.000465,-0.000749,-0.681006,-1.669146,-2.113923,0.130907,0.127493,0.128228,0.000781,0.000546,0.000694,0.000000,0.000000,0.000000,0.000000,0.000000,0.000000,0.000005,0.000004,0.000003,65.854874,247.190948,124.950188,10.708127,0.297491,68.052261,6.383467,6.379753,6.380662,0.010822,0.010564,0.010719,0
37036.510,1545874.750000,5088058.500000,3510413.000000,-53.181370,10.158298,38.595390,0.137064,0.000675,-0.609084,0.781172,0.015648,-0.000465,-0.000749,-0.681006,-1.669146,-2.113923,0.130969,0.127549,0.128288,0.000782,0.000547,0.000695,0.000000,0.000000,0.000000,0.000000,0.000000,0.000000,0.000005,0.000004,0.000003,65.854874,247.190948,124.950188,10.708127,0.297491,68.052261,6.383467,6.379753,6.380662,0.010822,0.010564,0.010719,0
37036.517,1545874.625000,5088058.500000,3510412.500000,-53.231663,10.173361,38.636002,0.137061,0.000800,-0.608911,0.781307,0.015648,-0.000465,-0.000749,-0.681006,-1.669146,-2.113923,0.131033,0.127606,0.128349,0.000783,0.000547,0.000696,0.000000,0.000000,0.000000,0.000000,0.000000,0.000000,0.000005,0.000004,0.000003,65.854874,247.190948,124.950188,10.708127,0.297491,68.052261,6.383467,6.379753,6.380662,0.010822,0.010564,0.010719,0
37036.602,1545873.750000,5088058.500000,3510407.000000,-53.818016,10.347572,39.111507,0.137009,0.002267,-0.606896,0.782879,0.015648,-0.000465,-0.000749,-0.681006,-1.669146,-2.113923,0.131772,0.128268,0.129062,0.000792,0.000553,0.000705,0.000000,0.000000,0.000000,0.000000,0.000000,0.000000,0.000005,0.000004,0.000003,65.854874,247.190948,124.950188,10.708127,0.297491,68.052261,6.383467,6.379753,6.380662,0.010822,0.010564,0.010719,0
37036.609,1545873.625000,5088058.500000,3510406.500000,-53.867577,10.362530,39.151989,0.137013,0.002391,-0.606720,0.783015,0.015648,-0.000465,-0.000749,-0.681006,-1.669146,-2.113923,0.131835,0.128325,0.129123,0.000793,0.000553,0.000706,0.000000,0.000000,0.000000,0.000000,0.000000,0.000000,0.000005,0.000004,0.000003,65.854874,247.190948,124.950188,10.708127,0.297491,68.052261,6.383467,6.379753,6.380662,0.010822,0.010564,0.010719,0
37036.616,1545873.625000,5088058.500000,3510406.000000,-53.917839,10.377476,39.192627,0.137013,0.002520,-0.606541,0.783153,0.015648,-0.000465,-0.000749,-0.681006,-1.669146,-2.113923,0.131899,0.128382,0.129185,0.000793,0.000554,0.000707,0.000000,0.000000,0.000000,0.000000,0.000000,0.000000,0.000005,0.000004,0.000003,65.854874,247.190948,124.950188,10.708127,0.297491,68.052261,6.383467,6.379753,6.380662,0.010822,0.010564,0.010719,0
37036.624,1545873.500000,5088058.500000,3510405.500000,-53.967281,10.392122,39.232388,0.137008,0.002640,-0.606366,0.783289,0.015648,-0.000465,-0.000749,-0.681006,-1.669146,-2.113923,0.131962,0.128438,0.129245,0.000794,0.000554,0.000708,0.000000,0.000000,0.000000,0.000000,0.000000,0.000000,0.000005,0.000004,0.000003,65.854874,247.190948,124.950188,10.708127,0.297491,68.052261,6.383467,6.379753,6.380662,0.010822,0.010564,0.010719,0
37036.631,1545873.375000,5088058.500000,3510405.000000,-54.018360,10.407483,39.273106,0.137003,0.002774,-0.606193,0.783423,0.015648,-0.000465,-0.000749,-0.681006,-1.669146,-2.113923,0.132026,0.128495,0.129307,0.000795,0.000555,0.000708,0.000000,0.000000,0.000000,0.000000,0.000000,0.000000,0.000005,0.000004,0.000003,65.854874,247.190948,124.950188,10.708127,0.297491,68.052261,6.383467,6.379753,6.380662,0.010822,0.010564,0.010719,0
37036.638,1545873.375000,5088058.500000,3510404.500000,-54.068466,10.422186,39.313732,0.136995,0.002901,-0.606023,0.783556,0.015648,-0.000465,-0.000749,-0.681006,-1.669146,-2.113923,0.132090,0.128552,0.129369,0.000796,0.000555,0.000709,0.000000,0.000000,0.000000,0.000000,0.000000,0.000000,0.000005,0.000004,0.000003,65.854874,247.190948,124.950188,10.708127,0.297491,68.052261,6.383467,6.379753,6.380662,0.010822,0.010564,0.010719,0
37036.645,1545873.250000,5088058.500000,3510404.000000,-54.119228,10.437389,39.354591,0.136990,0.003031,-0.605860,0.783682,0.015648,-0.000465,-0.000749,-0.681006,-1.669146,-2.113923,0.132155,0.128610,0.129431,0.000796,0.000556,0.000710,0.000000,0.000000,0.000000,0.000000,0.000000,0.000000,0.000005,0.000004,0.000003,65.854874,247.190948,124.950188,10.708127,0.297491,68.052261,6.383467,6.379753,6.380662,0.010822,0.010564,0.010719,0
37036.652,1545873.250000,5088058.500000,3510403.750000,-54.169037,10.452424,39.395164,0.136985,0.003161,-0.605694,0.783811,0.015648,-0.000465,-0.000749,-0.681006,-1.669146,-2.113923,0.132219,0.128667,0.129493,0.000797,0.000556,0.000711,0.000000,0.000000,0.000000,0.000000,0.000000,0.000000,0.000005,0.000004,0.000003,65.854874,247.190948,124.950188,10.708127,0.297491,68.052261,6.383467,6.379753,6.380662,0.010822,0.010564,0.010719,0
37036.660,1545873.125000,5088058.500000,3510403.250000,-54.219608,10.467258,39.436714,0.136987,0.003283,-0.605517,0.783947,0.015648,-0.000465,-0.000749,-0.681006,-1.669146,-2.113923,0.132284,0.128725,0.129556,0.000798,0.000557,0.000712,0.000000,0.000000,0.000000,0.000000,0.000000,0.000000,0.000005,0.000004,0.000003,65.854874,247.190948,124.950188,10.708127,0.297491,68.052261,6.383467,6.379753,6.380662,0.010822,0.010564,0.010719,0
37036.667,1545873.000000,5088058.500000,3510402.750000,-54.269726,10.482181,39.477859,0.136973,0.003403,-0.605348,0.784079,0.015648,-0.000465,-0.000749,-0.681006,-1.669146,-2.113923,0.132348,0.128783,0.129617,0.000799,0.000557,0.000712,0.000000,0.000000,0.000000,0.000000,0.000000,0.000000,0.000005,0.000004,0.000003,65.854874,247.190948,124.950188,10.708127,0.297491,68.052261,6.383467,6.379753,6.380662,0.010822,0.010564,0.010719,0
37036.674,1545873.000000,5088058.500000,3510402.250000,-54.319500,10.497151,39.518406,0.136966,0.003537,-0.605173,0.784215,0.015648,-0.000465,-0.000749,-0.681006,-1.669146,-2.113923,0.132413,0.128840,0.129679,0.000800,0.000558,0.000713,0.000000,0.000000,0.000000,0.000000,0.000000,0.000000,0.000005,0.000004,0.000003,65.854874,247.190948,124.950188,10.708127,0.297491,68.052261,6.383467,6.379753,6.380662,0.010822,0.010564,0.010719,0
37036.681,1545872.875000,5088058.500000,3510401.750000,-54.369606,10.512093,39.558945,0.136962,0.003669,-0.604998,0.784350,0.015648,-0.000465,-0.000749,-0.681006,-1.669146,-2.113923,0.132477,0.128898,0.129741,0.000800,0.000558,0.000714,0.000000,0.000000,0.000000,0.000000,0.000000,0.000000,0.000005,0.000004,0.000003,65.854874,247.190948,124.950188,10.708127,0.297491,68.052261,6.383467,6.379753,6.380662,0.010822,0.010564,0.010719,0
37036.689,1545872.750000,5088058.500000,3510401.250000,-54.419807,10.526898,39.599968,0.136962,0.003797,-0.604821,0.784486,0.015648,-0.000465,-0.000749,-0.681006,-1.669146,-2.113923,0.132542,0.128955,0.129804,0.000801,0.000559,0.000715,0.000000,0.000000,0.000000,0.000000,0.000000,0.000000,0.000005,0.000004,0.000003,65.854874,247.190948,124.950188,10.708127,0.297491,68.052261,6.383467,6.379753,6.380662,0.010822,0.010564,0.010719,0
37036.696,1545872.750000,5088058.500000,3510400.750000,-54.470154,10.541948,39.640694,0.136956,0.003927,-0.604649,0.784619,0.015648,-0.000465,-0.000749,-0.681006,-1.669146,-2.113923,0.132606,0.129013,0.129866,0.000802,0.000559,0.000716,0.000000,0.000000,0.000000,0.000000,0.000000,0.000000,0.000005,0.000004,0.000003,65.854874,247.190948,124.950188,10.708127,0.297491,68.052261,6.383467,6.379753,6.380662,0.010822,0.010564,0.010719,0
37036.703,1545872.625000,5088058.500000,3510400.250000,-54.520634,10.556964,39.681446,0.136955,0.004056,-0.604478,0.784750,0.015648,-0.000465,-0.000749,-0.681006,-1.669146,-2.113923,0.132671,0.129070,0.129928,0.000803,0.000560,0.000717,0.000000,0.000000,0.000000,0.000000,0.000000,0.000000,0.000005,0.000004,0.000003,65.854874,247.190948,124.950188,10.708127,0.297491,68.052261,6.383467,6.379753,6.380662,0.010822,0.010564,0.010719,0
37036.710,1545872.625000,5088058.500000,3510399.750000,-54.569592,10.571614,39.721844,0.136948,0.004189,-0.604311,0.784880,0.015648,-0.000465,-0.000749,-0.681006,-1.669146,-2.113923,0.132735,0.129127,0.129990,0.000803,0.000560,0.000717,0.000000,0.000000,0.000000,0.000000,0.000000,0.000000,0.000005,0.000004,0.000003,65.854874,247.190948,124.950188,10.708127,0.297491,68.052261,6.383467,6.379753,6.380662,0.010822,0.010564,0.010719,0
37036.717,1545872.500000,5088058.500000,3510399.250000,-54.619598,10.586412,39.762894,0.136940,0.004323,-0.604142,0.785011,0.015648,-0.000465,-0.000749,-0.681006,-1.669146,-2.113923,0.132800,0.129185,0.130052,0.000804,0.000561,0.000718,0.000000,0.000000,0.000000,0.000000,0.000000,0.000000,0.000005,0.000004,0.000003,65.854874,247.190948,124.950188,10.708127,0.297491,68.052261,6.383467,6.379753,6.380662,0.010822,0.010564,0.010719,0
37036.724,1545872.375000,5088058.500000,3510398.750000,-54.669472,10.601596,39.803818,0.136942,0.004448,-0.603970,0.785142,0.015648,-0.000465,-0.000749,-0.681006,-1.669146,-2.113923,0.132865,0.129243,0.130115,0.000805,0.000561,0.000719,0.000000,0.000000,0.000000,0.000000,0.000000,0.000000,0.000005,0.000004,0.000003,65.854874,247.190948,124.950188,10.708127,0.297491,68.052261,6.383467,6.379753,6.380662,0.010822,0.010564,0.010719,0
37036.732,1545872.375000,5088058.500000,3510398.250000,-54.720379,10.616551,39.845325,0.136936,0.004581,-0.603799,0.785273,0.015648,-0.000465,-0.000749,-0.681006,-1.669146,-2.113923,0.132931,0.129301,0.130178,0.000806,0.000562,0.000720,0.000000,0.000000,0.000000,0.000000,0.000000,0.000000,0.000005,0.000004,0.000003,65.854874,247.190948,124.950188,10.708127,0.297491,68.052261,6.383467,6.379753,6.380662,0.010822,0.010564,0.010719,0
37036.739,1545872.250000,5088058.500000,3510397.750000,-54.770302,10.631606,39.886189,0.136932,0.004717,-0.603622,0.785409,0.015648,-0.000465,-0.000749,-0.681006,-1.669146,-2.113923,0.132996,0.129359,0.130241,0.000806,0.000562,0.000721,0.000000,0.000000,0.000000,0.000000,0.000000,0.000000,0.000005,0.000004,0.000003,65.854874,247.190948,124.950188,10.708127,0.297491,68.052261,6.383467,6.379753,6.380662,0.010822,0.010564,0.010719,0
37036.851,1545871.000000,5088058.500000,3510390.250000,-55.556755,10.869321,40.524536,0.136905,0.006680,-0.600933,0.787459,0.015648,-0.000465,-0.000749,-0.681006,-1.669146,-2.113923,0.134026,0.130273,0.131232,0.000819,0.000570,0.000734,0.000000,0.000000,0.000000,0.000000,0.000000,0.000000,0.000005,0.000004,0.000003,65.854874,247.190948,124.950188,10.708127,0.297491,68.052261,6.383467,6.379753,6.380662,0.010822,0.010564,0.010719,0
37036.859,1545870.875000,5088058.500000,3510389.750000,-55.607140,10.884596,40.565727,0.136898,0.006803,-0.600758,0.787593,0.015648,-0.000465,-0.000749,-0.681006,-1.669146,-2.113923,0.134093,0.130333,0.131296,0.000819,0.000570,0.000734,0.000000,0.000000,0.000000,0.000000,0.000000,0.000000,0.000005,0.000004,0.000003,65.854874,247.190948,124.950188,10.708127,0.297491,68.052261,6.383467,6.379753,6.380662,0.010822,0.010564,0.010719,0
37036.866,1545870.875000,5088058.500000,3510389.250000,-55.657104,10.899644,40.607002,0.136880,0.006932,-0.600592,0.787722,0.015648,-0.000465,-0.000749,-0.681006,-1.669146,-2.113923,0.134160,0.130392,0.131361,0.000820,0.000571,0.000735,0.000000,0.000000,0.000000,0.000000,0.000000,0.000000,0.000005,0.000004,0.000003,65.854874,247.190948,124.950188,10.708127,0.297491,68.052261,6.383467,6.379753,6.380662,0.010822,0.010564,0.010719,0
37036.873,1545870.750000,5088058.500000,3510388.750000,-55.707260,10.914820,40.648640,0.136871,0.007057,-0.600420,0.787853,0.015648,-0.000465,-0.000749,-0.681006,-1.669146,-2.113923,0.134227,0.130451,0.131425,0.000821,0.000571,0.000736,0.000000,0.000000,0.000000,0.000000,0.000000,0.000000,0.000005,0.000004,0.000003,65.854874,247.190948,124.950188,10.708127,0.297491,68.052261,6.383467,6.379753,6.380662,0.010822,0.010564,0.010719,0
37036.880,1545870.625000,5088058.500000,3510388.250000,-55.757610,10.929775,40.690052,0.136873,0.007177,-0.600248,0.787983,0.015648,-0.000465,-0.000749,-0.681006,-1.669146,-2.113923,0.134294,0.130510,0.131490,0.000822,0.000572,0.000737,0.000000,0.000000,0.000000,0.000000,0.000000,0.000000,0.000005,0.000004,0.000003,65.854874,247.190948,124.950188,10.708127,0.297491,68.052261,6.383467,6.379753,6.380662,0.010822,0.010564,0.010719,0
37036.887,1545870.625000,5088058.500000,3510387.750000,-55.807858,10.945120,40.731937,0.136866,0.007300,-0.600076,0.788113,0.015648,-0.000465,-0.000749,-0.681006,-1.669146,-2.113923,0.134361,0.130570,0.131554,0.000823,0.000572,0.000738,0.000000,0.000000,0.000000,0.000000,0.000000,0.000000,0.000005,0.000004,0.000003,65.854874,247.190948,124.950188,10.708127,0.297491,68.052261,6.383467,6.379753,6.380662,0.010822,0.010564,0.010719,0
37036.895,1545870.500000,5088058.500000,3510387.250000,-55.858059,10.960641,40.773167,0.136861,0.007426,-0.599903,0.788245,0.015648,-0.000465,-0.000749,-0.681006,-1.669146,-2.113923,0.134429,0.130629,0.131619,0.000823,0.000573,0.000739,0.000000,0.000000,0.000000,0.000000,0.000000,0.000000,0.000005,0.000004,0.000003,65.854874,247.190948,124.950188,10.708127,0.297491,68.052261,6.383467,6.379753,6.380662,0.010822,0.010564,0.010719,0
37036.902,1545870.375000,5088058.500000,3510386.750000,-55.908119,10.975930,40.814896,0.136853,0.007549,-0.599732,0.788376,0.015648,-0.000465,-0.000749,-0.681006,-1.669146,-2.113923,0.134496,0.130689,0.131684,0.000824,0.000573,0.000739,0.000000,0.000000,0.000000,0.000000,0.000000,0.000000,0.000005,0.000004,0.000003,65.854874,247.190948,124.950188,10.708127,0.297491,68.052261,6.383467,6.379753,6.380662,0.010822,0.010564,0.010719,0
37036.909,1545870.375000,5088058.500000,3510386.250000,-55.958340,10.991361,40.856316,0.136852,0.007671,-0.599560,0.788505,0.015648,-0.000465,-0.000749,-0.681006,-1.669146,-2.113923,0.134564,0.130748,0.131749,0.000825,0.000574,0.000740,0.000000,0.000000,0.000000,0.000000,0.000000,0.000000,0.000005,0.000004,0.000003,65.854874,247.190948,124.950188,10.708127,0.297491,68.052261,6.383467,6.379753,6.380662,0.010822,0.010564,0.010719,0
37036.916,1545870.250000,5088058.500000,3510385.750000,-56.008724,11.006601,40.897686,0.136837,0.007799,-0.599387,0.788638,0.015648,-0.000465,-0.000749,-0.681006,-1.669146,-2.113923,0.134631,0.130808,0.131814,0.000826,0.000574,0.000741,0.000000,0.000000,0.000000,0.000000,0.000000,0.000000,0.000005,0.000004,0.000003,65.854874,247.190948,124.950188,10.708127,0.297491,68.052261,6.383467,6.379753,6.380662,0.010822,0.010564,0.010719,0
37036.923,1545870.125000,5088058.500000,3510385.250000,-56.059155,11.022056,40.939079,0.136836,0.007929,-0.599215,0.788768,0.015648,-0.000465,-0.000749,-0.681006,-1.669146,-2.113923,0.134699,0.130868,0.131879,0.000827,0.000575,0.000742,0.000000,0.000000,0.000000,0.000000,0.000000,0.000000,0.000005,0.000004,0.000003,65.854874,247.190948,124.950188,10.708127,0.297491,68.052261,6.383467,6.379753,6.380662,0.010822,0.010564,0.010719,0
37036.931,1545870.125000,5088058.500000,3510384.750000,-56.109467,11.037189,40.980709,0.136832,0.008053,-0.599047,0.788895,0.015648,-0.000465,-0.000749,-0.681006,-1.669146,-2.113923,0.134767,0.130928,0.131944,0.000827,0.000575,0.000743,0.000000,0.000000,0.000000,0.000000,0.000000,0.000000,0.000005,0.000004,0.000003,65.854874,247.190948,124.950188,10.708127,0.297491,68.052261,6.383467,6.379753,6.380662,0.010822,0.010564,0.010719,0
37036.938,1545870.000000,5088058.500000,3510384.250000,-56.159840,11.052696,41.022358,0.136824,0.008176,-0.598876,0.789025,0.015648,-0.000465,-0.000749,-0.681006,-1.669146,-2.113923,0.134835,0.130988,0.132009,0.000828,0.000576,0.000744,0.000000,0.000000,0.000000,0.000000,0.000000,0.000000,0.000005,0.000004,0.000003,65.854874,247.190948,124.950188,10.708127,0.297491,68.052261,6.383467,6.379753,6.380662,0.010822,0.010564,0.010719,0
37036.945,1545869.875000,5088058.500000,3510383.750000,-56.209965,11.068272,41.064034,0.136820,0.008294,-0.598706,0.789153,0.015648,-0.000465,-0.000749,-0.681006,-1.669146,-2.113923,0.134903,0.131048,0.132075,0.000829,0.000576,0.000744,0.000000,0.000000,0.000000,0.000000,0.000000,0.000000,0.000005,0.000004,0.000003,65.854874,247.190948,124.950188,10.708127,0.297491,68.052261,6.383467,6.379753,6.380662,0.010822,0.010564,0.010719,0
37036.952,1545869.875000,5088058.500000,3510383.250000,-56.260071,11.083608,41.105759,0.136807,0.008422,-0.598534,0.789284,0.015648,-0.000465,-0.000749,-0.681006,-1.669146,-2.113923,0.134971,0.131108,0.132140,0.000830,0.000577,0.000745,0.000000,0.000000,0.000000,0.000000,0.000000,0.000000,0.000005,0.000004,0.000003,65.854874,247.190948,124.950188,10.708127,0.297491,68.052261,6.383467,6.379753,6.380662,0.010822,0.010564,0.010719,0
37036.959,1545869.750000,5088058.500000,3510382.750000,-56.310833,11.099336,41.147026,0.136805,0.008556,-0.598361,0.789414,0.015648,-0.000465,-0.000749,-0.681006,-1.669146,-2.113923,0.135039,0.131168,0.132206,0.000830,0.000577,0.000746,0.000000,0.000000,0.000000,0.000000,0.000000,0.000000,0.000005,0.000004,0.000003,65.854874,247.190948,124.950188,10.708127,0.297491,68.052261,6.383467,6.379753,6.380662,0.010822,0.010564,0.010719,0
37036.967,1545869.625000,5088058.500000,3510382.250000,-56.361034,11.114856,41.188839,0.136805,0.008680,-0.598191,0.789542,0.015648,-0.000465,-0.000749,-0.681006,-1.669146,-2.113923,0.135107,0.131228,0.132271,0.000831,0.000578,0.000747,0.000000,0.000000,0.000000,0.000000,0.000000,0.000000,0.000005,0.000004,0.000003,65.854874,247.190948,124.950188,10.708127,0.297491,68.052261,6.383467,6.379753,6.380662,0.010822,0.010564,0.010719,0
37037.065,1545868.500000,5088058.500000,3510375.250000,-57.050308,11.327400,41.759823,0.136723,0.010371,-0.595826,0.791322,0.015648,-0.000465,-0.000749,-0.681006,-1.669146,-2.113923,0.136050,0.132057,0.133177,0.000842,0.000585,0.000759,0.000000,0.000000,0.000000,0.000000,0.000000,0.000000,0.000005,0.000004,0.000003,65.854874,247.190948,124.950188,10.708127,0.297491,68.052261,6.383467,6.379753,6.380662,0.010822,0.010564,0.010719,0
37037.072,1545868.500000,5088058.500000,3510374.750000,-57.100746,11.343327,41.801495,0.136722,0.010500,-0.595654,0.791450,0.015648,-0.000465,-0.000749,-0.681006,-1.669146,-2.113923,0.136120,0.132119,0.133244,0.000843,0.000585,0.000760,0.000000,0.000000,0.000000,0.000000,0.000000,0.000000,0.000005,0.000004,0.000003,65.854874,247.190948,124.950188,10.708127,0.297491,68.052261,6.383467,6.379753,6.380662,0.010822,0.010564,0.010719,0
37037.079,1545868.375000,5088058.500000,3510374.250000,-57.151211,11.359151,41.843399,0.136721,0.010625,-0.595476,0.791582,0.015648,-0.000465,-0.000749,-0.681006,-1.669146,-2.113923,0.136190,0.132180,0.133311,0.000844,0.000586,0.000760,0.000000,0.000000,0.000000,0.000000,0.000000,0.000000,0.000005,0.000004,0.000003,65.854874,247.190948,124.950188,10.708127,0.297491,68.052261,6.383467,6.379753,6.380662,0.010822,0.010564,0.010719,0
37037.086,1545868.250000,5088058.500000,3510373.750000,-57.202320,11.375247,41.886402,0.136722,0.010749,-0.595300,0.791713,0.015648,-0.000465,-0.000749,-0.681006,-1.669146,-2.113923,0.136261,0.132242,0.133379,0.000845,0.000586,0.000761,0.000000,0.000000,0.000000,0.000000,0.000000,0.000000,0.000005,0.000004,0.000003,65.854874,247.190948,124.950188,10.708127,0.297491,68.052261,6.383467,6.379753,6.380662,0.010822,0.010564,0.010719,0
37037.094,1545868.250000,5088058.500000,3510373.250000,-57.253723,11.391145,41.929474,0.136724,0.010875,-0.595122,0.791844,0.015648,-0.000465,-0.000749,-0.681006,-1.669146,-2.113923,0.136332,0.132305,0.133448,0.000846,0.000587,0.000762,0.000000,0.000000,0.000000,0.000000,0.000000,0.000000,0.000005,0.000004,0.000003,65.854874,247.190948,124.950188,10.708127,0.297491,68.052261,6.383467,6.379753,6.380662,0.010822,0.010564,0.010719,0
37037.101,1545868.125000,5088058.500000,3510372.750000,-57.304386,11.406901,41.971455,0.136718,0.010999,-0.594942,0.791979,0.015648,-0.000465,-0.000749,-0.681006,-1.669146,-2.113923,0.136403,0.132366,0.133515,0.000846,0.000587,0.000763,0.000000,0.000000,0.000000,0.000000,0.000000,0.000000,0.000005,0.000004,0.000003,65.854874,247.190948,124.950188,10.708127,0.297491,68.052261,6.383467,6.379753,6.380662,0.010822,0.010564,0.010719,0
37037.108,1545868.000000,5088058.500000,3510372.250000,-57.355263,11.422668,42.014183,0.136714,0.011127,-0.594763,0.792113,0.015648,-0.000465,-0.000749,-0.681006,-1.669146,-2.113923,0.136474,0.132429,0.133583,0.000847,0.000588,0.000764,0.000000,0.000000,0.000000,0.000000,0.000000,0.000000,0.000005,0.000004,0.000003,65.854874,247.190948,124.950188,10.708127,0.297491,68.052261,6.383467,6.379753,6.380662,0.010822,0.010564,0.010719,0
37037.115,1545867.875000,5088058.500000,3510371.750000,-57.405582,11.438532,42.056053,0.136711,0.011245,-0.594586,0.792244,0.015648,-0.000465,-0.000749,-0.681006,-1.669146,-2.113923,0.136544,0.132490,0.133651,0.000848,0.000588,0.000765,0.000000,0.000000,0.000000,0.000000,0.000000,0.000000,0.000005,0.000004,0.000003,65.854874,247.190948,124.950188,10.708127,0.297491,68.052261,6.383467,6.379753,6.380662,0.010822,0.010564,0.010719,0
37037.123,1545867.875000,5088058.500000,3510371.250000,-57.457104,11.454747,42.098602,0.136704,0.011368,-0.594404,0.792381,0.015648,-0.000465,-0.000749,-0.681006,-1.669146,-2.113923,0.136616,0.132553,0.133720,0.000849,0.000589,0.000766,0.000000,0.000000,0.000000,0.000000,0.000000,0.000000,0.000005,0.000004,0.000003,65.854874,247.190948,124.950188,10.708127,0.297491,68.052261,6.383467,6.379753,6.380662,0.010822,0.010564,0.010719,0
37037.130,1545867.750000,5088058.500000,3510370.750000,-57.507675,11.470490,42.141075,0.136703,0.011498,-0.594224,0.792514,0.015648,-0.000465,-0.000749,-0.681006,-1.669146,-2.113923,0.136686,0.132615,0.133787,0.000850,0.000589,0.000766,0.000000,0.000000,0.000000,0.000000,0.000000,0.000000,0.000005,0.000004,0.000003,65.854874,247.190948,124.950188,10.708127,0.297491,68.052261,6.383467,6.379753,6.380662,0.010822,0.010564,0.010719,0
37037.137,1545867.625000,5088058.500000,3510370.250000,-57.559196,11.486635,42.183552,0.136701,0.011629,-0.594050,0.792643,0.015648,-0.000465,-0.000749,-0.681006,-1.669146,-2.113923,0.136758,0.132678,0.133856,0.000850,0.000590,0.000767,0.000000,0.000000,0.000000,0.000000,0.000000,0.000000,0.000005,0.000004,0.000003,65.854874,247.190948,124.950188,10.708127,0.297491,68.052261,6.383467,6.379753,6.380662,0.010822,0.010564,0.010719,0
37037.145,1545867.625000,5088058.500000,3510369.500000,-57.610493,11.502505,42.226334,0.136691,0.011757,-0.593871,0.792776,0.015648,-0.000465,-0.000749,-0.681006,-1.669146,-2.113923,0.136830,0.132740,0.133925,0.000851,0.000590,0.000768,0.000000,0.000000,0.000000,0.000000,0.000000,0.000000,0.000005,0.000004,0.000003,65.854874,247.190948,124.950188,10.708127,0.297491,68.052261,6.383467,6.379753,6.380662,0.010822,0.010564,0.010719,0
37037.167,1545873.375000,5088062.000000,3510402.250000,-54.025688,10.946198,38.693375,0.145676,0.009908,-0.607453,0.780821,0.016371,-0.000878,-0.000771,-0.728254,-1.592006,-2.182801,0.131954,0.128467,0.129264,0.000783,0.000555,0.000712,0.000000,0.000000,0.000000,0.000000,0.000000,0.000000,0.000005,0.000004,0.000003,70.475754,243.950256,154.801956,11.958287,-0.208638,71.359962,6.386830,6.382740,6.383925,0.010851,0.010590,0.010768,0
37037.174,1545873.250000,5088062.000000,3510401.750000,-54.074963,10.961798,38.734192,0.145672,0.010042,-0.607279,0.780955,0.016371,-0.000878,-0.000771,-0.728254,-1.592006,-2.182801,0.132020,0.128525,0.129327,0.000784,0.000555,0.000713,0.000000,0.000000,0.000000,0.000000,0.000000,0.000000,0.000005,0.000004,0.000003,70.475754,243.950256,154.801956,11.958287,-0.208638,71.359962,6.386830,6.382740,6.383925,0.010851,0.010590,0.010768,0
37037.181,1545873.125000,5088062.000000,3510401.250000,-54.123989,10.977021,38.774139,0.145670,0.010170,-0.607108,0.781087,0.016371,-0.000878,-0.000771,-0.728254,-1.592006,-2.182801,0.132084,0.128583,0.129389,0.000785,0.000556,0.000714,0.000000,0.000000,0.000000,0.000000,0.000000,0.000000,0.000005,0.000004,0.000003,70.475754,243.950256,154.801956,11.958287,-0.208638,71.359962,6.386830,6.382740,6.383925,0.010851,0.010590,0.010768,0
37037.189,1545873.125000,5088062.000000,3510400.750000,-54.173489,10.992499,38.815136,0.145666,0.010294,-0.606935,0.781220,0.016371,-0.000878,-0.000771,-0.728254,-1.592006,-2.182801,0.132149,0.128642,0.129452,0.000785,0.000556,0.000714,0.000000,0.000000,0.000000,0.000000,0.000000,0.000000,0.000005,0.000004,0.000003,70.475754,243.950256,154.801956,11.958287,-0.208638,71.359962,6.386830,6.382740,6.383925,0.010851,0.010590,0.010768,0
37037.196,1545873.000000,5088062.000000,3510400.250000,-54.222328,11.007947,38.855343,0.145656,0.010414,-0.606766,0.781352,0.016371,-0.000878,-0.000771,-0.728254,-1.592006,-2.182801,0.132214,0.128699,0.129514,0.000786,0.000557,0.000715,0.000000,0.000000,0.000000,0.000000,0.000000,0.000000,0.000005,0.000004,0.000003,70.475754,243.950256,154.801956,11.958287,-0.208638,71.359962,6.386830,6.382740,6.383925,0.010851,0.010590,0.010768,0
37037.203,1545873.000000,5088062.000000,3510400.000000,-54.271091,11.023362,38.895782,0.145647,0.010538,-0.606590,0.781488,0.016371,-0.000878,-0.000771,-0.728254,-1.592006,-2.182801,0.132279,0.128757,0.129577,0.000787,0.000557,0.000716,0.000000,0.000000,0.000000,0.000000,0.000000,0.000000,0.000005,0.000004,0.000003,70.475754,243.950256,154.801956,11.958287,-0.208638,71.359962,6.386830,6.382740,6.383925,0.010851,0.010590,0.010768,0
37037.210,1545872.875000,5088062.000000,3510399.500000,-54.320930,11.038893,38.936886,0.145640,0.010664,-0.606420,0.781620,0.016371,-0.000878,-0.000771,-0.728254,-1.592006,-2.182801,0.132344,0.128816,0.129640,0.000788,0.000558,0.000717,0.000000,0.000000,0.000000,0.000000,0.000000,0.000000,0.000005,0.000004,0.000003,70.475754,243.950256,154.801956,11.958287,-0.208638,71.359962,6.386830,6.382740,6.383925,0.010851,0.010590,0.010768,0
37037.218,1545872.750000,5088062.000000,3510399.000000,-54.369629,11.054161,38.977379,0.145631,0.010789,-0.606260,0.781744,0.016371,-0.000878,-0.000771,-0.728254,-1.592006,-2.182801,0.132409,0.128874,0.129703,0.000788,0.000558,0.000718,0.000000,0.000000,0.000000,0.000000,0.000000,0.000000,0.000005,0.000004,0.000003,70.475754,243.950256,154.801956,11.958287,-0.208638,71.359962,6.386830,6.382740,6.383925,0.010851,0.010590,0.010768,0
37037.225,1545872.750000,5088062.000000,3510398.500000,-54.419308,11.069748,39.018059,0.145629,0.010915,-0.606083,0.781880,0.016371,-0.000878,-0.000771,-0.728254,-1.592006,-2.182801,0.132475,0.128933,0.129766,0.000789,0.000559,0.000718,0.000000,0.000000,0.000000,0.000000,0.000000,0.000000,0.000005,0.000004,0.000003,70.475754,243.950256,154.801956,11.958287,-0.208638,71.359962,6.386830,6.382740,6.383925,0.010851,0.010590,0.010768,0
37037.232,1545872.625000,5088062.000000,3510398.000000,-54.468548,11.085284,39.058098,0.145632,0.011054,-0.605913,0.782010,0.016371,-0.000878,-0.000771,-0.728254,-1.592006,-2.182801,0.132540,0.128991,0.129829,0.000790,0.000559,0.000719,0.000000,0.000000,0.000000,0.000000,0.000000,0.000000,0.000005,0.000004,0.000003,70.475754,243.950256,154.801956,11.958287,-0.208638,71.359962,6.386830,6.382740,6.383925,0.010851,0.010590,0.010768,0
37037.239,1545872.500000,5088062.000000,3510397.500000,-54.517319,11.100757,39.098637,0.145630,0.011173,-0.605740,0.782142,0.016371,-0.000878,-0.000771,-0.728254,-1.592006,-2.182801,0.132605,0.129050,0.129892,0.000791,0.000560,0.000720,0.000000,0.000000,0.000000,0.000000,0.000000,0.000000,0.000005,0.000004,0.000003,70.475754,243.950256,154.801956,11.958287,-0.208638,71.359962,6.386830,6.382740,6.383925,0.010851,0.010590,0.010768,0
37037.332,1545876.875000,5088064.500000,3510421.250000,-51.794338,10.732365,36.403595,0.153442,0.010796,-0.615929,0.772639,0.017013,-0.001243,-0.000791,-0.770035,-1.523375,-2.247295,0.128793,0.125640,0.126234,0.000738,0.000532,0.000678,0.000000,0.000000,0.000000,0.000000,0.000000,0.000000,0.000005,0.000004,0.000003,65.763313,240.698547,128.373672,11.364559,-0.940566,67.243675,6.382802,6.379226,6.380083,0.010793,0.010561,0.010723,0
37037.340,1545876.875000,5088064.500000,3510420.750000,-51.841934,10.747750,36.442375,0.153441,0.010923,-0.615770,0.772764,0.017013,-0.001243,-0.000791,-0.770035,-1.523375,-2.247295,0.128853,0.125695,0.126293,0.000739,0.000533,0.000679,0.000000,0.000000,0.000000,0.000000,0.000000,0.000000,0.000005,0.000004,0.000003,65.763313,240.698547,128.373672,11.364559,-0.940566,67.243675,6.382802,6.379226,6.380083,0.010793,0.010561,0.010723,0
37037.347,1545876.750000,5088064.500000,3510420.500000,-51.889359,10.762896,36.481441,0.153438,0.011053,-0.615602,0.772896,0.017013,-0.001243,-0.000791,-0.770035,-1.523375,-2.247295,0.128913,0.125750,0.126352,0.000740,0.000533,0.000680,0.000000,0.000000,0.000000,0.000000,0.000000,0.000000,0.000005,0.000004,0.000003,65.763313,240.698547,128.373672,11.364559,-0.940566,67.243675,6.382802,6.379226,6.380083,0.010793,0.010561,0.010723,0
37037.354,1545876.625000,5088064.500000,3510420.000000,-51.936634,10.778024,36.520535,0.153437,0.011186,-0.615435,0.773027,0.017013,-0.001243,-0.000791,-0.770035,-1.523375,-2.247295,0.128974,0.125805,0.126410,0.000740,0.000534,0.000680,0.000000,0.000000,0.000000,0.000000,0.000000,0.000000,0.000005,0.000004,0.000003,65.763313,240.698547,128.373672,11.364559,-0.940566,67.243675,6.382802,6.379226,6.380083,0.010793,0.010561,0.010723,0
37037.361,1545876.625000,5088064.500000,3510419.500000,-51.984764,10.793284,36.560101,0.153437,0.011318,-0.615265,0.773161,0.017013,-0.001243,-0.000791,-0.770035,-1.523375,-2.247295,0.129035,0.125861,0.126470,0.000741,0.000534,0.000681,0.000000,0.000000,0.000000,0.000000,0.000000,0.000000,0.000005,0.000004,0.000003,65.763313,240.698547,128.373672,11.364559,-0.940566,67.243675,6.382802,6.379226,6.380083,0.010793,0.010561,0.010723,0
37037.368,1545876.500000,5088064.500000,3510419.000000,-52.032288,10.808451,36.599228,0.153427,0.011443,-0.615099,0.773293,0.017013,-0.001243,-0.000791,-0.770035,-1.523375,-2.247295,0.129096,0.125916,0.126529,0.000742,0.000535,0.000682,0.000000,0.000000,0.000000,0.000000,0.000000,0.000000,0.000005,0.000004,0.000003,65.763313,240.698547,128.373672,11.364559,-0.940566,67.243675,6.382802,6.379226,6.380083,0.010793,0.010561,0.010723,0
37037.376,1545876.375000,5088064.500000,3510418.500000,-52.081154,10.823886,36.639057,0.153423,0.011576,-0.614936,0.773422,0.017013,-0.001243,-0.000791,-0.770035,-1.523375,-2.247295,0.129159,0.125973,0.126590,0.000742,0.000535,0.000683,0.000000,0.000000,0.000000,0.000000,0.000000,0.000000,0.000005,0.000004,0.000003,65.763313,240.698547,128.373672,11.364559,-0.940566,67.243675,6.382802,6.379226,6.380083,0.010793,0.010561,0.010723,0
